rok,mesic,kraj_kod,kraj_nazev,diagnoza,diagnoza_nazev,vek_kod,vek_nazev,pohlavi,EWS,pocet_pripadu
2022,6,CZ071,Olomoucký kraj,A03,Shigelóza,66015019,15–19 let,M,0,1
2022,6,CZ071,Olomoucký kraj,A04,Jiné bakteriální střevní infekce,66000000,0 let,M,0,9
2022,6,CZ071,Olomoucký kraj,A04,Jiné bakteriální střevní infekce,66000000,0 let,Z,0,4
2022,6,CZ071,Olomoucký kraj,A04,Jiné bakteriální střevní infekce,66001004,1–4 roky,M,0,28
2022,6,CZ071,Olomoucký kraj,A04,Jiné bakteriální střevní infekce,66001004,1–4 roky,Z,0,18
2022,6,CZ071,Olomoucký kraj,A04,Jiné bakteriální střevní infekce,66005009,5–9 let,M,0,7
2022,6,CZ071,Olomoucký kraj,A04,Jiné bakteriální střevní infekce,66005009,5–9 let,Z,0,5
2022,6,CZ071,Olomoucký kraj,A04,Jiné bakteriální střevní infekce,66010014,10–14 let,M,0,12
2022,6,CZ071,Olomoucký kraj,A04,Jiné bakteriální střevní infekce,66010014,10–14 let,Z,0,7
2022,6,CZ071,Olomoucký kraj,A04,Jiné bakteriální střevní infekce,66015019,15–19 let,M,0,11
2022,6,CZ071,Olomoucký kraj,A04,Jiné bakteriální střevní infekce,66015019,15–19 let,Z,0,6
2022,6,CZ071,Olomoucký kraj,A04,Jiné bakteriální střevní infekce,66020024,20–24 let,M,0,5
2022,6,CZ071,Olomoucký kraj,A04,Jiné bakteriální střevní infekce,66020024,20–24 let,Z,0,2
2022,6,CZ071,Olomoucký kraj,A04,Jiné bakteriální střevní infekce,66025029,25–29 let,M,0,4
2022,6,CZ071,Olomoucký kraj,A04,Jiné bakteriální střevní infekce,66025029,25–29 let,Z,0,1
2022,6,CZ071,Olomoucký kraj,A04,Jiné bakteriální střevní infekce,66030034,30–34 let,M,0,1
2022,6,CZ071,Olomoucký kraj,A04,Jiné bakteriální střevní infekce,66030034,30–34 let,Z,0,3
2022,6,CZ071,Olomoucký kraj,A04,Jiné bakteriální střevní infekce,66035039,35–39 let,M,0,1
2022,6,CZ071,Olomoucký kraj,A04,Jiné bakteriální střevní infekce,66035039,35–39 let,Z,0,1
2022,6,CZ071,Olomoucký kraj,A04,Jiné bakteriální střevní infekce,66040044,40–44 let,M,0,5
2022,6,CZ071,Olomoucký kraj,A04,Jiné bakteriální střevní infekce,66040044,40–44 let,Z,0,3
2022,6,CZ071,Olomoucký kraj,A04,Jiné bakteriální střevní infekce,66045049,45–49 let,M,0,6
2022,6,CZ071,Olomoucký kraj,A04,Jiné bakteriální střevní infekce,66045049,45–49 let,Z,0,3
2022,6,CZ071,Olomoucký kraj,A04,Jiné bakteriální střevní infekce,66050054,50–54 let,M,0,2
2022,6,CZ071,Olomoucký kraj,A04,Jiné bakteriální střevní infekce,66050054,50–54 let,Z,0,4
2022,6,CZ071,Olomoucký kraj,A04,Jiné bakteriální střevní infekce,66055059,55–59 let,M,0,5
2022,6,CZ071,Olomoucký kraj,A04,Jiné bakteriální střevní infekce,66055059,55–59 let,Z,0,2
2022,6,CZ071,Olomoucký kraj,A04,Jiné bakteriální střevní infekce,66060064,60–64 let,M,0,1
2022,6,CZ071,Olomoucký kraj,A04,Jiné bakteriální střevní infekce,66060064,60–64 let,Z,0,1
2022,6,CZ071,Olomoucký kraj,A04,Jiné bakteriální střevní infekce,66065069,65–69 let,M,0,1
2022,6,CZ071,Olomoucký kraj,A04,Jiné bakteriální střevní infekce,66070074,70–74 let,M,0,2
2022,6,CZ071,Olomoucký kraj,A04,Jiné bakteriální střevní infekce,66070074,70–74 let,Z,0,3
2022,6,CZ071,Olomoucký kraj,A04,Jiné bakteriální střevní infekce,66075999,75+ let,M,0,5
2022,6,CZ071,Olomoucký kraj,A04,Jiné bakteriální střevní infekce,66075999,75+ let,Z,0,2
2022,6,CZ071,Olomoucký kraj,A08,Střevní infekce viry a jinými určenými mikroorganismy,66000000,0 let,M,0,9
2022,6,CZ071,Olomoucký kraj,A08,Střevní infekce viry a jinými určenými mikroorganismy,66000000,0 let,Z,0,6
2022,6,CZ071,Olomoucký kraj,A08,Střevní infekce viry a jinými určenými mikroorganismy,66001004,1–4 roky,M,0,24
2022,6,CZ071,Olomoucký kraj,A08,Střevní infekce viry a jinými určenými mikroorganismy,66001004,1–4 roky,Z,0,21
2022,6,CZ071,Olomoucký kraj,A08,Střevní infekce viry a jinými určenými mikroorganismy,66005009,5–9 let,M,0,5
2022,6,CZ071,Olomoucký kraj,A08,Střevní infekce viry a jinými určenými mikroorganismy,66005009,5–9 let,Z,0,11
2022,6,CZ071,Olomoucký kraj,A08,Střevní infekce viry a jinými určenými mikroorganismy,66010014,10–14 let,M,0,2
2022,6,CZ071,Olomoucký kraj,A08,Střevní infekce viry a jinými určenými mikroorganismy,66030034,30–34 let,M,0,3
2022,6,CZ071,Olomoucký kraj,A08,Střevní infekce viry a jinými určenými mikroorganismy,66030034,30–34 let,Z,0,1
2022,6,CZ071,Olomoucký kraj,A08,Střevní infekce viry a jinými určenými mikroorganismy,66040044,40–44 let,M,0,1
2022,6,CZ071,Olomoucký kraj,A08,Střevní infekce viry a jinými určenými mikroorganismy,66045049,45–49 let,M,0,2
2022,6,CZ071,Olomoucký kraj,A08,Střevní infekce viry a jinými určenými mikroorganismy,66075999,75+ let,Z,0,4
2022,6,CZ071,Olomoucký kraj,A28,Další bakteriální zoonózy nezařazené jinde,66010014,10–14 let,M,0,1
2022,6,CZ071,Olomoucký kraj,A32,Listerióza [listeriosis],66075999,75+ let,M,0,1
2022,6,CZ071,Olomoucký kraj,A38,Spála [scarlatina],66001004,1–4 roky,M,0,3
2022,6,CZ071,Olomoucký kraj,A38,Spála [scarlatina],66005009,5–9 let,M,0,2
2022,6,CZ071,Olomoucký kraj,A38,Spála [scarlatina],66005009,5–9 let,Z,0,1
2022,6,CZ071,Olomoucký kraj,A38,Spála [scarlatina],66010014,10–14 let,M,0,1
2022,6,CZ071,Olomoucký kraj,A40,Streptokoková sepse,66075999,75+ let,Z,0,1
2022,6,CZ071,Olomoucký kraj,A46,Růže – erysipel,66045049,45–49 let,Z,0,2
2022,6,CZ071,Olomoucký kraj,A46,Růže – erysipel,66050054,50–54 let,M,0,2
2022,6,CZ071,Olomoucký kraj,A46,Růže – erysipel,66065069,65–69 let,M,0,1
2022,6,CZ071,Olomoucký kraj,A46,Růže – erysipel,66070074,70–74 let,Z,0,1
2022,6,CZ071,Olomoucký kraj,A46,Růže – erysipel,66075999,75+ let,M,0,1
2022,6,CZ071,Olomoucký kraj,A46,Růže – erysipel,66075999,75+ let,Z,0,4
2022,6,CZ071,Olomoucký kraj,A48,Jiné bakteriální nemoci nezařazené jinde,66050054,50–54 let,M,0,1
2022,6,CZ071,Olomoucký kraj,A56,Jiná chlamydiová onemocnění přenášená pohlavním stykem,66025029,25–29 let,Z,0,3
2022,6,CZ071,Olomoucký kraj,A56,Jiná chlamydiová onemocnění přenášená pohlavním stykem,66030034,30–34 let,Z,0,1
2022,6,CZ071,Olomoucký kraj,A56,Jiná chlamydiová onemocnění přenášená pohlavním stykem,66035039,35–39 let,Z,0,1
2022,6,CZ071,Olomoucký kraj,A56,Jiná chlamydiová onemocnění přenášená pohlavním stykem,66040044,40–44 let,M,0,1
2022,6,CZ071,Olomoucký kraj,A56,Jiná chlamydiová onemocnění přenášená pohlavním stykem,66050054,50–54 let,M,0,1
2022,6,CZ071,Olomoucký kraj,A56,Jiná chlamydiová onemocnění přenášená pohlavním stykem,66055059,55–59 let,Z,0,1
2022,6,CZ071,Olomoucký kraj,A69,Jiné spirochetové infekce,66001004,1–4 roky,Z,0,2
2022,6,CZ071,Olomoucký kraj,A69,Jiné spirochetové infekce,66005009,5–9 let,M,0,1
2022,6,CZ071,Olomoucký kraj,A69,Jiné spirochetové infekce,66005009,5–9 let,Z,0,2
2022,6,CZ071,Olomoucký kraj,A69,Jiné spirochetové infekce,66010014,10–14 let,Z,0,1
2022,6,CZ071,Olomoucký kraj,A69,Jiné spirochetové infekce,66025029,25–29 let,Z,0,1
2022,6,CZ071,Olomoucký kraj,A69,Jiné spirochetové infekce,66030034,30–34 let,M,0,1
2022,6,CZ071,Olomoucký kraj,A69,Jiné spirochetové infekce,66035039,35–39 let,Z,0,1
2022,6,CZ071,Olomoucký kraj,A69,Jiné spirochetové infekce,66040044,40–44 let,M,0,2
2022,6,CZ071,Olomoucký kraj,A69,Jiné spirochetové infekce,66040044,40–44 let,Z,0,2
2022,6,CZ071,Olomoucký kraj,A69,Jiné spirochetové infekce,66045049,45–49 let,M,0,1
2022,6,CZ071,Olomoucký kraj,A69,Jiné spirochetové infekce,66045049,45–49 let,Z,0,3
2022,6,CZ071,Olomoucký kraj,A69,Jiné spirochetové infekce,66050054,50–54 let,M,0,1
2022,6,CZ071,Olomoucký kraj,A69,Jiné spirochetové infekce,66055059,55–59 let,M,0,2
2022,6,CZ071,Olomoucký kraj,A69,Jiné spirochetové infekce,66055059,55–59 let,Z,0,2
2022,6,CZ071,Olomoucký kraj,A69,Jiné spirochetové infekce,66060064,60–64 let,M,0,1
2022,6,CZ071,Olomoucký kraj,A69,Jiné spirochetové infekce,66060064,60–64 let,Z,0,1
2022,6,CZ071,Olomoucký kraj,A69,Jiné spirochetové infekce,66065069,65–69 let,Z,0,2
2022,6,CZ071,Olomoucký kraj,A69,Jiné spirochetové infekce,66070074,70–74 let,M,0,2
2022,6,CZ071,Olomoucký kraj,A69,Jiné spirochetové infekce,66070074,70–74 let,Z,0,1
2022,6,CZ071,Olomoucký kraj,A69,Jiné spirochetové infekce,66075999,75+ let,Z,0,4
2022,6,CZ071,Olomoucký kraj,A84,Virová encefalitida přenášená klíšťaty,66001004,1–4 roky,M,0,1
2022,6,CZ071,Olomoucký kraj,B00,Infekce virem Herpes simplex,66050054,50–54 let,Z,0,1
2022,6,CZ071,Olomoucký kraj,B01,Plané neštovice [varicella],66000000,0 let,M,0,10
2022,6,CZ071,Olomoucký kraj,B01,Plané neštovice [varicella],66000000,0 let,Z,0,10
2022,6,CZ071,Olomoucký kraj,B01,Plané neštovice [varicella],66001004,1–4 roky,M,0,126
2022,6,CZ071,Olomoucký kraj,B01,Plané neštovice [varicella],66001004,1–4 roky,Z,0,144
2022,6,CZ071,Olomoucký kraj,B01,Plané neštovice [varicella],66005009,5–9 let,M,0,148
2022,6,CZ071,Olomoucký kraj,B01,Plané neštovice [varicella],66005009,5–9 let,Z,0,123
2022,6,CZ071,Olomoucký kraj,B01,Plané neštovice [varicella],66010014,10–14 let,M,0,15
2022,6,CZ071,Olomoucký kraj,B01,Plané neštovice [varicella],66010014,10–14 let,Z,0,15
2022,6,CZ071,Olomoucký kraj,B01,Plané neštovice [varicella],66015019,15–19 let,M,0,4
2022,6,CZ071,Olomoucký kraj,B01,Plané neštovice [varicella],66015019,15–19 let,Z,0,2
2022,6,CZ071,Olomoucký kraj,B01,Plané neštovice [varicella],66020024,20–24 let,Z,0,1
2022,6,CZ071,Olomoucký kraj,B01,Plané neštovice [varicella],66025029,25–29 let,Z,0,2
2022,6,CZ071,Olomoucký kraj,B01,Plané neštovice [varicella],66030034,30–34 let,M,0,3
2022,6,CZ071,Olomoucký kraj,B01,Plané neštovice [varicella],66035039,35–39 let,Z,0,1
2022,6,CZ071,Olomoucký kraj,B01,Plané neštovice [varicella],66040044,40–44 let,M,0,2
2022,6,CZ071,Olomoucký kraj,B01,Plané neštovice [varicella],66055059,55–59 let,Z,0,1
2022,6,CZ071,Olomoucký kraj,B02,Pásový opar [herpes zoster],66010014,10–14 let,Z,0,2
2022,6,CZ071,Olomoucký kraj,B02,Pásový opar [herpes zoster],66015019,15–19 let,M,0,1
2022,6,CZ071,Olomoucký kraj,B02,Pásový opar [herpes zoster],66015019,15–19 let,Z,0,2
2022,6,CZ071,Olomoucký kraj,B02,Pásový opar [herpes zoster],66020024,20–24 let,M,0,1
2022,6,CZ071,Olomoucký kraj,B02,Pásový opar [herpes zoster],66025029,25–29 let,Z,0,2
2022,6,CZ071,Olomoucký kraj,B02,Pásový opar [herpes zoster],66035039,35–39 let,Z,0,1
2022,6,CZ071,Olomoucký kraj,B02,Pásový opar [herpes zoster],66040044,40–44 let,M,0,1
2022,6,CZ071,Olomoucký kraj,B02,Pásový opar [herpes zoster],66040044,40–44 let,Z,0,1
2022,6,CZ071,Olomoucký kraj,B02,Pásový opar [herpes zoster],66045049,45–49 let,M,0,1
2022,6,CZ071,Olomoucký kraj,B02,Pásový opar [herpes zoster],66045049,45–49 let,Z,0,1
2022,6,CZ071,Olomoucký kraj,B02,Pásový opar [herpes zoster],66050054,50–54 let,Z,0,2
2022,6,CZ071,Olomoucký kraj,B02,Pásový opar [herpes zoster],66055059,55–59 let,M,0,2
2022,6,CZ071,Olomoucký kraj,B02,Pásový opar [herpes zoster],66055059,55–59 let,Z,0,3
2022,6,CZ071,Olomoucký kraj,B02,Pásový opar [herpes zoster],66065069,65–69 let,M,0,1
2022,6,CZ071,Olomoucký kraj,B02,Pásový opar [herpes zoster],66065069,65–69 let,Z,0,2
2022,6,CZ071,Olomoucký kraj,B02,Pásový opar [herpes zoster],66070074,70–74 let,M,0,2
2022,6,CZ071,Olomoucký kraj,B02,Pásový opar [herpes zoster],66070074,70–74 let,Z,0,1
2022,6,CZ071,Olomoucký kraj,B02,Pásový opar [herpes zoster],66075999,75+ let,M,0,3
2022,6,CZ071,Olomoucký kraj,B02,Pásový opar [herpes zoster],66075999,75+ let,Z,0,5
2022,6,CZ071,Olomoucký kraj,B08,Jiné virové infekce charakterizované postižením kůže a sliznic NJ,66001004,1–4 roky,M,0,8
2022,6,CZ071,Olomoucký kraj,B08,Jiné virové infekce charakterizované postižením kůže a sliznic NJ,66001004,1–4 roky,Z,0,2
2022,6,CZ071,Olomoucký kraj,B08,Jiné virové infekce charakterizované postižením kůže a sliznic NJ,66005009,5–9 let,M,0,1
2022,6,CZ071,Olomoucký kraj,B08,Jiné virové infekce charakterizované postižením kůže a sliznic NJ,66005009,5–9 let,Z,0,5
2022,6,CZ071,Olomoucký kraj,B08,Jiné virové infekce charakterizované postižením kůže a sliznic NJ,66010014,10–14 let,M,0,3
2022,6,CZ071,Olomoucký kraj,B08,Jiné virové infekce charakterizované postižením kůže a sliznic NJ,66015019,15–19 let,Z,0,2
2022,6,CZ071,Olomoucký kraj,B18,Chronická virová hepatitida,66035039,35–39 let,Z,0,1
2022,6,CZ071,Olomoucký kraj,B18,Chronická virová hepatitida,66040044,40–44 let,M,0,1
2022,6,CZ071,Olomoucký kraj,B18,Chronická virová hepatitida,66040044,40–44 let,Z,0,1
2022,6,CZ071,Olomoucký kraj,B18,Chronická virová hepatitida,66060064,60–64 let,M,0,1
2022,6,CZ071,Olomoucký kraj,B26,Příušnice [parotitis epidemica],66001004,1–4 roky,M,0,1
2022,6,CZ071,Olomoucký kraj,B27,Infekční mononukleóza,66001004,1–4 roky,Z,0,1
2022,6,CZ071,Olomoucký kraj,B27,Infekční mononukleóza,66005009,5–9 let,Z,0,2
2022,6,CZ071,Olomoucký kraj,B27,Infekční mononukleóza,66010014,10–14 let,Z,0,2
2022,6,CZ071,Olomoucký kraj,B27,Infekční mononukleóza,66015019,15–19 let,M,0,2
2022,6,CZ071,Olomoucký kraj,B27,Infekční mononukleóza,66015019,15–19 let,Z,0,2
2022,6,CZ071,Olomoucký kraj,B27,Infekční mononukleóza,66020024,20–24 let,M,0,2
2022,6,CZ071,Olomoucký kraj,B27,Infekční mononukleóza,66025029,25–29 let,Z,0,1
2022,6,CZ071,Olomoucký kraj,B27,Infekční mononukleóza,66045049,45–49 let,M,0,1
2022,6,CZ071,Olomoucký kraj,B35,Dermatofytóza,66070074,70–74 let,Z,0,1
2022,6,CZ071,Olomoucký kraj,B58,Toxoplazmóza [toxoplasmosis],66030034,30–34 let,Z,0,1
2022,6,CZ071,Olomoucký kraj,B77,Askarióza [ascariasis],66005009,5–9 let,Z,0,1
2022,6,CZ071,Olomoucký kraj,B80,Enterobióza [enterobiasis],66001004,1–4 roky,M,0,2
2022,6,CZ071,Olomoucký kraj,B80,Enterobióza [enterobiasis],66001004,1–4 roky,Z,0,1
2022,6,CZ071,Olomoucký kraj,B80,Enterobióza [enterobiasis],66005009,5–9 let,M,0,5
2022,6,CZ071,Olomoucký kraj,B80,Enterobióza [enterobiasis],66005009,5–9 let,Z,0,2
2022,6,CZ071,Olomoucký kraj,B80,Enterobióza [enterobiasis],66010014,10–14 let,M,0,4
2022,6,CZ071,Olomoucký kraj,B80,Enterobióza [enterobiasis],66010014,10–14 let,Z,0,2
2022,6,CZ071,Olomoucký kraj,B80,Enterobióza [enterobiasis],66015019,15–19 let,M,0,1
2022,6,CZ071,Olomoucký kraj,B80,Enterobióza [enterobiasis],66015019,15–19 let,Z,0,1
2022,6,CZ071,Olomoucký kraj,B85,"Zavšivení – pedikulóza [pediculosis], ftiriáza [phthiriasis]",66005009,5–9 let,Z,0,1
2022,6,CZ071,Olomoucký kraj,B85,"Zavšivení – pedikulóza [pediculosis], ftiriáza [phthiriasis]",66050054,50–54 let,M,0,1
2022,6,CZ071,Olomoucký kraj,B86,Svrab [scabies],66000000,0 let,Z,0,2
2022,6,CZ071,Olomoucký kraj,B86,Svrab [scabies],66001004,1–4 roky,Z,0,4
2022,6,CZ071,Olomoucký kraj,B86,Svrab [scabies],66005009,5–9 let,M,0,2
2022,6,CZ071,Olomoucký kraj,B86,Svrab [scabies],66005009,5–9 let,Z,0,4
2022,6,CZ071,Olomoucký kraj,B86,Svrab [scabies],66010014,10–14 let,M,0,1
2022,6,CZ071,Olomoucký kraj,B86,Svrab [scabies],66010014,10–14 let,Z,0,5
2022,6,CZ071,Olomoucký kraj,B86,Svrab [scabies],66015019,15–19 let,M,0,2
2022,6,CZ071,Olomoucký kraj,B86,Svrab [scabies],66015019,15–19 let,Z,0,6
2022,6,CZ071,Olomoucký kraj,B86,Svrab [scabies],66020024,20–24 let,M,0,2
2022,6,CZ071,Olomoucký kraj,B86,Svrab [scabies],66020024,20–24 let,Z,0,5
2022,6,CZ071,Olomoucký kraj,B86,Svrab [scabies],66025029,25–29 let,M,0,2
2022,6,CZ071,Olomoucký kraj,B86,Svrab [scabies],66025029,25–29 let,Z,0,1
2022,6,CZ071,Olomoucký kraj,B86,Svrab [scabies],66030034,30–34 let,Z,0,3
2022,6,CZ071,Olomoucký kraj,B86,Svrab [scabies],66035039,35–39 let,M,0,2
2022,6,CZ071,Olomoucký kraj,B86,Svrab [scabies],66035039,35–39 let,Z,0,1
2022,6,CZ071,Olomoucký kraj,B86,Svrab [scabies],66040044,40–44 let,M,0,2
2022,6,CZ071,Olomoucký kraj,B86,Svrab [scabies],66040044,40–44 let,Z,0,1
2022,6,CZ071,Olomoucký kraj,B86,Svrab [scabies],66045049,45–49 let,M,0,4
2022,6,CZ071,Olomoucký kraj,B86,Svrab [scabies],66045049,45–49 let,Z,0,1
2022,6,CZ071,Olomoucký kraj,B86,Svrab [scabies],66050054,50–54 let,M,0,1
2022,6,CZ071,Olomoucký kraj,B86,Svrab [scabies],66050054,50–54 let,Z,0,1
2022,6,CZ071,Olomoucký kraj,B86,Svrab [scabies],66055059,55–59 let,M,0,4
2022,6,CZ071,Olomoucký kraj,B86,Svrab [scabies],66055059,55–59 let,Z,0,1
2022,6,CZ071,Olomoucký kraj,B86,Svrab [scabies],66065069,65–69 let,M,0,1
2022,6,CZ071,Olomoucký kraj,B86,Svrab [scabies],66070074,70–74 let,M,0,1
2022,6,CZ071,Olomoucký kraj,B86,Svrab [scabies],66070074,70–74 let,Z,0,1
2022,6,CZ071,Olomoucký kraj,B86,Svrab [scabies],66075999,75+ let,M,0,1
2022,6,CZ071,Olomoucký kraj,B86,Svrab [scabies],66075999,75+ let,Z,0,3
2022,7,CZ071,Olomoucký kraj,A02,Jiné infekce způsobené salmonelami,66000000,0 let,M,0,2
2022,7,CZ071,Olomoucký kraj,A02,Jiné infekce způsobené salmonelami,66000000,0 let,Z,0,3
2022,7,CZ071,Olomoucký kraj,A02,Jiné infekce způsobené salmonelami,66001004,1–4 roky,M,0,6
2022,7,CZ071,Olomoucký kraj,A02,Jiné infekce způsobené salmonelami,66001004,1–4 roky,Z,0,4
2022,7,CZ071,Olomoucký kraj,A02,Jiné infekce způsobené salmonelami,66005009,5–9 let,M,0,4
2022,7,CZ071,Olomoucký kraj,A02,Jiné infekce způsobené salmonelami,66005009,5–9 let,Z,0,1
2022,7,CZ071,Olomoucký kraj,A02,Jiné infekce způsobené salmonelami,66010014,10–14 let,M,0,2
2022,7,CZ071,Olomoucký kraj,A02,Jiné infekce způsobené salmonelami,66010014,10–14 let,Z,0,1
2022,7,CZ071,Olomoucký kraj,A02,Jiné infekce způsobené salmonelami,66015019,15–19 let,M,0,2
2022,7,CZ071,Olomoucký kraj,A02,Jiné infekce způsobené salmonelami,66015019,15–19 let,Z,0,1
2022,7,CZ071,Olomoucký kraj,A02,Jiné infekce způsobené salmonelami,66020024,20–24 let,M,0,2
2022,7,CZ071,Olomoucký kraj,A02,Jiné infekce způsobené salmonelami,66020024,20–24 let,Z,0,2
2022,7,CZ071,Olomoucký kraj,A02,Jiné infekce způsobené salmonelami,66025029,25–29 let,M,0,1
2022,7,CZ071,Olomoucký kraj,A02,Jiné infekce způsobené salmonelami,66025029,25–29 let,Z,0,1
2022,7,CZ071,Olomoucký kraj,A02,Jiné infekce způsobené salmonelami,66035039,35–39 let,M,0,1
2022,7,CZ071,Olomoucký kraj,A02,Jiné infekce způsobené salmonelami,66040044,40–44 let,M,0,1
2022,7,CZ071,Olomoucký kraj,A02,Jiné infekce způsobené salmonelami,66045049,45–49 let,M,0,2
2022,7,CZ071,Olomoucký kraj,A02,Jiné infekce způsobené salmonelami,66050054,50–54 let,Z,0,2
2022,7,CZ071,Olomoucký kraj,A02,Jiné infekce způsobené salmonelami,66055059,55–59 let,M,0,1
2022,7,CZ071,Olomoucký kraj,A02,Jiné infekce způsobené salmonelami,66060064,60–64 let,Z,0,1
2022,7,CZ071,Olomoucký kraj,A02,Jiné infekce způsobené salmonelami,66065069,65–69 let,Z,0,3
2022,7,CZ071,Olomoucký kraj,A02,Jiné infekce způsobené salmonelami,66070074,70–74 let,M,0,1
2022,7,CZ071,Olomoucký kraj,A02,Jiné infekce způsobené salmonelami,66070074,70–74 let,Z,0,2
2022,7,CZ071,Olomoucký kraj,A02,Jiné infekce způsobené salmonelami,66075999,75+ let,Z,0,1
2022,7,CZ071,Olomoucký kraj,A04,Jiné bakteriální střevní infekce,66000000,0 let,M,0,7
2022,7,CZ071,Olomoucký kraj,A04,Jiné bakteriální střevní infekce,66000000,0 let,Z,0,12
2022,7,CZ071,Olomoucký kraj,A04,Jiné bakteriální střevní infekce,66001004,1–4 roky,M,0,34
2022,7,CZ071,Olomoucký kraj,A04,Jiné bakteriální střevní infekce,66001004,1–4 roky,Z,0,16
2022,7,CZ071,Olomoucký kraj,A04,Jiné bakteriální střevní infekce,66005009,5–9 let,M,0,5
2022,7,CZ071,Olomoucký kraj,A04,Jiné bakteriální střevní infekce,66005009,5–9 let,Z,0,3
2022,7,CZ071,Olomoucký kraj,A04,Jiné bakteriální střevní infekce,66010014,10–14 let,M,0,7
2022,7,CZ071,Olomoucký kraj,A04,Jiné bakteriální střevní infekce,66010014,10–14 let,Z,0,4
2022,7,CZ071,Olomoucký kraj,A04,Jiné bakteriální střevní infekce,66015019,15–19 let,M,0,6
2022,7,CZ071,Olomoucký kraj,A04,Jiné bakteriální střevní infekce,66015019,15–19 let,Z,0,2
2022,7,CZ071,Olomoucký kraj,A04,Jiné bakteriální střevní infekce,66020024,20–24 let,M,0,4
2022,7,CZ071,Olomoucký kraj,A04,Jiné bakteriální střevní infekce,66020024,20–24 let,Z,0,3
2022,7,CZ071,Olomoucký kraj,A04,Jiné bakteriální střevní infekce,66025029,25–29 let,M,0,3
2022,7,CZ071,Olomoucký kraj,A04,Jiné bakteriální střevní infekce,66025029,25–29 let,Z,0,5
2022,7,CZ071,Olomoucký kraj,A04,Jiné bakteriální střevní infekce,66030034,30–34 let,M,0,2
2022,7,CZ071,Olomoucký kraj,A04,Jiné bakteriální střevní infekce,66030034,30–34 let,Z,0,1
2022,7,CZ071,Olomoucký kraj,A04,Jiné bakteriální střevní infekce,66035039,35–39 let,M,0,1
2022,7,CZ071,Olomoucký kraj,A04,Jiné bakteriální střevní infekce,66035039,35–39 let,Z,0,4
2022,7,CZ071,Olomoucký kraj,A04,Jiné bakteriální střevní infekce,66040044,40–44 let,M,0,1
2022,7,CZ071,Olomoucký kraj,A04,Jiné bakteriální střevní infekce,66040044,40–44 let,Z,0,5
2022,7,CZ071,Olomoucký kraj,A04,Jiné bakteriální střevní infekce,66045049,45–49 let,M,0,4
2022,7,CZ071,Olomoucký kraj,A04,Jiné bakteriální střevní infekce,66045049,45–49 let,Z,0,3
2022,7,CZ071,Olomoucký kraj,A04,Jiné bakteriální střevní infekce,66050054,50–54 let,M,0,2
2022,7,CZ071,Olomoucký kraj,A04,Jiné bakteriální střevní infekce,66050054,50–54 let,Z,0,5
2022,7,CZ071,Olomoucký kraj,A04,Jiné bakteriální střevní infekce,66055059,55–59 let,M,0,3
2022,7,CZ071,Olomoucký kraj,A04,Jiné bakteriální střevní infekce,66055059,55–59 let,Z,0,1
2022,7,CZ071,Olomoucký kraj,A04,Jiné bakteriální střevní infekce,66060064,60–64 let,M,0,2
2022,7,CZ071,Olomoucký kraj,A04,Jiné bakteriální střevní infekce,66060064,60–64 let,Z,0,5
2022,7,CZ071,Olomoucký kraj,A04,Jiné bakteriální střevní infekce,66065069,65–69 let,M,0,1
2022,7,CZ071,Olomoucký kraj,A04,Jiné bakteriální střevní infekce,66065069,65–69 let,Z,0,3
2022,7,CZ071,Olomoucký kraj,A04,Jiné bakteriální střevní infekce,66070074,70–74 let,M,0,3
2022,7,CZ071,Olomoucký kraj,A04,Jiné bakteriální střevní infekce,66070074,70–74 let,Z,0,3
2022,7,CZ071,Olomoucký kraj,A04,Jiné bakteriální střevní infekce,66075999,75+ let,M,0,4
2022,7,CZ071,Olomoucký kraj,A04,Jiné bakteriální střevní infekce,66075999,75+ let,Z,0,13
2022,7,CZ071,Olomoucký kraj,A08,Střevní infekce viry a jinými určenými mikroorganismy,66000000,0 let,M,0,6
2022,7,CZ071,Olomoucký kraj,A08,Střevní infekce viry a jinými určenými mikroorganismy,66000000,0 let,Z,0,9
2022,7,CZ071,Olomoucký kraj,A08,Střevní infekce viry a jinými určenými mikroorganismy,66001004,1–4 roky,M,0,24
2022,7,CZ071,Olomoucký kraj,A08,Střevní infekce viry a jinými určenými mikroorganismy,66001004,1–4 roky,Z,0,21
2022,7,CZ071,Olomoucký kraj,A08,Střevní infekce viry a jinými určenými mikroorganismy,66005009,5–9 let,M,0,6
2022,7,CZ071,Olomoucký kraj,A08,Střevní infekce viry a jinými určenými mikroorganismy,66005009,5–9 let,Z,0,12
2022,7,CZ071,Olomoucký kraj,A08,Střevní infekce viry a jinými určenými mikroorganismy,66010014,10–14 let,M,0,1
2022,7,CZ071,Olomoucký kraj,A08,Střevní infekce viry a jinými určenými mikroorganismy,66010014,10–14 let,Z,0,2
2022,7,CZ071,Olomoucký kraj,A08,Střevní infekce viry a jinými určenými mikroorganismy,66015019,15–19 let,Z,0,2
2022,7,CZ071,Olomoucký kraj,A08,Střevní infekce viry a jinými určenými mikroorganismy,66065069,65–69 let,M,0,2
2022,7,CZ071,Olomoucký kraj,A08,Střevní infekce viry a jinými určenými mikroorganismy,66065069,65–69 let,Z,0,1
2022,7,CZ071,Olomoucký kraj,A08,Střevní infekce viry a jinými určenými mikroorganismy,66075999,75+ let,M,0,1
2022,7,CZ071,Olomoucký kraj,A08,Střevní infekce viry a jinými určenými mikroorganismy,66075999,75+ let,Z,0,2
2022,7,CZ071,Olomoucký kraj,A40,Streptokoková sepse,66070074,70–74 let,Z,0,1
2022,7,CZ071,Olomoucký kraj,A46,Růže – erysipel,66045049,45–49 let,M,0,1
2022,7,CZ071,Olomoucký kraj,A46,Růže – erysipel,66045049,45–49 let,Z,0,2
2022,7,CZ071,Olomoucký kraj,A46,Růže – erysipel,66055059,55–59 let,M,0,2
2022,7,CZ071,Olomoucký kraj,A46,Růže – erysipel,66060064,60–64 let,M,0,1
2022,7,CZ071,Olomoucký kraj,A46,Růže – erysipel,66065069,65–69 let,M,0,1
2022,7,CZ071,Olomoucký kraj,A46,Růže – erysipel,66065069,65–69 let,Z,0,2
2022,7,CZ071,Olomoucký kraj,A46,Růže – erysipel,66070074,70–74 let,M,0,1
2022,7,CZ071,Olomoucký kraj,A46,Růže – erysipel,66070074,70–74 let,Z,0,1
2022,7,CZ071,Olomoucký kraj,A46,Růže – erysipel,66075999,75+ let,Z,0,3
2022,7,CZ071,Olomoucký kraj,A48,Jiné bakteriální nemoci nezařazené jinde,66060064,60–64 let,M,0,1
2022,7,CZ071,Olomoucký kraj,A48,Jiné bakteriální nemoci nezařazené jinde,66065069,65–69 let,M,0,1
2022,7,CZ071,Olomoucký kraj,A48,Jiné bakteriální nemoci nezařazené jinde,66075999,75+ let,M,0,1
2022,7,CZ071,Olomoucký kraj,A56,Jiná chlamydiová onemocnění přenášená pohlavním stykem,66015019,15–19 let,M,0,1
2022,7,CZ071,Olomoucký kraj,A56,Jiná chlamydiová onemocnění přenášená pohlavním stykem,66015019,15–19 let,Z,0,1
2022,7,CZ071,Olomoucký kraj,A56,Jiná chlamydiová onemocnění přenášená pohlavním stykem,66020024,20–24 let,Z,0,1
2022,7,CZ071,Olomoucký kraj,A56,Jiná chlamydiová onemocnění přenášená pohlavním stykem,66030034,30–34 let,M,0,1
2022,7,CZ071,Olomoucký kraj,A56,Jiná chlamydiová onemocnění přenášená pohlavním stykem,66045049,45–49 let,Z,0,1
2022,7,CZ071,Olomoucký kraj,A69,Jiné spirochetové infekce,66001004,1–4 roky,Z,0,1
2022,7,CZ071,Olomoucký kraj,A69,Jiné spirochetové infekce,66005009,5–9 let,M,0,2
2022,7,CZ071,Olomoucký kraj,A69,Jiné spirochetové infekce,66005009,5–9 let,Z,0,3
2022,7,CZ071,Olomoucký kraj,A69,Jiné spirochetové infekce,66010014,10–14 let,Z,0,1
2022,7,CZ071,Olomoucký kraj,A69,Jiné spirochetové infekce,66020024,20–24 let,M,0,1
2022,7,CZ071,Olomoucký kraj,A69,Jiné spirochetové infekce,66035039,35–39 let,Z,0,1
2022,7,CZ071,Olomoucký kraj,A69,Jiné spirochetové infekce,66045049,45–49 let,Z,0,1
2022,7,CZ071,Olomoucký kraj,A69,Jiné spirochetové infekce,66050054,50–54 let,M,0,1
2022,7,CZ071,Olomoucký kraj,A69,Jiné spirochetové infekce,66055059,55–59 let,M,0,3
2022,7,CZ071,Olomoucký kraj,A69,Jiné spirochetové infekce,66060064,60–64 let,M,0,2
2022,7,CZ071,Olomoucký kraj,A69,Jiné spirochetové infekce,66060064,60–64 let,Z,0,4
2022,7,CZ071,Olomoucký kraj,A69,Jiné spirochetové infekce,66065069,65–69 let,M,0,1
2022,7,CZ071,Olomoucký kraj,A69,Jiné spirochetové infekce,66070074,70–74 let,M,0,2
2022,7,CZ071,Olomoucký kraj,A69,Jiné spirochetové infekce,66070074,70–74 let,Z,0,2
2022,7,CZ071,Olomoucký kraj,A69,Jiné spirochetové infekce,66075999,75+ let,Z,0,2
2022,7,CZ071,Olomoucký kraj,A79,Jiné rickettsiózy,66025029,25–29 let,M,0,1
2022,7,CZ071,Olomoucký kraj,A84,Virová encefalitida přenášená klíšťaty,66040044,40–44 let,M,0,1
2022,7,CZ071,Olomoucký kraj,A84,Virová encefalitida přenášená klíšťaty,66050054,50–54 let,M,0,1
2022,7,CZ071,Olomoucký kraj,A84,Virová encefalitida přenášená klíšťaty,66050054,50–54 let,Z,0,1
2022,7,CZ071,Olomoucký kraj,A84,Virová encefalitida přenášená klíšťaty,66070074,70–74 let,M,0,1
2022,7,CZ071,Olomoucký kraj,A87,Virová meningitida,66040044,40–44 let,M,0,1
2022,7,CZ071,Olomoucký kraj,B00,Infekce virem Herpes simplex,66020024,20–24 let,Z,0,1
2022,7,CZ071,Olomoucký kraj,B01,Plané neštovice [varicella],66000000,0 let,M,0,8
2022,7,CZ071,Olomoucký kraj,B01,Plané neštovice [varicella],66000000,0 let,Z,0,8
2022,7,CZ071,Olomoucký kraj,B01,Plané neštovice [varicella],66001004,1–4 roky,M,0,88
2022,7,CZ071,Olomoucký kraj,B01,Plané neštovice [varicella],66001004,1–4 roky,Z,0,74
2022,7,CZ071,Olomoucký kraj,B01,Plané neštovice [varicella],66005009,5–9 let,M,0,60
2022,7,CZ071,Olomoucký kraj,B01,Plané neštovice [varicella],66005009,5–9 let,Z,0,65
2022,7,CZ071,Olomoucký kraj,B01,Plané neštovice [varicella],66010014,10–14 let,M,0,9
2022,7,CZ071,Olomoucký kraj,B01,Plané neštovice [varicella],66010014,10–14 let,Z,0,4
2022,7,CZ071,Olomoucký kraj,B01,Plané neštovice [varicella],66015019,15–19 let,M,0,2
2022,7,CZ071,Olomoucký kraj,B01,Plané neštovice [varicella],66015019,15–19 let,Z,0,2
2022,7,CZ071,Olomoucký kraj,B01,Plané neštovice [varicella],66020024,20–24 let,Z,0,1
2022,7,CZ071,Olomoucký kraj,B01,Plané neštovice [varicella],66025029,25–29 let,Z,0,1
2022,7,CZ071,Olomoucký kraj,B01,Plané neštovice [varicella],66030034,30–34 let,Z,0,1
2022,7,CZ071,Olomoucký kraj,B02,Pásový opar [herpes zoster],66010014,10–14 let,Z,0,1
2022,7,CZ071,Olomoucký kraj,B02,Pásový opar [herpes zoster],66025029,25–29 let,M,0,1
2022,7,CZ071,Olomoucký kraj,B02,Pásový opar [herpes zoster],66030034,30–34 let,Z,0,2
2022,7,CZ071,Olomoucký kraj,B02,Pásový opar [herpes zoster],66040044,40–44 let,M,0,1
2022,7,CZ071,Olomoucký kraj,B02,Pásový opar [herpes zoster],66040044,40–44 let,Z,0,1
2022,7,CZ071,Olomoucký kraj,B02,Pásový opar [herpes zoster],66045049,45–49 let,M,0,1
2022,7,CZ071,Olomoucký kraj,B02,Pásový opar [herpes zoster],66045049,45–49 let,Z,0,2
2022,7,CZ071,Olomoucký kraj,B02,Pásový opar [herpes zoster],66050054,50–54 let,M,0,2
2022,7,CZ071,Olomoucký kraj,B02,Pásový opar [herpes zoster],66050054,50–54 let,Z,0,2
2022,7,CZ071,Olomoucký kraj,B02,Pásový opar [herpes zoster],66055059,55–59 let,Z,0,2
2022,7,CZ071,Olomoucký kraj,B02,Pásový opar [herpes zoster],66060064,60–64 let,M,0,1
2022,7,CZ071,Olomoucký kraj,B02,Pásový opar [herpes zoster],66060064,60–64 let,Z,0,5
2022,7,CZ071,Olomoucký kraj,B02,Pásový opar [herpes zoster],66065069,65–69 let,Z,0,1
2022,7,CZ071,Olomoucký kraj,B02,Pásový opar [herpes zoster],66070074,70–74 let,M,0,2
2022,7,CZ071,Olomoucký kraj,B02,Pásový opar [herpes zoster],66070074,70–74 let,Z,0,1
2022,7,CZ071,Olomoucký kraj,B02,Pásový opar [herpes zoster],66075999,75+ let,M,0,3
2022,7,CZ071,Olomoucký kraj,B02,Pásový opar [herpes zoster],66075999,75+ let,Z,0,3
2022,7,CZ071,Olomoucký kraj,B08,Jiné virové infekce charakterizované postižením kůže a sliznic NJ,66000000,0 let,M,0,3
2022,7,CZ071,Olomoucký kraj,B08,Jiné virové infekce charakterizované postižením kůže a sliznic NJ,66000000,0 let,Z,0,1
2022,7,CZ071,Olomoucký kraj,B08,Jiné virové infekce charakterizované postižením kůže a sliznic NJ,66001004,1–4 roky,M,0,3
2022,7,CZ071,Olomoucký kraj,B08,Jiné virové infekce charakterizované postižením kůže a sliznic NJ,66005009,5–9 let,M,0,7
2022,7,CZ071,Olomoucký kraj,B08,Jiné virové infekce charakterizované postižením kůže a sliznic NJ,66005009,5–9 let,Z,0,4
2022,7,CZ071,Olomoucký kraj,B08,Jiné virové infekce charakterizované postižením kůže a sliznic NJ,66030034,30–34 let,M,0,1
2022,7,CZ071,Olomoucký kraj,B08,Jiné virové infekce charakterizované postižením kůže a sliznic NJ,66030034,30–34 let,Z,0,1
2022,7,CZ071,Olomoucký kraj,B09,Neurčené virové infekce charakterizované postižením kůže a sliznic,66000000,0 let,M,0,1
2022,7,CZ071,Olomoucký kraj,B09,Neurčené virové infekce charakterizované postižením kůže a sliznic,66001004,1–4 roky,M,0,1
2022,7,CZ071,Olomoucký kraj,B09,Neurčené virové infekce charakterizované postižením kůže a sliznic,66001004,1–4 roky,Z,0,1
2022,7,CZ071,Olomoucký kraj,B18,Chronická virová hepatitida,66035039,35–39 let,M,0,1
2022,7,CZ071,Olomoucký kraj,B18,Chronická virová hepatitida,66045049,45–49 let,M,0,2
2022,7,CZ071,Olomoucký kraj,B18,Chronická virová hepatitida,66050054,50–54 let,Z,0,1
2022,7,CZ071,Olomoucký kraj,B26,Příušnice [parotitis epidemica],66001004,1–4 roky,Z,0,1
2022,7,CZ071,Olomoucký kraj,B27,Infekční mononukleóza,66005009,5–9 let,Z,0,1
2022,7,CZ071,Olomoucký kraj,B27,Infekční mononukleóza,66015019,15–19 let,M,0,2
2022,7,CZ071,Olomoucký kraj,B27,Infekční mononukleóza,66030034,30–34 let,M,0,1
2022,7,CZ071,Olomoucký kraj,B80,Enterobióza [enterobiasis],66001004,1–4 roky,Z,0,4
2022,7,CZ071,Olomoucký kraj,B80,Enterobióza [enterobiasis],66005009,5–9 let,M,0,1
2022,7,CZ071,Olomoucký kraj,B80,Enterobióza [enterobiasis],66005009,5–9 let,Z,0,1
2022,7,CZ071,Olomoucký kraj,B80,Enterobióza [enterobiasis],66010014,10–14 let,M,0,1
2022,7,CZ071,Olomoucký kraj,B80,Enterobióza [enterobiasis],66010014,10–14 let,Z,0,1
2022,7,CZ071,Olomoucký kraj,B86,Svrab [scabies],66001004,1–4 roky,M,0,1
2022,7,CZ071,Olomoucký kraj,B86,Svrab [scabies],66001004,1–4 roky,Z,0,1
2022,7,CZ071,Olomoucký kraj,B86,Svrab [scabies],66005009,5–9 let,Z,0,1
2022,7,CZ071,Olomoucký kraj,B86,Svrab [scabies],66015019,15–19 let,Z,0,1
2022,7,CZ071,Olomoucký kraj,B86,Svrab [scabies],66020024,20–24 let,Z,0,2
2022,7,CZ071,Olomoucký kraj,B86,Svrab [scabies],66025029,25–29 let,M,0,1
2022,7,CZ071,Olomoucký kraj,B86,Svrab [scabies],66040044,40–44 let,M,0,1
2022,7,CZ071,Olomoucký kraj,B86,Svrab [scabies],66040044,40–44 let,Z,0,1
2022,7,CZ071,Olomoucký kraj,B86,Svrab [scabies],66050054,50–54 let,M,0,1
2022,7,CZ071,Olomoucký kraj,B86,Svrab [scabies],66055059,55–59 let,M,0,1
2022,7,CZ071,Olomoucký kraj,B86,Svrab [scabies],66055059,55–59 let,Z,0,1
2022,7,CZ071,Olomoucký kraj,B86,Svrab [scabies],66065069,65–69 let,Z,0,2
2022,7,CZ071,Olomoucký kraj,B96,Jiná určená bakteriální agens jako příč. nemoci zař. do jiných kapitol,66075999,75+ let,Z,0,1
2022,7,CZ071,Olomoucký kraj,G00,Bakteriální zánět mozkových a míšních plen (bakter. meningitida) NJ,66035039,35–39 let,Z,0,1
2022,8,CZ071,Olomoucký kraj,A02,Jiné infekce způsobené salmonelami,66000000,0 let,M,0,5
2022,8,CZ071,Olomoucký kraj,A02,Jiné infekce způsobené salmonelami,66000000,0 let,Z,0,1
2022,8,CZ071,Olomoucký kraj,A02,Jiné infekce způsobené salmonelami,66001004,1–4 roky,M,0,10
2022,8,CZ071,Olomoucký kraj,A02,Jiné infekce způsobené salmonelami,66001004,1–4 roky,Z,0,10
2022,8,CZ071,Olomoucký kraj,A02,Jiné infekce způsobené salmonelami,66005009,5–9 let,M,0,10
2022,8,CZ071,Olomoucký kraj,A02,Jiné infekce způsobené salmonelami,66005009,5–9 let,Z,0,6
2022,8,CZ071,Olomoucký kraj,A02,Jiné infekce způsobené salmonelami,66010014,10–14 let,M,0,1
2022,8,CZ071,Olomoucký kraj,A02,Jiné infekce způsobené salmonelami,66010014,10–14 let,Z,0,2
2022,8,CZ071,Olomoucký kraj,A02,Jiné infekce způsobené salmonelami,66015019,15–19 let,M,0,2
2022,8,CZ071,Olomoucký kraj,A02,Jiné infekce způsobené salmonelami,66015019,15–19 let,Z,0,2
2022,8,CZ071,Olomoucký kraj,A02,Jiné infekce způsobené salmonelami,66025029,25–29 let,M,0,2
2022,8,CZ071,Olomoucký kraj,A02,Jiné infekce způsobené salmonelami,66025029,25–29 let,Z,0,1
2022,8,CZ071,Olomoucký kraj,A02,Jiné infekce způsobené salmonelami,66030034,30–34 let,M,0,3
2022,8,CZ071,Olomoucký kraj,A02,Jiné infekce způsobené salmonelami,66035039,35–39 let,Z,0,1
2022,8,CZ071,Olomoucký kraj,A02,Jiné infekce způsobené salmonelami,66040044,40–44 let,M,0,1
2022,8,CZ071,Olomoucký kraj,A02,Jiné infekce způsobené salmonelami,66045049,45–49 let,M,0,4
2022,8,CZ071,Olomoucký kraj,A02,Jiné infekce způsobené salmonelami,66045049,45–49 let,Z,0,1
2022,8,CZ071,Olomoucký kraj,A02,Jiné infekce způsobené salmonelami,66050054,50–54 let,Z,0,1
2022,8,CZ071,Olomoucký kraj,A02,Jiné infekce způsobené salmonelami,66055059,55–59 let,M,0,2
2022,8,CZ071,Olomoucký kraj,A02,Jiné infekce způsobené salmonelami,66055059,55–59 let,Z,0,2
2022,8,CZ071,Olomoucký kraj,A02,Jiné infekce způsobené salmonelami,66060064,60–64 let,Z,0,1
2022,8,CZ071,Olomoucký kraj,A02,Jiné infekce způsobené salmonelami,66065069,65–69 let,Z,0,1
2022,8,CZ071,Olomoucký kraj,A02,Jiné infekce způsobené salmonelami,66070074,70–74 let,M,0,1
2022,8,CZ071,Olomoucký kraj,A02,Jiné infekce způsobené salmonelami,66070074,70–74 let,Z,0,1
2022,8,CZ071,Olomoucký kraj,A02,Jiné infekce způsobené salmonelami,66075999,75+ let,M,0,3
2022,8,CZ071,Olomoucký kraj,A02,Jiné infekce způsobené salmonelami,66075999,75+ let,Z,0,2
2022,8,CZ071,Olomoucký kraj,A04,Jiné bakteriální střevní infekce,66000000,0 let,M,0,5
2022,8,CZ071,Olomoucký kraj,A04,Jiné bakteriální střevní infekce,66000000,0 let,Z,0,10
2022,8,CZ071,Olomoucký kraj,A04,Jiné bakteriální střevní infekce,66001004,1–4 roky,M,0,28
2022,8,CZ071,Olomoucký kraj,A04,Jiné bakteriální střevní infekce,66001004,1–4 roky,Z,0,25
2022,8,CZ071,Olomoucký kraj,A04,Jiné bakteriální střevní infekce,66005009,5–9 let,M,0,13
2022,8,CZ071,Olomoucký kraj,A04,Jiné bakteriální střevní infekce,66005009,5–9 let,Z,0,8
2022,8,CZ071,Olomoucký kraj,A04,Jiné bakteriální střevní infekce,66010014,10–14 let,M,0,7
2022,8,CZ071,Olomoucký kraj,A04,Jiné bakteriální střevní infekce,66010014,10–14 let,Z,0,10
2022,8,CZ071,Olomoucký kraj,A04,Jiné bakteriální střevní infekce,66015019,15–19 let,M,0,6
2022,8,CZ071,Olomoucký kraj,A04,Jiné bakteriální střevní infekce,66015019,15–19 let,Z,0,10
2022,8,CZ071,Olomoucký kraj,A04,Jiné bakteriální střevní infekce,66020024,20–24 let,M,0,12
2022,8,CZ071,Olomoucký kraj,A04,Jiné bakteriální střevní infekce,66020024,20–24 let,Z,0,2
2022,8,CZ071,Olomoucký kraj,A04,Jiné bakteriální střevní infekce,66025029,25–29 let,M,0,5
2022,8,CZ071,Olomoucký kraj,A04,Jiné bakteriální střevní infekce,66025029,25–29 let,Z,0,6
2022,8,CZ071,Olomoucký kraj,A04,Jiné bakteriální střevní infekce,66030034,30–34 let,M,0,4
2022,8,CZ071,Olomoucký kraj,A04,Jiné bakteriální střevní infekce,66030034,30–34 let,Z,0,3
2022,8,CZ071,Olomoucký kraj,A04,Jiné bakteriální střevní infekce,66035039,35–39 let,M,0,5
2022,8,CZ071,Olomoucký kraj,A04,Jiné bakteriální střevní infekce,66035039,35–39 let,Z,0,3
2022,8,CZ071,Olomoucký kraj,A04,Jiné bakteriální střevní infekce,66040044,40–44 let,M,0,4
2022,8,CZ071,Olomoucký kraj,A04,Jiné bakteriální střevní infekce,66040044,40–44 let,Z,0,1
2022,8,CZ071,Olomoucký kraj,A04,Jiné bakteriální střevní infekce,66045049,45–49 let,M,0,3
2022,8,CZ071,Olomoucký kraj,A04,Jiné bakteriální střevní infekce,66045049,45–49 let,Z,0,3
2022,8,CZ071,Olomoucký kraj,A04,Jiné bakteriální střevní infekce,66050054,50–54 let,M,0,1
2022,8,CZ071,Olomoucký kraj,A04,Jiné bakteriální střevní infekce,66050054,50–54 let,Z,0,3
2022,8,CZ071,Olomoucký kraj,A04,Jiné bakteriální střevní infekce,66055059,55–59 let,M,0,2
2022,8,CZ071,Olomoucký kraj,A04,Jiné bakteriální střevní infekce,66055059,55–59 let,Z,0,3
2022,8,CZ071,Olomoucký kraj,A04,Jiné bakteriální střevní infekce,66060064,60–64 let,M,0,4
2022,8,CZ071,Olomoucký kraj,A04,Jiné bakteriální střevní infekce,66065069,65–69 let,M,0,1
2022,8,CZ071,Olomoucký kraj,A04,Jiné bakteriální střevní infekce,66065069,65–69 let,Z,0,2
2022,8,CZ071,Olomoucký kraj,A04,Jiné bakteriální střevní infekce,66070074,70–74 let,M,0,2
2022,8,CZ071,Olomoucký kraj,A04,Jiné bakteriální střevní infekce,66070074,70–74 let,Z,0,3
2022,8,CZ071,Olomoucký kraj,A04,Jiné bakteriální střevní infekce,66075999,75+ let,M,0,1
2022,8,CZ071,Olomoucký kraj,A04,Jiné bakteriální střevní infekce,66075999,75+ let,Z,0,8
2022,8,CZ071,Olomoucký kraj,A08,Střevní infekce viry a jinými určenými mikroorganismy,66000000,0 let,M,0,8
2022,8,CZ071,Olomoucký kraj,A08,Střevní infekce viry a jinými určenými mikroorganismy,66000000,0 let,Z,0,5
2022,8,CZ071,Olomoucký kraj,A08,Střevní infekce viry a jinými určenými mikroorganismy,66001004,1–4 roky,M,0,22
2022,8,CZ071,Olomoucký kraj,A08,Střevní infekce viry a jinými určenými mikroorganismy,66001004,1–4 roky,Z,0,24
2022,8,CZ071,Olomoucký kraj,A08,Střevní infekce viry a jinými určenými mikroorganismy,66005009,5–9 let,M,0,3
2022,8,CZ071,Olomoucký kraj,A08,Střevní infekce viry a jinými určenými mikroorganismy,66005009,5–9 let,Z,0,4
2022,8,CZ071,Olomoucký kraj,A08,Střevní infekce viry a jinými určenými mikroorganismy,66010014,10–14 let,M,0,3
2022,8,CZ071,Olomoucký kraj,A08,Střevní infekce viry a jinými určenými mikroorganismy,66010014,10–14 let,Z,0,1
2022,8,CZ071,Olomoucký kraj,A08,Střevní infekce viry a jinými určenými mikroorganismy,66025029,25–29 let,Z,0,1
2022,8,CZ071,Olomoucký kraj,A08,Střevní infekce viry a jinými určenými mikroorganismy,66035039,35–39 let,Z,0,1
2022,8,CZ071,Olomoucký kraj,A08,Střevní infekce viry a jinými určenými mikroorganismy,66045049,45–49 let,M,0,1
2022,8,CZ071,Olomoucký kraj,A08,Střevní infekce viry a jinými určenými mikroorganismy,66060064,60–64 let,Z,0,1
2022,8,CZ071,Olomoucký kraj,A08,Střevní infekce viry a jinými určenými mikroorganismy,66070074,70–74 let,M,0,1
2022,8,CZ071,Olomoucký kraj,A08,Střevní infekce viry a jinými určenými mikroorganismy,66075999,75+ let,Z,0,1
2022,8,CZ071,Olomoucký kraj,A37,Dávivý kašel [pertussis],66035039,35–39 let,Z,0,1
2022,8,CZ071,Olomoucký kraj,A37,Dávivý kašel [pertussis],66065069,65–69 let,M,0,1
2022,8,CZ071,Olomoucký kraj,A37,Dávivý kašel [pertussis],66075999,75+ let,Z,0,1
2022,8,CZ071,Olomoucký kraj,A38,Spála [scarlatina],66001004,1–4 roky,Z,0,2
2022,8,CZ071,Olomoucký kraj,A38,Spála [scarlatina],66005009,5–9 let,Z,0,1
2022,8,CZ071,Olomoucký kraj,A40,Streptokoková sepse,66055059,55–59 let,M,0,1
2022,8,CZ071,Olomoucký kraj,A40,Streptokoková sepse,66060064,60–64 let,M,0,1
2022,8,CZ071,Olomoucký kraj,A40,Streptokoková sepse,66075999,75+ let,Z,0,1
2022,8,CZ071,Olomoucký kraj,A46,Růže – erysipel,66045049,45–49 let,M,0,1
2022,8,CZ071,Olomoucký kraj,A46,Růže – erysipel,66050054,50–54 let,M,0,1
2022,8,CZ071,Olomoucký kraj,A46,Růže – erysipel,66060064,60–64 let,M,0,1
2022,8,CZ071,Olomoucký kraj,A46,Růže – erysipel,66060064,60–64 let,Z,0,1
2022,8,CZ071,Olomoucký kraj,A46,Růže – erysipel,66070074,70–74 let,Z,0,1
2022,8,CZ071,Olomoucký kraj,A46,Růže – erysipel,66075999,75+ let,M,0,1
2022,8,CZ071,Olomoucký kraj,A46,Růže – erysipel,66075999,75+ let,Z,0,4
2022,8,CZ071,Olomoucký kraj,A56,Jiná chlamydiová onemocnění přenášená pohlavním stykem,66015019,15–19 let,Z,0,1
2022,8,CZ071,Olomoucký kraj,A56,Jiná chlamydiová onemocnění přenášená pohlavním stykem,66020024,20–24 let,M,0,1
2022,8,CZ071,Olomoucký kraj,A56,Jiná chlamydiová onemocnění přenášená pohlavním stykem,66025029,25–29 let,M,0,2
2022,8,CZ071,Olomoucký kraj,A56,Jiná chlamydiová onemocnění přenášená pohlavním stykem,66025029,25–29 let,Z,0,3
2022,8,CZ071,Olomoucký kraj,A56,Jiná chlamydiová onemocnění přenášená pohlavním stykem,66030034,30–34 let,M,0,1
2022,8,CZ071,Olomoucký kraj,A56,Jiná chlamydiová onemocnění přenášená pohlavním stykem,66040044,40–44 let,Z,0,1
2022,8,CZ071,Olomoucký kraj,A56,Jiná chlamydiová onemocnění přenášená pohlavním stykem,66045049,45–49 let,M,0,1
2022,8,CZ071,Olomoucký kraj,A69,Jiné spirochetové infekce,66001004,1–4 roky,M,0,3
2022,8,CZ071,Olomoucký kraj,A69,Jiné spirochetové infekce,66001004,1–4 roky,Z,0,1
2022,8,CZ071,Olomoucký kraj,A69,Jiné spirochetové infekce,66005009,5–9 let,M,0,2
2023,12,CZ032,Plzeňský kraj,A56,Jiná chlamydiová onemocnění přenášená pohlavním stykem,66035039,35–39 let,Z,0,1
2023,12,CZ032,Plzeňský kraj,A56,Jiná chlamydiová onemocnění přenášená pohlavním stykem,66040044,40–44 let,Z,0,1
2023,12,CZ032,Plzeňský kraj,A56,Jiná chlamydiová onemocnění přenášená pohlavním stykem,66050054,50–54 let,M,0,1
2023,12,CZ032,Plzeňský kraj,A69,Jiné spirochetové infekce,66030034,30–34 let,Z,0,1
2023,12,CZ032,Plzeňský kraj,A69,Jiné spirochetové infekce,66035039,35–39 let,M,0,1
2023,12,CZ032,Plzeňský kraj,A69,Jiné spirochetové infekce,66060064,60–64 let,Z,0,1
2023,12,CZ032,Plzeňský kraj,A84,Virová encefalitida přenášená klíšťaty,66015019,15–19 let,M,0,1
2023,12,CZ032,Plzeňský kraj,B00,Infekce virem Herpes simplex,66045049,45–49 let,M,0,1
2023,12,CZ032,Plzeňský kraj,B01,Plané neštovice [varicella],66000000,0 let,M,0,1
2023,12,CZ032,Plzeňský kraj,B01,Plané neštovice [varicella],66000000,0 let,Z,0,1
2023,12,CZ032,Plzeňský kraj,B01,Plané neštovice [varicella],66001004,1–4 roky,M,0,34
2023,12,CZ032,Plzeňský kraj,B01,Plané neštovice [varicella],66001004,1–4 roky,Z,0,45
2023,12,CZ032,Plzeňský kraj,B01,Plané neštovice [varicella],66005009,5–9 let,M,0,42
2023,12,CZ032,Plzeňský kraj,B01,Plané neštovice [varicella],66005009,5–9 let,Z,0,46
2023,12,CZ032,Plzeňský kraj,B01,Plané neštovice [varicella],66010014,10–14 let,M,0,7
2023,12,CZ032,Plzeňský kraj,B01,Plané neštovice [varicella],66010014,10–14 let,Z,0,2
2023,12,CZ032,Plzeňský kraj,B01,Plané neštovice [varicella],66015019,15–19 let,M,0,2
2023,12,CZ032,Plzeňský kraj,B01,Plané neštovice [varicella],66015019,15–19 let,Z,0,1
2023,12,CZ032,Plzeňský kraj,B02,Pásový opar [herpes zoster],66020024,20–24 let,Z,0,2
2023,12,CZ032,Plzeňský kraj,B02,Pásový opar [herpes zoster],66035039,35–39 let,Z,0,1
2023,12,CZ032,Plzeňský kraj,B02,Pásový opar [herpes zoster],66040044,40–44 let,M,0,1
2023,12,CZ032,Plzeňský kraj,B02,Pásový opar [herpes zoster],66045049,45–49 let,Z,0,3
2023,12,CZ032,Plzeňský kraj,B02,Pásový opar [herpes zoster],66050054,50–54 let,M,0,1
2023,12,CZ032,Plzeňský kraj,B02,Pásový opar [herpes zoster],66055059,55–59 let,Z,0,1
2023,12,CZ032,Plzeňský kraj,B02,Pásový opar [herpes zoster],66060064,60–64 let,M,0,2
2023,12,CZ032,Plzeňský kraj,B02,Pásový opar [herpes zoster],66060064,60–64 let,Z,0,1
2023,12,CZ032,Plzeňský kraj,B02,Pásový opar [herpes zoster],66075999,75+ let,M,0,2
2023,12,CZ032,Plzeňský kraj,B02,Pásový opar [herpes zoster],66075999,75+ let,Z,0,4
2023,12,CZ032,Plzeňský kraj,B08,Jiné virové infekce charakterizované postižením kůže a sliznic NJ,66001004,1–4 roky,Z,0,1
2023,12,CZ032,Plzeňský kraj,B08,Jiné virové infekce charakterizované postižením kůže a sliznic NJ,66005009,5–9 let,Z,0,1
2023,12,CZ032,Plzeňský kraj,B15,Akutní hepatitida A,66030034,30–34 let,Z,0,1
2023,12,CZ032,Plzeňský kraj,B17,Jiná akutní virová hepatitida,66045049,45–49 let,Z,0,1
2023,12,CZ032,Plzeňský kraj,B17,Jiná akutní virová hepatitida,66050054,50–54 let,M,0,1
2023,12,CZ032,Plzeňský kraj,B17,Jiná akutní virová hepatitida,66075999,75+ let,Z,0,1
2023,12,CZ032,Plzeňský kraj,B18,Chronická virová hepatitida,66020024,20–24 let,M,0,1
2023,12,CZ032,Plzeňský kraj,B18,Chronická virová hepatitida,66020024,20–24 let,Z,0,1
2023,12,CZ032,Plzeňský kraj,B18,Chronická virová hepatitida,66030034,30–34 let,M,0,3
2023,12,CZ032,Plzeňský kraj,B18,Chronická virová hepatitida,66040044,40–44 let,M,0,1
2023,12,CZ032,Plzeňský kraj,B18,Chronická virová hepatitida,66040044,40–44 let,Z,0,1
2023,12,CZ032,Plzeňský kraj,B18,Chronická virová hepatitida,66045049,45–49 let,M,0,3
2023,12,CZ032,Plzeňský kraj,B18,Chronická virová hepatitida,66055059,55–59 let,M,0,1
2023,12,CZ032,Plzeňský kraj,B25,Cytomegalovirová nemoc,66015019,15–19 let,Z,0,1
2023,12,CZ032,Plzeňský kraj,B26,Příušnice [parotitis epidemica],66015019,15–19 let,M,0,7
2023,12,CZ032,Plzeňský kraj,B26,Příušnice [parotitis epidemica],66015019,15–19 let,Z,0,7
2023,12,CZ032,Plzeňský kraj,B26,Příušnice [parotitis epidemica],66020024,20–24 let,M,0,2
2023,12,CZ032,Plzeňský kraj,B26,Příušnice [parotitis epidemica],66020024,20–24 let,Z,0,2
2023,12,CZ032,Plzeňský kraj,B27,Infekční mononukleóza,66010014,10–14 let,M,0,1
2023,12,CZ032,Plzeňský kraj,B27,Infekční mononukleóza,66015019,15–19 let,M,0,1
2023,12,CZ032,Plzeňský kraj,B27,Infekční mononukleóza,66015019,15–19 let,Z,0,1
2023,12,CZ032,Plzeňský kraj,B27,Infekční mononukleóza,66025029,25–29 let,M,0,1
2023,12,CZ032,Plzeňský kraj,B27,Infekční mononukleóza,66065069,65–69 let,Z,0,1
2023,12,CZ032,Plzeňský kraj,B35,Dermatofytóza,66010014,10–14 let,M,0,1
2023,12,CZ032,Plzeňský kraj,B35,Dermatofytóza,66015019,15–19 let,M,0,1
2023,12,CZ032,Plzeňský kraj,B35,Dermatofytóza,66040044,40–44 let,M,0,1
2023,12,CZ032,Plzeňský kraj,B35,Dermatofytóza,66055059,55–59 let,M,0,1
2023,12,CZ032,Plzeňský kraj,B77,Askarióza [ascariasis],66025029,25–29 let,M,0,1
2023,12,CZ032,Plzeňský kraj,B80,Enterobióza [enterobiasis],66040044,40–44 let,Z,0,1
2023,12,CZ032,Plzeňský kraj,B85,"Zavšivení – pedikulóza [pediculosis], ftiriáza [phthiriasis]",66045049,45–49 let,M,0,1
2023,12,CZ032,Plzeňský kraj,B86,Svrab [scabies],66005009,5–9 let,M,0,3
2023,12,CZ032,Plzeňský kraj,B86,Svrab [scabies],66005009,5–9 let,Z,0,3
2023,12,CZ032,Plzeňský kraj,B86,Svrab [scabies],66010014,10–14 let,M,0,2
2023,12,CZ032,Plzeňský kraj,B86,Svrab [scabies],66010014,10–14 let,Z,0,2
2023,12,CZ032,Plzeňský kraj,B86,Svrab [scabies],66015019,15–19 let,M,0,9
2023,12,CZ032,Plzeňský kraj,B86,Svrab [scabies],66015019,15–19 let,Z,0,5
2023,12,CZ032,Plzeňský kraj,B86,Svrab [scabies],66020024,20–24 let,M,0,6
2023,12,CZ032,Plzeňský kraj,B86,Svrab [scabies],66020024,20–24 let,Z,0,1
2023,12,CZ032,Plzeňský kraj,B86,Svrab [scabies],66025029,25–29 let,M,0,1
2023,12,CZ032,Plzeňský kraj,B86,Svrab [scabies],66030034,30–34 let,M,0,2
2023,12,CZ032,Plzeňský kraj,B86,Svrab [scabies],66035039,35–39 let,Z,0,1
2023,12,CZ032,Plzeňský kraj,B86,Svrab [scabies],66040044,40–44 let,Z,0,1
2023,12,CZ032,Plzeňský kraj,B86,Svrab [scabies],66045049,45–49 let,M,0,5
2023,12,CZ032,Plzeňský kraj,B86,Svrab [scabies],66045049,45–49 let,Z,0,3
2023,12,CZ032,Plzeňský kraj,B86,Svrab [scabies],66050054,50–54 let,M,0,2
2023,12,CZ032,Plzeňský kraj,B86,Svrab [scabies],66050054,50–54 let,Z,0,1
2023,12,CZ032,Plzeňský kraj,B86,Svrab [scabies],66055059,55–59 let,M,0,2
2023,12,CZ032,Plzeňský kraj,B86,Svrab [scabies],66055059,55–59 let,Z,0,3
2023,12,CZ032,Plzeňský kraj,B86,Svrab [scabies],66065069,65–69 let,M,0,1
2023,12,CZ032,Plzeňský kraj,B86,Svrab [scabies],66070074,70–74 let,Z,0,1
2023,12,CZ032,Plzeňský kraj,B86,Svrab [scabies],66075999,75+ let,M,0,2
2023,12,CZ032,Plzeňský kraj,B86,Svrab [scabies],66075999,75+ let,Z,0,1
2023,12,CZ032,Plzeňský kraj,B96,Jiná určená bakteriální agens jako příč. nemoci zař. do jiných kapitol,66060064,60–64 let,M,0,1
2023,12,CZ032,Plzeňský kraj,J10,Chřipka způsobená identifikovaným sezónním chřipkovým virem,66050054,50–54 let,Z,0,1
2023,12,CZ032,Plzeňský kraj,J10,Chřipka způsobená identifikovaným sezónním chřipkovým virem,66070074,70–74 let,M,0,1
2023,12,CZ032,Plzeňský kraj,J13,Zánět plic‚ původce: Streptococcus pneumoniae,66040044,40–44 let,M,0,1
2023,12,CZ032,Plzeňský kraj,W54,Kousnutí nebo úder psem,66070074,70–74 let,Z,0,1
2023,1,CZ041,Karlovarský kraj,A02,Jiné infekce způsobené salmonelami,66000000,0 let,M,0,1
2023,1,CZ041,Karlovarský kraj,A02,Jiné infekce způsobené salmonelami,66001004,1–4 roky,M,0,1
2023,1,CZ041,Karlovarský kraj,A02,Jiné infekce způsobené salmonelami,66005009,5–9 let,Z,0,1
2023,1,CZ041,Karlovarský kraj,A02,Jiné infekce způsobené salmonelami,66015019,15–19 let,Z,0,1
2023,1,CZ041,Karlovarský kraj,A02,Jiné infekce způsobené salmonelami,66040044,40–44 let,Z,0,1
2023,1,CZ041,Karlovarský kraj,A02,Jiné infekce způsobené salmonelami,66055059,55–59 let,M,0,1
2023,1,CZ041,Karlovarský kraj,A02,Jiné infekce způsobené salmonelami,66065069,65–69 let,M,0,1
2023,1,CZ041,Karlovarský kraj,A02,Jiné infekce způsobené salmonelami,66075999,75+ let,M,0,1
2023,1,CZ041,Karlovarský kraj,A04,Jiné bakteriální střevní infekce,66001004,1–4 roky,M,0,1
2023,1,CZ041,Karlovarský kraj,A04,Jiné bakteriální střevní infekce,66001004,1–4 roky,Z,0,2
2023,1,CZ041,Karlovarský kraj,A04,Jiné bakteriální střevní infekce,66010014,10–14 let,M,0,1
2023,1,CZ041,Karlovarský kraj,A04,Jiné bakteriální střevní infekce,66015019,15–19 let,Z,0,1
2023,1,CZ041,Karlovarský kraj,A04,Jiné bakteriální střevní infekce,66035039,35–39 let,M,0,1
2023,1,CZ041,Karlovarský kraj,A04,Jiné bakteriální střevní infekce,66035039,35–39 let,Z,0,2
2023,1,CZ041,Karlovarský kraj,A04,Jiné bakteriální střevní infekce,66040044,40–44 let,M,0,1
2023,1,CZ041,Karlovarský kraj,A04,Jiné bakteriální střevní infekce,66045049,45–49 let,M,0,1
2023,1,CZ041,Karlovarský kraj,A04,Jiné bakteriální střevní infekce,66045049,45–49 let,Z,0,1
2023,1,CZ041,Karlovarský kraj,A04,Jiné bakteriální střevní infekce,66050054,50–54 let,Z,0,1
2023,1,CZ041,Karlovarský kraj,A04,Jiné bakteriální střevní infekce,66060064,60–64 let,M,0,1
2023,1,CZ041,Karlovarský kraj,A04,Jiné bakteriální střevní infekce,66070074,70–74 let,M,0,1
2023,1,CZ041,Karlovarský kraj,A04,Jiné bakteriální střevní infekce,66070074,70–74 let,Z,0,1
2023,1,CZ041,Karlovarský kraj,A04,Jiné bakteriální střevní infekce,66075999,75+ let,M,0,6
2023,1,CZ041,Karlovarský kraj,A04,Jiné bakteriální střevní infekce,66075999,75+ let,Z,0,11
2023,1,CZ041,Karlovarský kraj,A08,Střevní infekce viry a jinými určenými mikroorganismy,66000000,0 let,M,0,8
2023,1,CZ041,Karlovarský kraj,A08,Střevní infekce viry a jinými určenými mikroorganismy,66001004,1–4 roky,M,0,4
2023,1,CZ041,Karlovarský kraj,A08,Střevní infekce viry a jinými určenými mikroorganismy,66001004,1–4 roky,Z,0,9
2023,1,CZ041,Karlovarský kraj,A08,Střevní infekce viry a jinými určenými mikroorganismy,66005009,5–9 let,M,0,3
2023,1,CZ041,Karlovarský kraj,A08,Střevní infekce viry a jinými určenými mikroorganismy,66010014,10–14 let,Z,0,1
2023,1,CZ041,Karlovarský kraj,A08,Střevní infekce viry a jinými určenými mikroorganismy,66075999,75+ let,Z,0,1
2023,1,CZ041,Karlovarský kraj,A21,Tularemie,66040044,40–44 let,M,0,1
2023,1,CZ041,Karlovarský kraj,A32,Listerióza [listeriosis],66040044,40–44 let,M,0,1
2023,1,CZ041,Karlovarský kraj,A38,Spála [scarlatina],66001004,1–4 roky,M,0,1
2023,1,CZ041,Karlovarský kraj,A38,Spála [scarlatina],66001004,1–4 roky,Z,0,3
2023,1,CZ041,Karlovarský kraj,A38,Spála [scarlatina],66005009,5–9 let,M,0,6
2023,1,CZ041,Karlovarský kraj,A38,Spála [scarlatina],66005009,5–9 let,Z,0,4
2023,1,CZ041,Karlovarský kraj,A38,Spála [scarlatina],66010014,10–14 let,M,0,1
2023,1,CZ041,Karlovarský kraj,A38,Spála [scarlatina],66010014,10–14 let,Z,0,2
2023,1,CZ041,Karlovarský kraj,A56,Jiná chlamydiová onemocnění přenášená pohlavním stykem,66020024,20–24 let,Z,0,2
2023,1,CZ041,Karlovarský kraj,A56,Jiná chlamydiová onemocnění přenášená pohlavním stykem,66030034,30–34 let,M,0,1
2023,1,CZ041,Karlovarský kraj,A56,Jiná chlamydiová onemocnění přenášená pohlavním stykem,66030034,30–34 let,Z,0,1
2023,1,CZ041,Karlovarský kraj,A56,Jiná chlamydiová onemocnění přenášená pohlavním stykem,66045049,45–49 let,Z,0,1
2023,1,CZ041,Karlovarský kraj,A59,Trichomoniáza,66020024,20–24 let,Z,0,1
2023,1,CZ041,Karlovarský kraj,A69,Jiné spirochetové infekce,66030034,30–34 let,M,0,1
2023,1,CZ041,Karlovarský kraj,B01,Plané neštovice [varicella],66000000,0 let,M,0,3
2023,1,CZ041,Karlovarský kraj,B01,Plané neštovice [varicella],66000000,0 let,Z,0,1
2023,1,CZ041,Karlovarský kraj,B01,Plané neštovice [varicella],66001004,1–4 roky,M,0,28
2023,1,CZ041,Karlovarský kraj,B01,Plané neštovice [varicella],66001004,1–4 roky,Z,0,29
2023,1,CZ041,Karlovarský kraj,B01,Plané neštovice [varicella],66005009,5–9 let,M,0,29
2023,1,CZ041,Karlovarský kraj,B01,Plané neštovice [varicella],66005009,5–9 let,Z,0,30
2023,1,CZ041,Karlovarský kraj,B01,Plané neštovice [varicella],66010014,10–14 let,M,0,6
2023,1,CZ041,Karlovarský kraj,B01,Plané neštovice [varicella],66010014,10–14 let,Z,0,7
2023,1,CZ041,Karlovarský kraj,B01,Plané neštovice [varicella],66015019,15–19 let,Z,0,1
2023,1,CZ041,Karlovarský kraj,B02,Pásový opar [herpes zoster],66025029,25–29 let,M,0,2
2023,1,CZ041,Karlovarský kraj,B02,Pásový opar [herpes zoster],66040044,40–44 let,Z,0,1
2023,1,CZ041,Karlovarský kraj,B02,Pásový opar [herpes zoster],66045049,45–49 let,Z,0,1
2023,1,CZ041,Karlovarský kraj,B02,Pásový opar [herpes zoster],66060064,60–64 let,Z,0,1
2023,1,CZ041,Karlovarský kraj,B02,Pásový opar [herpes zoster],66065069,65–69 let,Z,0,2
2023,1,CZ041,Karlovarský kraj,B02,Pásový opar [herpes zoster],66075999,75+ let,Z,0,1
2023,1,CZ041,Karlovarský kraj,B08,Jiné virové infekce charakterizované postižením kůže a sliznic NJ,66001004,1–4 roky,M,0,3
2023,1,CZ041,Karlovarský kraj,B18,Chronická virová hepatitida,66040044,40–44 let,M,0,1
2023,1,CZ041,Karlovarský kraj,B27,Infekční mononukleóza,66001004,1–4 roky,M,0,1
2023,1,CZ041,Karlovarský kraj,B27,Infekční mononukleóza,66005009,5–9 let,M,0,1
2023,1,CZ041,Karlovarský kraj,B80,Enterobióza [enterobiasis],66001004,1–4 roky,M,0,1
2023,1,CZ041,Karlovarský kraj,B80,Enterobióza [enterobiasis],66001004,1–4 roky,Z,0,1
2023,1,CZ041,Karlovarský kraj,B80,Enterobióza [enterobiasis],66005009,5–9 let,Z,0,1
2023,1,CZ041,Karlovarský kraj,B80,Enterobióza [enterobiasis],66010014,10–14 let,Z,0,1
2023,1,CZ041,Karlovarský kraj,B80,Enterobióza [enterobiasis],66040044,40–44 let,Z,0,1
2023,1,CZ041,Karlovarský kraj,B86,Svrab [scabies],66000000,0 let,M,0,1
2023,1,CZ041,Karlovarský kraj,B86,Svrab [scabies],66000000,0 let,Z,0,2
2023,1,CZ041,Karlovarský kraj,B86,Svrab [scabies],66001004,1–4 roky,M,0,2
2023,1,CZ041,Karlovarský kraj,B86,Svrab [scabies],66001004,1–4 roky,Z,0,2
2023,1,CZ041,Karlovarský kraj,B86,Svrab [scabies],66005009,5–9 let,M,0,1
2023,1,CZ041,Karlovarský kraj,B86,Svrab [scabies],66005009,5–9 let,Z,0,2
2023,1,CZ041,Karlovarský kraj,B86,Svrab [scabies],66010014,10–14 let,M,0,1
2023,1,CZ041,Karlovarský kraj,B86,Svrab [scabies],66010014,10–14 let,Z,0,5
2023,1,CZ041,Karlovarský kraj,B86,Svrab [scabies],66015019,15–19 let,M,0,5
2023,1,CZ041,Karlovarský kraj,B86,Svrab [scabies],66015019,15–19 let,Z,0,4
2023,1,CZ041,Karlovarský kraj,B86,Svrab [scabies],66020024,20–24 let,M,0,2
2023,1,CZ041,Karlovarský kraj,B86,Svrab [scabies],66020024,20–24 let,Z,0,2
2023,1,CZ041,Karlovarský kraj,B86,Svrab [scabies],66025029,25–29 let,M,0,1
2023,1,CZ041,Karlovarský kraj,B86,Svrab [scabies],66025029,25–29 let,Z,0,1
2023,1,CZ041,Karlovarský kraj,B86,Svrab [scabies],66030034,30–34 let,M,0,3
2023,1,CZ041,Karlovarský kraj,B86,Svrab [scabies],66030034,30–34 let,Z,0,2
2023,1,CZ041,Karlovarský kraj,B86,Svrab [scabies],66035039,35–39 let,M,0,1
2023,1,CZ041,Karlovarský kraj,B86,Svrab [scabies],66035039,35–39 let,Z,0,1
2023,1,CZ041,Karlovarský kraj,B86,Svrab [scabies],66040044,40–44 let,Z,0,1
2023,1,CZ041,Karlovarský kraj,B86,Svrab [scabies],66045049,45–49 let,M,0,1
2023,1,CZ041,Karlovarský kraj,B86,Svrab [scabies],66045049,45–49 let,Z,0,1
2023,1,CZ041,Karlovarský kraj,B86,Svrab [scabies],66050054,50–54 let,Z,0,1
2023,1,CZ041,Karlovarský kraj,B86,Svrab [scabies],66065069,65–69 let,Z,0,1
2023,1,CZ041,Karlovarský kraj,J10,Chřipka způsobená identifikovaným sezónním chřipkovým virem,66000000,0 let,M,0,5
2023,1,CZ041,Karlovarský kraj,J10,Chřipka způsobená identifikovaným sezónním chřipkovým virem,66000000,0 let,Z,0,1
2023,1,CZ041,Karlovarský kraj,J10,Chřipka způsobená identifikovaným sezónním chřipkovým virem,66001004,1–4 roky,M,0,7
2023,1,CZ041,Karlovarský kraj,J10,Chřipka způsobená identifikovaným sezónním chřipkovým virem,66001004,1–4 roky,Z,0,12
2023,1,CZ041,Karlovarský kraj,J10,Chřipka způsobená identifikovaným sezónním chřipkovým virem,66005009,5–9 let,M,0,8
2023,1,CZ041,Karlovarský kraj,J10,Chřipka způsobená identifikovaným sezónním chřipkovým virem,66005009,5–9 let,Z,0,3
2023,1,CZ041,Karlovarský kraj,J10,Chřipka způsobená identifikovaným sezónním chřipkovým virem,66010014,10–14 let,M,0,1
2023,1,CZ041,Karlovarský kraj,J10,Chřipka způsobená identifikovaným sezónním chřipkovým virem,66010014,10–14 let,Z,0,1
2023,1,CZ041,Karlovarský kraj,J10,Chřipka způsobená identifikovaným sezónním chřipkovým virem,66015019,15–19 let,M,0,2
2023,1,CZ041,Karlovarský kraj,J10,Chřipka způsobená identifikovaným sezónním chřipkovým virem,66015019,15–19 let,Z,0,3
2023,1,CZ041,Karlovarský kraj,J10,Chřipka způsobená identifikovaným sezónním chřipkovým virem,66020024,20–24 let,M,0,1
2023,1,CZ041,Karlovarský kraj,J10,Chřipka způsobená identifikovaným sezónním chřipkovým virem,66020024,20–24 let,Z,0,2
2023,1,CZ041,Karlovarský kraj,J10,Chřipka způsobená identifikovaným sezónním chřipkovým virem,66025029,25–29 let,M,0,4
2023,1,CZ041,Karlovarský kraj,J10,Chřipka způsobená identifikovaným sezónním chřipkovým virem,66025029,25–29 let,Z,0,1
2023,1,CZ041,Karlovarský kraj,J10,Chřipka způsobená identifikovaným sezónním chřipkovým virem,66030034,30–34 let,M,0,3
2023,1,CZ041,Karlovarský kraj,J10,Chřipka způsobená identifikovaným sezónním chřipkovým virem,66030034,30–34 let,Z,0,3
2023,1,CZ041,Karlovarský kraj,J10,Chřipka způsobená identifikovaným sezónním chřipkovým virem,66035039,35–39 let,M,0,1
2023,1,CZ041,Karlovarský kraj,J10,Chřipka způsobená identifikovaným sezónním chřipkovým virem,66035039,35–39 let,Z,0,1
2023,1,CZ041,Karlovarský kraj,J10,Chřipka způsobená identifikovaným sezónním chřipkovým virem,66040044,40–44 let,M,0,3
2023,1,CZ041,Karlovarský kraj,J10,Chřipka způsobená identifikovaným sezónním chřipkovým virem,66040044,40–44 let,Z,0,2
2023,1,CZ041,Karlovarský kraj,J10,Chřipka způsobená identifikovaným sezónním chřipkovým virem,66045049,45–49 let,M,0,2
2023,1,CZ041,Karlovarský kraj,J10,Chřipka způsobená identifikovaným sezónním chřipkovým virem,66050054,50–54 let,Z,0,3
2023,1,CZ041,Karlovarský kraj,J10,Chřipka způsobená identifikovaným sezónním chřipkovým virem,66055059,55–59 let,M,0,1
2023,1,CZ041,Karlovarský kraj,J10,Chřipka způsobená identifikovaným sezónním chřipkovým virem,66055059,55–59 let,Z,0,3
2023,1,CZ041,Karlovarský kraj,J10,Chřipka způsobená identifikovaným sezónním chřipkovým virem,66060064,60–64 let,M,0,1
2023,1,CZ041,Karlovarský kraj,J10,Chřipka způsobená identifikovaným sezónním chřipkovým virem,66060064,60–64 let,Z,0,2
2023,1,CZ041,Karlovarský kraj,J10,Chřipka způsobená identifikovaným sezónním chřipkovým virem,66065069,65–69 let,M,0,1
2023,1,CZ041,Karlovarský kraj,J10,Chřipka způsobená identifikovaným sezónním chřipkovým virem,66065069,65–69 let,Z,0,2
2023,1,CZ041,Karlovarský kraj,J10,Chřipka způsobená identifikovaným sezónním chřipkovým virem,66070074,70–74 let,M,0,4
2023,1,CZ041,Karlovarský kraj,J10,Chřipka způsobená identifikovaným sezónním chřipkovým virem,66070074,70–74 let,Z,0,2
2023,1,CZ041,Karlovarský kraj,J10,Chřipka způsobená identifikovaným sezónním chřipkovým virem,66075999,75+ let,M,0,8
2023,1,CZ041,Karlovarský kraj,J10,Chřipka způsobená identifikovaným sezónním chřipkovým virem,66075999,75+ let,Z,0,7
2023,1,CZ041,Karlovarský kraj,J12,Virový zánět plic (pneumonie) nezařazený jinde,66000000,0 let,M,0,9
2023,1,CZ041,Karlovarský kraj,J12,Virový zánět plic (pneumonie) nezařazený jinde,66000000,0 let,Z,0,6
2023,1,CZ041,Karlovarský kraj,J12,Virový zánět plic (pneumonie) nezařazený jinde,66001004,1–4 roky,M,0,4
2023,1,CZ041,Karlovarský kraj,J12,Virový zánět plic (pneumonie) nezařazený jinde,66001004,1–4 roky,Z,0,2
2023,1,CZ041,Karlovarský kraj,J12,Virový zánět plic (pneumonie) nezařazený jinde,66005009,5–9 let,M,0,1
2023,1,CZ041,Karlovarský kraj,J12,Virový zánět plic (pneumonie) nezařazený jinde,66020024,20–24 let,Z,0,1
2023,1,CZ041,Karlovarský kraj,J12,Virový zánět plic (pneumonie) nezařazený jinde,66050054,50–54 let,Z,0,1
2023,1,CZ041,Karlovarský kraj,J12,Virový zánět plic (pneumonie) nezařazený jinde,66055059,55–59 let,Z,0,2
2023,1,CZ041,Karlovarský kraj,J12,Virový zánět plic (pneumonie) nezařazený jinde,66060064,60–64 let,Z,0,1
2023,1,CZ041,Karlovarský kraj,J12,Virový zánět plic (pneumonie) nezařazený jinde,66065069,65–69 let,Z,0,1
2023,1,CZ041,Karlovarský kraj,J12,Virový zánět plic (pneumonie) nezařazený jinde,66070074,70–74 let,M,0,4
2023,1,CZ041,Karlovarský kraj,J12,Virový zánět plic (pneumonie) nezařazený jinde,66075999,75+ let,M,0,2
2023,1,CZ041,Karlovarský kraj,J12,Virový zánět plic (pneumonie) nezařazený jinde,66075999,75+ let,Z,0,7
2023,1,CZ041,Karlovarský kraj,J13,Zánět plic‚ původce: Streptococcus pneumoniae,66000000,0 let,Z,0,1
2023,1,CZ041,Karlovarský kraj,J13,Zánět plic‚ původce: Streptococcus pneumoniae,66001004,1–4 roky,M,0,1
2023,1,CZ041,Karlovarský kraj,J13,Zánět plic‚ původce: Streptococcus pneumoniae,66035039,35–39 let,Z,0,1
2023,1,CZ041,Karlovarský kraj,J13,Zánět plic‚ původce: Streptococcus pneumoniae,66060064,60–64 let,M,0,1
2023,1,CZ041,Karlovarský kraj,J13,Zánět plic‚ původce: Streptococcus pneumoniae,66065069,65–69 let,M,0,1
2023,1,CZ041,Karlovarský kraj,J13,Zánět plic‚ původce: Streptococcus pneumoniae,66070074,70–74 let,M,0,2
2023,1,CZ041,Karlovarský kraj,J13,Zánět plic‚ původce: Streptococcus pneumoniae,66070074,70–74 let,Z,0,1
2023,1,CZ041,Karlovarský kraj,J13,Zánět plic‚ původce: Streptococcus pneumoniae,66075999,75+ let,M,0,4
2023,1,CZ041,Karlovarský kraj,J13,Zánět plic‚ původce: Streptococcus pneumoniae,66075999,75+ let,Z,0,4
2023,2,CZ041,Karlovarský kraj,A02,Jiné infekce způsobené salmonelami,66000000,0 let,M,0,1
2023,2,CZ041,Karlovarský kraj,A02,Jiné infekce způsobené salmonelami,66000000,0 let,Z,0,2
2023,2,CZ041,Karlovarský kraj,A02,Jiné infekce způsobené salmonelami,66001004,1–4 roky,Z,0,2
2023,2,CZ041,Karlovarský kraj,A02,Jiné infekce způsobené salmonelami,66005009,5–9 let,M,0,1
2023,2,CZ041,Karlovarský kraj,A02,Jiné infekce způsobené salmonelami,66010014,10–14 let,M,0,1
2023,2,CZ041,Karlovarský kraj,A02,Jiné infekce způsobené salmonelami,66015019,15–19 let,Z,0,1
2023,2,CZ041,Karlovarský kraj,A02,Jiné infekce způsobené salmonelami,66035039,35–39 let,Z,0,1
2023,2,CZ041,Karlovarský kraj,A02,Jiné infekce způsobené salmonelami,66055059,55–59 let,Z,0,2
2023,2,CZ041,Karlovarský kraj,A02,Jiné infekce způsobené salmonelami,66070074,70–74 let,M,0,1
2023,2,CZ041,Karlovarský kraj,A02,Jiné infekce způsobené salmonelami,66075999,75+ let,Z,0,1
2023,2,CZ041,Karlovarský kraj,A04,Jiné bakteriální střevní infekce,66000000,0 let,Z,0,1
2023,2,CZ041,Karlovarský kraj,A04,Jiné bakteriální střevní infekce,66001004,1–4 roky,M,0,4
2023,2,CZ041,Karlovarský kraj,A04,Jiné bakteriální střevní infekce,66001004,1–4 roky,Z,0,3
2023,2,CZ041,Karlovarský kraj,A04,Jiné bakteriální střevní infekce,66005009,5–9 let,M,0,1
2023,2,CZ041,Karlovarský kraj,A04,Jiné bakteriální střevní infekce,66010014,10–14 let,M,0,2
2023,2,CZ041,Karlovarský kraj,A04,Jiné bakteriální střevní infekce,66010014,10–14 let,Z,0,1
2023,2,CZ041,Karlovarský kraj,A04,Jiné bakteriální střevní infekce,66025029,25–29 let,M,0,1
2023,2,CZ041,Karlovarský kraj,A04,Jiné bakteriální střevní infekce,66040044,40–44 let,M,0,2
2023,2,CZ041,Karlovarský kraj,A04,Jiné bakteriální střevní infekce,66045049,45–49 let,M,0,1
2023,2,CZ041,Karlovarský kraj,A04,Jiné bakteriální střevní infekce,66050054,50–54 let,Z,0,1
2023,2,CZ041,Karlovarský kraj,A04,Jiné bakteriální střevní infekce,66055059,55–59 let,M,0,2
2023,2,CZ041,Karlovarský kraj,A04,Jiné bakteriální střevní infekce,66065069,65–69 let,M,0,2
2023,2,CZ041,Karlovarský kraj,A04,Jiné bakteriální střevní infekce,66070074,70–74 let,Z,0,3
2023,2,CZ041,Karlovarský kraj,A04,Jiné bakteriální střevní infekce,66075999,75+ let,M,0,4
2023,2,CZ041,Karlovarský kraj,A04,Jiné bakteriální střevní infekce,66075999,75+ let,Z,0,7
2023,2,CZ041,Karlovarský kraj,A08,Střevní infekce viry a jinými určenými mikroorganismy,66000000,0 let,M,0,6
2023,2,CZ041,Karlovarský kraj,A08,Střevní infekce viry a jinými určenými mikroorganismy,66000000,0 let,Z,0,4
2023,2,CZ041,Karlovarský kraj,A08,Střevní infekce viry a jinými určenými mikroorganismy,66001004,1–4 roky,Z,0,4
2023,2,CZ041,Karlovarský kraj,A08,Střevní infekce viry a jinými určenými mikroorganismy,66005009,5–9 let,M,0,1
2023,2,CZ041,Karlovarský kraj,A38,Spála [scarlatina],66001004,1–4 roky,M,0,6
2023,2,CZ041,Karlovarský kraj,A38,Spála [scarlatina],66001004,1–4 roky,Z,0,3
2023,2,CZ041,Karlovarský kraj,A38,Spála [scarlatina],66005009,5–9 let,M,0,14
2023,2,CZ041,Karlovarský kraj,A38,Spála [scarlatina],66005009,5–9 let,Z,0,12
2023,2,CZ041,Karlovarský kraj,A38,Spála [scarlatina],66010014,10–14 let,Z,0,1
2023,2,CZ041,Karlovarský kraj,A46,Růže – erysipel,66055059,55–59 let,M,0,1
2023,2,CZ041,Karlovarský kraj,A56,Jiná chlamydiová onemocnění přenášená pohlavním stykem,66015019,15–19 let,Z,0,1
2023,2,CZ041,Karlovarský kraj,A56,Jiná chlamydiová onemocnění přenášená pohlavním stykem,66020024,20–24 let,M,0,1
2023,2,CZ041,Karlovarský kraj,A56,Jiná chlamydiová onemocnění přenášená pohlavním stykem,66020024,20–24 let,Z,0,1
2023,2,CZ041,Karlovarský kraj,A56,Jiná chlamydiová onemocnění přenášená pohlavním stykem,66035039,35–39 let,Z,0,1
2023,2,CZ041,Karlovarský kraj,A59,Trichomoniáza,66020024,20–24 let,Z,0,1
2023,2,CZ041,Karlovarský kraj,A69,Jiné spirochetové infekce,66015019,15–19 let,Z,0,1
2023,2,CZ041,Karlovarský kraj,A69,Jiné spirochetové infekce,66055059,55–59 let,Z,0,1
2023,2,CZ041,Karlovarský kraj,A69,Jiné spirochetové infekce,66060064,60–64 let,M,0,1
2023,2,CZ041,Karlovarský kraj,A69,Jiné spirochetové infekce,66065069,65–69 let,Z,0,1
2023,2,CZ041,Karlovarský kraj,B01,Plané neštovice [varicella],66001004,1–4 roky,M,0,10
2023,2,CZ041,Karlovarský kraj,B01,Plané neštovice [varicella],66001004,1–4 roky,Z,0,17
2023,2,CZ041,Karlovarský kraj,B01,Plané neštovice [varicella],66005009,5–9 let,M,0,24
2023,2,CZ041,Karlovarský kraj,B01,Plané neštovice [varicella],66005009,5–9 let,Z,0,13
2023,2,CZ041,Karlovarský kraj,B01,Plané neštovice [varicella],66010014,10–14 let,M,0,5
2023,2,CZ041,Karlovarský kraj,B01,Plané neštovice [varicella],66010014,10–14 let,Z,0,2
2023,2,CZ041,Karlovarský kraj,B01,Plané neštovice [varicella],66015019,15–19 let,M,0,3
2023,2,CZ041,Karlovarský kraj,B01,Plané neštovice [varicella],66015019,15–19 let,Z,0,1
2023,2,CZ041,Karlovarský kraj,B02,Pásový opar [herpes zoster],66015019,15–19 let,M,0,1
2023,2,CZ041,Karlovarský kraj,B02,Pásový opar [herpes zoster],66030034,30–34 let,M,0,1
2023,2,CZ041,Karlovarský kraj,B02,Pásový opar [herpes zoster],66045049,45–49 let,Z,0,2
2023,2,CZ041,Karlovarský kraj,B02,Pásový opar [herpes zoster],66060064,60–64 let,M,0,1
2023,2,CZ041,Karlovarský kraj,B02,Pásový opar [herpes zoster],66060064,60–64 let,Z,0,2
2023,2,CZ041,Karlovarský kraj,B02,Pásový opar [herpes zoster],66070074,70–74 let,M,0,4
2023,2,CZ041,Karlovarský kraj,B02,Pásový opar [herpes zoster],66075999,75+ let,M,0,1
2023,2,CZ041,Karlovarský kraj,B02,Pásový opar [herpes zoster],66075999,75+ let,Z,0,2
2023,2,CZ041,Karlovarský kraj,B17,Jiná akutní virová hepatitida,66015019,15–19 let,Z,0,2
2023,2,CZ041,Karlovarský kraj,B18,Chronická virová hepatitida,66020024,20–24 let,M,0,1
2023,2,CZ041,Karlovarský kraj,B18,Chronická virová hepatitida,66030034,30–34 let,M,0,1
2023,2,CZ041,Karlovarský kraj,B18,Chronická virová hepatitida,66035039,35–39 let,M,0,1
2023,2,CZ041,Karlovarský kraj,B26,Příušnice [parotitis epidemica],66005009,5–9 let,M,0,1
2023,2,CZ041,Karlovarský kraj,B26,Příušnice [parotitis epidemica],66015019,15–19 let,M,0,1
2023,2,CZ041,Karlovarský kraj,B27,Infekční mononukleóza,66015019,15–19 let,M,0,1
2023,2,CZ041,Karlovarský kraj,B27,Infekční mononukleóza,66015019,15–19 let,Z,0,2
2023,2,CZ041,Karlovarský kraj,B80,Enterobióza [enterobiasis],66010014,10–14 let,M,0,1
2023,2,CZ041,Karlovarský kraj,B80,Enterobióza [enterobiasis],66015019,15–19 let,Z,0,1
2023,2,CZ041,Karlovarský kraj,B86,Svrab [scabies],66001004,1–4 roky,M,0,1
2023,2,CZ041,Karlovarský kraj,B86,Svrab [scabies],66005009,5–9 let,M,0,1
2023,2,CZ041,Karlovarský kraj,B86,Svrab [scabies],66005009,5–9 let,Z,0,2
2023,2,CZ041,Karlovarský kraj,B86,Svrab [scabies],66010014,10–14 let,M,0,1
2023,2,CZ041,Karlovarský kraj,B86,Svrab [scabies],66010014,10–14 let,Z,0,2
2023,2,CZ041,Karlovarský kraj,B86,Svrab [scabies],66015019,15–19 let,M,0,1
2023,2,CZ041,Karlovarský kraj,B86,Svrab [scabies],66015019,15–19 let,Z,0,1
2023,2,CZ041,Karlovarský kraj,B86,Svrab [scabies],66030034,30–34 let,M,0,2
2023,2,CZ041,Karlovarský kraj,B86,Svrab [scabies],66035039,35–39 let,M,0,1
2023,2,CZ041,Karlovarský kraj,B86,Svrab [scabies],66040044,40–44 let,M,0,1
2023,2,CZ041,Karlovarský kraj,B86,Svrab [scabies],66040044,40–44 let,Z,0,1
2023,2,CZ041,Karlovarský kraj,B86,Svrab [scabies],66045049,45–49 let,Z,0,2
2023,2,CZ041,Karlovarský kraj,B86,Svrab [scabies],66055059,55–59 let,M,0,2
2023,2,CZ041,Karlovarský kraj,B86,Svrab [scabies],66055059,55–59 let,Z,0,1
2023,2,CZ041,Karlovarský kraj,B86,Svrab [scabies],66075999,75+ let,Z,0,1
2023,2,CZ041,Karlovarský kraj,J10,Chřipka způsobená identifikovaným sezónním chřipkovým virem,66001004,1–4 roky,M,0,2
2023,2,CZ041,Karlovarský kraj,J10,Chřipka způsobená identifikovaným sezónním chřipkovým virem,66001004,1–4 roky,Z,0,2
2023,2,CZ041,Karlovarský kraj,J10,Chřipka způsobená identifikovaným sezónním chřipkovým virem,66005009,5–9 let,M,0,4
2023,2,CZ041,Karlovarský kraj,J10,Chřipka způsobená identifikovaným sezónním chřipkovým virem,66005009,5–9 let,Z,0,3
2023,2,CZ041,Karlovarský kraj,J10,Chřipka způsobená identifikovaným sezónním chřipkovým virem,66010014,10–14 let,M,0,2
2023,2,CZ041,Karlovarský kraj,J10,Chřipka způsobená identifikovaným sezónním chřipkovým virem,66010014,10–14 let,Z,0,3
2023,2,CZ041,Karlovarský kraj,J10,Chřipka způsobená identifikovaným sezónním chřipkovým virem,66015019,15–19 let,Z,0,1
2023,2,CZ041,Karlovarský kraj,J10,Chřipka způsobená identifikovaným sezónním chřipkovým virem,66020024,20–24 let,M,0,1
2023,2,CZ041,Karlovarský kraj,J10,Chřipka způsobená identifikovaným sezónním chřipkovým virem,66025029,25–29 let,M,0,1
2023,2,CZ041,Karlovarský kraj,J10,Chřipka způsobená identifikovaným sezónním chřipkovým virem,66025029,25–29 let,Z,0,1
2023,2,CZ041,Karlovarský kraj,J10,Chřipka způsobená identifikovaným sezónním chřipkovým virem,66030034,30–34 let,M,0,1
2023,2,CZ041,Karlovarský kraj,J10,Chřipka způsobená identifikovaným sezónním chřipkovým virem,66030034,30–34 let,Z,0,1
2023,2,CZ041,Karlovarský kraj,J10,Chřipka způsobená identifikovaným sezónním chřipkovým virem,66035039,35–39 let,M,0,1
2023,2,CZ041,Karlovarský kraj,J10,Chřipka způsobená identifikovaným sezónním chřipkovým virem,66035039,35–39 let,Z,0,1
2023,2,CZ041,Karlovarský kraj,J10,Chřipka způsobená identifikovaným sezónním chřipkovým virem,66045049,45–49 let,M,0,2
2023,2,CZ041,Karlovarský kraj,J10,Chřipka způsobená identifikovaným sezónním chřipkovým virem,66045049,45–49 let,Z,0,1
2023,2,CZ041,Karlovarský kraj,J10,Chřipka způsobená identifikovaným sezónním chřipkovým virem,66050054,50–54 let,Z,0,1
2023,2,CZ041,Karlovarský kraj,J10,Chřipka způsobená identifikovaným sezónním chřipkovým virem,66065069,65–69 let,Z,0,1
2023,2,CZ041,Karlovarský kraj,J10,Chřipka způsobená identifikovaným sezónním chřipkovým virem,66070074,70–74 let,Z,0,2
2023,2,CZ041,Karlovarský kraj,J10,Chřipka způsobená identifikovaným sezónním chřipkovým virem,66075999,75+ let,Z,0,2
2023,2,CZ041,Karlovarský kraj,J12,Virový zánět plic (pneumonie) nezařazený jinde,66000000,0 let,M,0,2
2023,2,CZ041,Karlovarský kraj,J12,Virový zánět plic (pneumonie) nezařazený jinde,66000000,0 let,Z,0,1
2023,2,CZ041,Karlovarský kraj,J12,Virový zánět plic (pneumonie) nezařazený jinde,66001004,1–4 roky,Z,0,1
2023,2,CZ041,Karlovarský kraj,J12,Virový zánět plic (pneumonie) nezařazený jinde,66050054,50–54 let,M,0,1
2023,2,CZ041,Karlovarský kraj,J12,Virový zánět plic (pneumonie) nezařazený jinde,66070074,70–74 let,Z,0,1
2023,2,CZ041,Karlovarský kraj,J12,Virový zánět plic (pneumonie) nezařazený jinde,66075999,75+ let,M,0,1
2023,2,CZ041,Karlovarský kraj,J13,Zánět plic‚ původce: Streptococcus pneumoniae,66005009,5–9 let,Z,0,1
2023,2,CZ041,Karlovarský kraj,J13,Zánět plic‚ původce: Streptococcus pneumoniae,66075999,75+ let,Z,0,1
2023,3,CZ041,Karlovarský kraj,A02,Jiné infekce způsobené salmonelami,66001004,1–4 roky,M,0,1
2023,3,CZ041,Karlovarský kraj,A02,Jiné infekce způsobené salmonelami,66005009,5–9 let,Z,0,1
2023,3,CZ041,Karlovarský kraj,A02,Jiné infekce způsobené salmonelami,66035039,35–39 let,Z,0,1
2023,3,CZ041,Karlovarský kraj,A02,Jiné infekce způsobené salmonelami,66050054,50–54 let,M,0,1
2023,3,CZ041,Karlovarský kraj,A02,Jiné infekce způsobené salmonelami,66070074,70–74 let,Z,0,2
2023,3,CZ041,Karlovarský kraj,A02,Jiné infekce způsobené salmonelami,66075999,75+ let,Z,0,1
2023,3,CZ041,Karlovarský kraj,A04,Jiné bakteriální střevní infekce,66000000,0 let,M,0,1
2023,3,CZ041,Karlovarský kraj,A04,Jiné bakteriální střevní infekce,66000000,0 let,Z,0,1
2023,3,CZ041,Karlovarský kraj,A04,Jiné bakteriální střevní infekce,66001004,1–4 roky,M,0,2
2023,3,CZ041,Karlovarský kraj,A04,Jiné bakteriální střevní infekce,66015019,15–19 let,M,0,2
2023,3,CZ041,Karlovarský kraj,A04,Jiné bakteriální střevní infekce,66015019,15–19 let,Z,0,1
2023,3,CZ041,Karlovarský kraj,A04,Jiné bakteriální střevní infekce,66035039,35–39 let,M,0,4
2023,3,CZ041,Karlovarský kraj,A04,Jiné bakteriální střevní infekce,66040044,40–44 let,Z,0,1
2023,3,CZ041,Karlovarský kraj,A04,Jiné bakteriální střevní infekce,66045049,45–49 let,M,0,2
2023,3,CZ041,Karlovarský kraj,A04,Jiné bakteriální střevní infekce,66050054,50–54 let,M,0,1
2023,3,CZ041,Karlovarský kraj,A04,Jiné bakteriální střevní infekce,66050054,50–54 let,Z,0,1
2023,3,CZ041,Karlovarský kraj,A04,Jiné bakteriální střevní infekce,66055059,55–59 let,M,0,1
2023,3,CZ041,Karlovarský kraj,A04,Jiné bakteriální střevní infekce,66060064,60–64 let,M,0,3
2023,3,CZ041,Karlovarský kraj,A04,Jiné bakteriální střevní infekce,66060064,60–64 let,Z,0,1
2023,3,CZ041,Karlovarský kraj,A04,Jiné bakteriální střevní infekce,66065069,65–69 let,M,0,2
2023,3,CZ041,Karlovarský kraj,A04,Jiné bakteriální střevní infekce,66065069,65–69 let,Z,0,1
2023,3,CZ041,Karlovarský kraj,A04,Jiné bakteriální střevní infekce,66070074,70–74 let,Z,0,1
2023,3,CZ041,Karlovarský kraj,A04,Jiné bakteriální střevní infekce,66075999,75+ let,M,0,4
2023,3,CZ041,Karlovarský kraj,A04,Jiné bakteriální střevní infekce,66075999,75+ let,Z,0,7
2023,3,CZ041,Karlovarský kraj,A08,Střevní infekce viry a jinými určenými mikroorganismy,66000000,0 let,M,0,1
2023,3,CZ041,Karlovarský kraj,A08,Střevní infekce viry a jinými určenými mikroorganismy,66000000,0 let,Z,0,2
2023,3,CZ041,Karlovarský kraj,A08,Střevní infekce viry a jinými určenými mikroorganismy,66001004,1–4 roky,M,0,7
2023,3,CZ041,Karlovarský kraj,A08,Střevní infekce viry a jinými určenými mikroorganismy,66001004,1–4 roky,Z,0,5
2023,3,CZ041,Karlovarský kraj,A08,Střevní infekce viry a jinými určenými mikroorganismy,66005009,5–9 let,M,0,2
2023,3,CZ041,Karlovarský kraj,A08,Střevní infekce viry a jinými určenými mikroorganismy,66005009,5–9 let,Z,0,5
2023,3,CZ041,Karlovarský kraj,A08,Střevní infekce viry a jinými určenými mikroorganismy,66010014,10–14 let,M,0,2
2023,3,CZ041,Karlovarský kraj,A08,Střevní infekce viry a jinými určenými mikroorganismy,66020024,20–24 let,Z,0,1
2023,3,CZ041,Karlovarský kraj,A08,Střevní infekce viry a jinými určenými mikroorganismy,66025029,25–29 let,M,0,1
2023,3,CZ041,Karlovarský kraj,A32,Listerióza [listeriosis],66015019,15–19 let,M,0,1
2023,3,CZ041,Karlovarský kraj,A37,Dávivý kašel [pertussis],66010014,10–14 let,Z,0,1
2023,3,CZ041,Karlovarský kraj,A38,Spála [scarlatina],66001004,1–4 roky,M,0,7
2023,3,CZ041,Karlovarský kraj,A38,Spála [scarlatina],66001004,1–4 roky,Z,0,4
2023,3,CZ041,Karlovarský kraj,A38,Spála [scarlatina],66005009,5–9 let,M,0,15
2023,3,CZ041,Karlovarský kraj,A38,Spála [scarlatina],66005009,5–9 let,Z,0,5
2023,3,CZ041,Karlovarský kraj,A38,Spála [scarlatina],66010014,10–14 let,M,0,4
2023,3,CZ041,Karlovarský kraj,A38,Spála [scarlatina],66015019,15–19 let,M,0,1
2023,3,CZ041,Karlovarský kraj,A56,Jiná chlamydiová onemocnění přenášená pohlavním stykem,66020024,20–24 let,Z,0,1
2023,3,CZ041,Karlovarský kraj,A56,Jiná chlamydiová onemocnění přenášená pohlavním stykem,66025029,25–29 let,M,0,1
2023,3,CZ041,Karlovarský kraj,A59,Trichomoniáza,66020024,20–24 let,Z,0,1
2023,3,CZ041,Karlovarský kraj,A59,Trichomoniáza,66025029,25–29 let,Z,0,1
2023,3,CZ041,Karlovarský kraj,A69,Jiné spirochetové infekce,66040044,40–44 let,Z,0,1
2023,3,CZ041,Karlovarský kraj,A69,Jiné spirochetové infekce,66055059,55–59 let,M,0,1
2023,3,CZ041,Karlovarský kraj,A69,Jiné spirochetové infekce,66060064,60–64 let,Z,0,1
2023,3,CZ041,Karlovarský kraj,B00,Infekce virem Herpes simplex,66070074,70–74 let,M,0,1
2023,3,CZ041,Karlovarský kraj,B01,Plané neštovice [varicella],66001004,1–4 roky,M,0,18
2023,3,CZ041,Karlovarský kraj,B01,Plané neštovice [varicella],66001004,1–4 roky,Z,0,18
2023,3,CZ041,Karlovarský kraj,B01,Plané neštovice [varicella],66005009,5–9 let,M,0,35
2023,3,CZ041,Karlovarský kraj,B01,Plané neštovice [varicella],66005009,5–9 let,Z,0,25
2023,3,CZ041,Karlovarský kraj,B01,Plané neštovice [varicella],66010014,10–14 let,M,0,2
2023,3,CZ041,Karlovarský kraj,B01,Plané neštovice [varicella],66010014,10–14 let,Z,0,3
2023,3,CZ041,Karlovarský kraj,B02,Pásový opar [herpes zoster],66040044,40–44 let,M,0,1
2023,3,CZ041,Karlovarský kraj,B02,Pásový opar [herpes zoster],66050054,50–54 let,M,0,1
2023,3,CZ041,Karlovarský kraj,B02,Pásový opar [herpes zoster],66070074,70–74 let,M,0,1
2023,3,CZ041,Karlovarský kraj,B02,Pásový opar [herpes zoster],66070074,70–74 let,Z,0,1
2023,3,CZ041,Karlovarský kraj,B02,Pásový opar [herpes zoster],66075999,75+ let,Z,0,4
2023,3,CZ041,Karlovarský kraj,B18,Chronická virová hepatitida,66015019,15–19 let,Z,0,1
2023,3,CZ041,Karlovarský kraj,B18,Chronická virová hepatitida,66025029,25–29 let,Z,0,1
2023,3,CZ041,Karlovarský kraj,B18,Chronická virová hepatitida,66030034,30–34 let,M,0,1
2023,3,CZ041,Karlovarský kraj,B18,Chronická virová hepatitida,66035039,35–39 let,M,0,1
2023,3,CZ041,Karlovarský kraj,B18,Chronická virová hepatitida,66040044,40–44 let,M,0,2
2023,3,CZ041,Karlovarský kraj,B18,Chronická virová hepatitida,66040044,40–44 let,Z,0,2
2023,3,CZ041,Karlovarský kraj,B18,Chronická virová hepatitida,66045049,45–49 let,M,0,1
2023,3,CZ041,Karlovarský kraj,B18,Chronická virová hepatitida,66050054,50–54 let,Z,0,1
2023,3,CZ041,Karlovarský kraj,B18,Chronická virová hepatitida,66055059,55–59 let,M,0,1
2023,3,CZ041,Karlovarský kraj,B27,Infekční mononukleóza,66005009,5–9 let,M,0,1
2023,3,CZ041,Karlovarský kraj,B80,Enterobióza [enterobiasis],66000000,0 let,M,0,1
2023,3,CZ041,Karlovarský kraj,B80,Enterobióza [enterobiasis],66005009,5–9 let,Z,0,1
2023,3,CZ041,Karlovarský kraj,B80,Enterobióza [enterobiasis],66010014,10–14 let,M,0,1
2023,3,CZ041,Karlovarský kraj,B80,Enterobióza [enterobiasis],66010014,10–14 let,Z,0,2
2023,3,CZ041,Karlovarský kraj,B86,Svrab [scabies],66001004,1–4 roky,M,0,1
2023,3,CZ041,Karlovarský kraj,B86,Svrab [scabies],66001004,1–4 roky,Z,0,3
2023,3,CZ041,Karlovarský kraj,B86,Svrab [scabies],66005009,5–9 let,M,0,2
2023,3,CZ041,Karlovarský kraj,B86,Svrab [scabies],66005009,5–9 let,Z,0,1
2023,3,CZ041,Karlovarský kraj,B86,Svrab [scabies],66010014,10–14 let,M,0,6
2023,3,CZ041,Karlovarský kraj,B86,Svrab [scabies],66010014,10–14 let,Z,0,3
2023,3,CZ041,Karlovarský kraj,B86,Svrab [scabies],66015019,15–19 let,M,0,5
2023,3,CZ041,Karlovarský kraj,B86,Svrab [scabies],66015019,15–19 let,Z,0,1
2023,3,CZ041,Karlovarský kraj,B86,Svrab [scabies],66025029,25–29 let,M,0,3
2023,3,CZ041,Karlovarský kraj,B86,Svrab [scabies],66025029,25–29 let,Z,0,1
2023,3,CZ041,Karlovarský kraj,B86,Svrab [scabies],66030034,30–34 let,M,0,3
2023,3,CZ041,Karlovarský kraj,B86,Svrab [scabies],66030034,30–34 let,Z,0,1
2023,3,CZ041,Karlovarský kraj,B86,Svrab [scabies],66035039,35–39 let,Z,0,1
2023,3,CZ041,Karlovarský kraj,B86,Svrab [scabies],66040044,40–44 let,M,0,1
2023,3,CZ041,Karlovarský kraj,B86,Svrab [scabies],66040044,40–44 let,Z,0,2
2023,3,CZ041,Karlovarský kraj,B86,Svrab [scabies],66045049,45–49 let,M,0,2
2023,3,CZ041,Karlovarský kraj,B86,Svrab [scabies],66045049,45–49 let,Z,0,3
2023,3,CZ041,Karlovarský kraj,B86,Svrab [scabies],66050054,50–54 let,Z,0,1
2023,3,CZ041,Karlovarský kraj,B86,Svrab [scabies],66060064,60–64 let,M,0,1
2023,3,CZ041,Karlovarský kraj,B86,Svrab [scabies],66060064,60–64 let,Z,0,1
2023,3,CZ041,Karlovarský kraj,B86,Svrab [scabies],66065069,65–69 let,Z,0,2
2023,3,CZ041,Karlovarský kraj,J10,Chřipka způsobená identifikovaným sezónním chřipkovým virem,66000000,0 let,M,0,1
2023,3,CZ041,Karlovarský kraj,J10,Chřipka způsobená identifikovaným sezónním chřipkovým virem,66000000,0 let,Z,0,2
2023,3,CZ041,Karlovarský kraj,J10,Chřipka způsobená identifikovaným sezónním chřipkovým virem,66001004,1–4 roky,M,0,5
2023,3,CZ041,Karlovarský kraj,J10,Chřipka způsobená identifikovaným sezónním chřipkovým virem,66005009,5–9 let,M,0,7
2023,3,CZ041,Karlovarský kraj,J10,Chřipka způsobená identifikovaným sezónním chřipkovým virem,66005009,5–9 let,Z,0,1
2023,3,CZ041,Karlovarský kraj,J10,Chřipka způsobená identifikovaným sezónním chřipkovým virem,66010014,10–14 let,Z,0,3
2023,3,CZ041,Karlovarský kraj,J10,Chřipka způsobená identifikovaným sezónním chřipkovým virem,66015019,15–19 let,M,0,2
2023,10,CZ010,Hl. m. Praha,A04,Jiné bakteriální střevní infekce,66010014,10–14 let,M,0,9
2023,10,CZ010,Hl. m. Praha,A04,Jiné bakteriální střevní infekce,66010014,10–14 let,Z,0,2
2023,10,CZ010,Hl. m. Praha,A04,Jiné bakteriální střevní infekce,66015019,15–19 let,M,0,8
2023,10,CZ010,Hl. m. Praha,A04,Jiné bakteriální střevní infekce,66015019,15–19 let,Z,0,5
2023,10,CZ010,Hl. m. Praha,A04,Jiné bakteriální střevní infekce,66020024,20–24 let,M,0,3
2023,10,CZ010,Hl. m. Praha,A04,Jiné bakteriální střevní infekce,66020024,20–24 let,Z,0,1
2023,10,CZ010,Hl. m. Praha,A04,Jiné bakteriální střevní infekce,66025029,25–29 let,M,0,3
2023,10,CZ010,Hl. m. Praha,A04,Jiné bakteriální střevní infekce,66025029,25–29 let,Z,0,7
2023,10,CZ010,Hl. m. Praha,A04,Jiné bakteriální střevní infekce,66030034,30–34 let,M,0,4
2023,10,CZ010,Hl. m. Praha,A04,Jiné bakteriální střevní infekce,66030034,30–34 let,Z,0,2
2023,10,CZ010,Hl. m. Praha,A04,Jiné bakteriální střevní infekce,66035039,35–39 let,M,0,4
2023,10,CZ010,Hl. m. Praha,A04,Jiné bakteriální střevní infekce,66040044,40–44 let,M,0,3
2023,10,CZ010,Hl. m. Praha,A04,Jiné bakteriální střevní infekce,66040044,40–44 let,Z,0,2
2023,10,CZ010,Hl. m. Praha,A04,Jiné bakteriální střevní infekce,66045049,45–49 let,M,0,1
2023,10,CZ010,Hl. m. Praha,A04,Jiné bakteriální střevní infekce,66045049,45–49 let,Z,0,1
2023,10,CZ010,Hl. m. Praha,A04,Jiné bakteriální střevní infekce,66050054,50–54 let,M,0,3
2023,10,CZ010,Hl. m. Praha,A04,Jiné bakteriální střevní infekce,66050054,50–54 let,Z,0,3
2023,10,CZ010,Hl. m. Praha,A04,Jiné bakteriální střevní infekce,66055059,55–59 let,M,0,4
2023,10,CZ010,Hl. m. Praha,A04,Jiné bakteriální střevní infekce,66055059,55–59 let,Z,0,3
2023,10,CZ010,Hl. m. Praha,A04,Jiné bakteriální střevní infekce,66060064,60–64 let,M,0,3
2023,10,CZ010,Hl. m. Praha,A04,Jiné bakteriální střevní infekce,66060064,60–64 let,Z,0,5
2023,10,CZ010,Hl. m. Praha,A04,Jiné bakteriální střevní infekce,66065069,65–69 let,M,0,4
2023,10,CZ010,Hl. m. Praha,A04,Jiné bakteriální střevní infekce,66065069,65–69 let,Z,0,1
2023,10,CZ010,Hl. m. Praha,A04,Jiné bakteriální střevní infekce,66070074,70–74 let,M,0,6
2023,10,CZ010,Hl. m. Praha,A04,Jiné bakteriální střevní infekce,66070074,70–74 let,Z,0,2
2023,10,CZ010,Hl. m. Praha,A04,Jiné bakteriální střevní infekce,66075999,75+ let,M,0,5
2023,10,CZ010,Hl. m. Praha,A04,Jiné bakteriální střevní infekce,66075999,75+ let,Z,0,8
2023,10,CZ010,Hl. m. Praha,A08,Střevní infekce viry a jinými určenými mikroorganismy,66000000,0 let,M,0,4
2023,10,CZ010,Hl. m. Praha,A08,Střevní infekce viry a jinými určenými mikroorganismy,66000000,0 let,Z,0,2
2023,10,CZ010,Hl. m. Praha,A08,Střevní infekce viry a jinými určenými mikroorganismy,66001004,1–4 roky,M,0,9
2023,10,CZ010,Hl. m. Praha,A08,Střevní infekce viry a jinými určenými mikroorganismy,66001004,1–4 roky,Z,0,5
2023,10,CZ010,Hl. m. Praha,A08,Střevní infekce viry a jinými určenými mikroorganismy,66005009,5–9 let,M,0,2
2023,10,CZ010,Hl. m. Praha,A08,Střevní infekce viry a jinými určenými mikroorganismy,66005009,5–9 let,Z,0,3
2023,10,CZ010,Hl. m. Praha,A08,Střevní infekce viry a jinými určenými mikroorganismy,66010014,10–14 let,M,0,16
2023,10,CZ010,Hl. m. Praha,A08,Střevní infekce viry a jinými určenými mikroorganismy,66010014,10–14 let,Z,0,13
2023,10,CZ010,Hl. m. Praha,A08,Střevní infekce viry a jinými určenými mikroorganismy,66015019,15–19 let,M,0,2
2023,10,CZ010,Hl. m. Praha,A08,Střevní infekce viry a jinými určenými mikroorganismy,66015019,15–19 let,Z,0,1
2023,10,CZ010,Hl. m. Praha,A08,Střevní infekce viry a jinými určenými mikroorganismy,66020024,20–24 let,Z,0,2
2023,10,CZ010,Hl. m. Praha,A08,Střevní infekce viry a jinými určenými mikroorganismy,66025029,25–29 let,M,0,1
2023,10,CZ010,Hl. m. Praha,A08,Střevní infekce viry a jinými určenými mikroorganismy,66025029,25–29 let,Z,0,1
2023,10,CZ010,Hl. m. Praha,A08,Střevní infekce viry a jinými určenými mikroorganismy,66030034,30–34 let,M,0,1
2023,10,CZ010,Hl. m. Praha,A08,Střevní infekce viry a jinými určenými mikroorganismy,66030034,30–34 let,Z,0,3
2023,10,CZ010,Hl. m. Praha,A08,Střevní infekce viry a jinými určenými mikroorganismy,66035039,35–39 let,M,0,2
2023,10,CZ010,Hl. m. Praha,A08,Střevní infekce viry a jinými určenými mikroorganismy,66040044,40–44 let,M,0,1
2023,10,CZ010,Hl. m. Praha,A08,Střevní infekce viry a jinými určenými mikroorganismy,66040044,40–44 let,Z,0,1
2023,10,CZ010,Hl. m. Praha,A08,Střevní infekce viry a jinými určenými mikroorganismy,66045049,45–49 let,M,0,1
2023,10,CZ010,Hl. m. Praha,A08,Střevní infekce viry a jinými určenými mikroorganismy,66050054,50–54 let,M,0,1
2023,10,CZ010,Hl. m. Praha,A08,Střevní infekce viry a jinými určenými mikroorganismy,66060064,60–64 let,M,0,1
2023,10,CZ010,Hl. m. Praha,A08,Střevní infekce viry a jinými určenými mikroorganismy,66065069,65–69 let,M,0,1
2023,10,CZ010,Hl. m. Praha,A08,Střevní infekce viry a jinými určenými mikroorganismy,66065069,65–69 let,Z,0,1
2023,10,CZ010,Hl. m. Praha,A08,Střevní infekce viry a jinými určenými mikroorganismy,66070074,70–74 let,M,0,1
2023,10,CZ010,Hl. m. Praha,A08,Střevní infekce viry a jinými určenými mikroorganismy,66070074,70–74 let,Z,0,2
2023,10,CZ010,Hl. m. Praha,A08,Střevní infekce viry a jinými určenými mikroorganismy,66075999,75+ let,Z,0,2
2023,10,CZ010,Hl. m. Praha,A09,Jiná gastroenteritida a kolitida infekčního a NS původu,66001004,1–4 roky,M,0,2
2023,10,CZ010,Hl. m. Praha,A09,Jiná gastroenteritida a kolitida infekčního a NS původu,66001004,1–4 roky,Z,0,2
2023,10,CZ010,Hl. m. Praha,A09,Jiná gastroenteritida a kolitida infekčního a NS původu,66015019,15–19 let,M,0,2
2023,10,CZ010,Hl. m. Praha,A09,Jiná gastroenteritida a kolitida infekčního a NS původu,66025029,25–29 let,Z,0,2
2023,10,CZ010,Hl. m. Praha,A09,Jiná gastroenteritida a kolitida infekčního a NS původu,66035039,35–39 let,M,0,2
2023,10,CZ010,Hl. m. Praha,A09,Jiná gastroenteritida a kolitida infekčního a NS původu,66045049,45–49 let,M,0,4
2023,10,CZ010,Hl. m. Praha,A09,Jiná gastroenteritida a kolitida infekčního a NS původu,66060064,60–64 let,M,0,4
2023,10,CZ010,Hl. m. Praha,A09,Jiná gastroenteritida a kolitida infekčního a NS původu,66060064,60–64 let,Z,0,2
2023,10,CZ010,Hl. m. Praha,A09,Jiná gastroenteritida a kolitida infekčního a NS původu,66065069,65–69 let,M,0,2
2023,10,CZ010,Hl. m. Praha,A09,Jiná gastroenteritida a kolitida infekčního a NS původu,66070074,70–74 let,Z,0,2
2023,10,CZ010,Hl. m. Praha,A23,Brucelóza – vlnivá horečka,66010014,10–14 let,Z,0,1
2023,10,CZ010,Hl. m. Praha,A37,Dávivý kašel [pertussis],66000000,0 let,Z,0,1
2023,10,CZ010,Hl. m. Praha,A37,Dávivý kašel [pertussis],66001004,1–4 roky,Z,0,1
2023,10,CZ010,Hl. m. Praha,A37,Dávivý kašel [pertussis],66005009,5–9 let,Z,0,3
2023,10,CZ010,Hl. m. Praha,A37,Dávivý kašel [pertussis],66015019,15–19 let,M,0,1
2023,10,CZ010,Hl. m. Praha,A37,Dávivý kašel [pertussis],66020024,20–24 let,Z,0,1
2023,10,CZ010,Hl. m. Praha,A37,Dávivý kašel [pertussis],66030034,30–34 let,Z,0,1
2023,10,CZ010,Hl. m. Praha,A37,Dávivý kašel [pertussis],66045049,45–49 let,M,0,1
2023,10,CZ010,Hl. m. Praha,A37,Dávivý kašel [pertussis],66060064,60–64 let,Z,0,1
2023,10,CZ010,Hl. m. Praha,A37,Dávivý kašel [pertussis],66070074,70–74 let,Z,0,1
2023,10,CZ010,Hl. m. Praha,A38,Spála [scarlatina],66001004,1–4 roky,M,0,2
2023,10,CZ010,Hl. m. Praha,A38,Spála [scarlatina],66005009,5–9 let,M,0,2
2023,10,CZ010,Hl. m. Praha,A38,Spála [scarlatina],66005009,5–9 let,Z,0,1
2023,10,CZ010,Hl. m. Praha,A40,Streptokoková sepse,66001004,1–4 roky,Z,0,1
2023,10,CZ010,Hl. m. Praha,A40,Streptokoková sepse,66030034,30–34 let,M,0,1
2023,10,CZ010,Hl. m. Praha,A40,Streptokoková sepse,66060064,60–64 let,M,0,1
2023,10,CZ010,Hl. m. Praha,A40,Streptokoková sepse,66075999,75+ let,M,0,4
2023,10,CZ010,Hl. m. Praha,A40,Streptokoková sepse,66075999,75+ let,Z,0,2
2023,10,CZ010,Hl. m. Praha,A41,Jiná sepse,66020024,20–24 let,Z,0,1
2023,10,CZ010,Hl. m. Praha,A41,Jiná sepse,66030034,30–34 let,M,0,1
2023,10,CZ010,Hl. m. Praha,A41,Jiná sepse,66030034,30–34 let,Z,0,1
2023,10,CZ010,Hl. m. Praha,A41,Jiná sepse,66035039,35–39 let,M,0,1
2023,10,CZ010,Hl. m. Praha,A41,Jiná sepse,66045049,45–49 let,M,0,1
2023,10,CZ010,Hl. m. Praha,A41,Jiná sepse,66050054,50–54 let,M,0,1
2023,10,CZ010,Hl. m. Praha,A41,Jiná sepse,66065069,65–69 let,M,0,2
2023,10,CZ010,Hl. m. Praha,A41,Jiná sepse,66070074,70–74 let,M,0,1
2023,10,CZ010,Hl. m. Praha,A41,Jiná sepse,66070074,70–74 let,Z,0,1
2023,10,CZ010,Hl. m. Praha,A41,Jiná sepse,66075999,75+ let,M,0,5
2023,10,CZ010,Hl. m. Praha,A41,Jiná sepse,66075999,75+ let,Z,0,1
2023,10,CZ010,Hl. m. Praha,A46,Růže – erysipel,66001004,1–4 roky,Z,0,1
2023,10,CZ010,Hl. m. Praha,A46,Růže – erysipel,66025029,25–29 let,M,0,1
2023,10,CZ010,Hl. m. Praha,A46,Růže – erysipel,66040044,40–44 let,M,0,2
2023,10,CZ010,Hl. m. Praha,A46,Růže – erysipel,66040044,40–44 let,Z,0,1
2023,10,CZ010,Hl. m. Praha,A46,Růže – erysipel,66045049,45–49 let,M,0,1
2023,10,CZ010,Hl. m. Praha,A46,Růže – erysipel,66050054,50–54 let,M,0,2
2023,10,CZ010,Hl. m. Praha,A46,Růže – erysipel,66050054,50–54 let,Z,0,1
2023,10,CZ010,Hl. m. Praha,A46,Růže – erysipel,66055059,55–59 let,M,0,3
2023,10,CZ010,Hl. m. Praha,A46,Růže – erysipel,66060064,60–64 let,M,0,2
2023,10,CZ010,Hl. m. Praha,A46,Růže – erysipel,66065069,65–69 let,M,0,1
2023,10,CZ010,Hl. m. Praha,A46,Růže – erysipel,66070074,70–74 let,Z,0,1
2023,10,CZ010,Hl. m. Praha,A46,Růže – erysipel,66075999,75+ let,M,0,2
2023,10,CZ010,Hl. m. Praha,A46,Růže – erysipel,66075999,75+ let,Z,0,3
2023,10,CZ010,Hl. m. Praha,A48,Jiné bakteriální nemoci nezařazené jinde,66055059,55–59 let,M,0,1
2023,10,CZ010,Hl. m. Praha,A48,Jiné bakteriální nemoci nezařazené jinde,66075999,75+ let,M,0,3
2023,10,CZ010,Hl. m. Praha,A56,Jiná chlamydiová onemocnění přenášená pohlavním stykem,66015019,15–19 let,M,0,1
2023,10,CZ010,Hl. m. Praha,A56,Jiná chlamydiová onemocnění přenášená pohlavním stykem,66015019,15–19 let,Z,0,1
2023,10,CZ010,Hl. m. Praha,A56,Jiná chlamydiová onemocnění přenášená pohlavním stykem,66020024,20–24 let,M,0,7
2023,10,CZ010,Hl. m. Praha,A56,Jiná chlamydiová onemocnění přenášená pohlavním stykem,66020024,20–24 let,Z,0,6
2023,10,CZ010,Hl. m. Praha,A56,Jiná chlamydiová onemocnění přenášená pohlavním stykem,66025029,25–29 let,M,0,7
2023,10,CZ010,Hl. m. Praha,A56,Jiná chlamydiová onemocnění přenášená pohlavním stykem,66025029,25–29 let,Z,0,1
2023,10,CZ010,Hl. m. Praha,A56,Jiná chlamydiová onemocnění přenášená pohlavním stykem,66030034,30–34 let,M,0,13
2023,10,CZ010,Hl. m. Praha,A56,Jiná chlamydiová onemocnění přenášená pohlavním stykem,66030034,30–34 let,Z,0,2
2023,10,CZ010,Hl. m. Praha,A56,Jiná chlamydiová onemocnění přenášená pohlavním stykem,66035039,35–39 let,M,0,5
2023,10,CZ010,Hl. m. Praha,A56,Jiná chlamydiová onemocnění přenášená pohlavním stykem,66035039,35–39 let,Z,0,2
2023,10,CZ010,Hl. m. Praha,A56,Jiná chlamydiová onemocnění přenášená pohlavním stykem,66040044,40–44 let,M,0,2
2023,10,CZ010,Hl. m. Praha,A56,Jiná chlamydiová onemocnění přenášená pohlavním stykem,66045049,45–49 let,Z,0,1
2023,10,CZ010,Hl. m. Praha,A56,Jiná chlamydiová onemocnění přenášená pohlavním stykem,66050054,50–54 let,M,0,1
2023,10,CZ010,Hl. m. Praha,A56,Jiná chlamydiová onemocnění přenášená pohlavním stykem,66050054,50–54 let,Z,0,1
2023,10,CZ010,Hl. m. Praha,A56,Jiná chlamydiová onemocnění přenášená pohlavním stykem,66070074,70–74 let,M,0,1
2023,10,CZ010,Hl. m. Praha,A56,Jiná chlamydiová onemocnění přenášená pohlavním stykem,66070074,70–74 let,Z,0,1
2023,10,CZ010,Hl. m. Praha,A69,Jiné spirochetové infekce,66040044,40–44 let,Z,0,1
2023,10,CZ010,Hl. m. Praha,A69,Jiné spirochetové infekce,66045049,45–49 let,M,0,1
2023,10,CZ010,Hl. m. Praha,A69,Jiné spirochetové infekce,66055059,55–59 let,Z,0,1
2023,10,CZ010,Hl. m. Praha,A69,Jiné spirochetové infekce,66065069,65–69 let,Z,0,2
2023,10,CZ010,Hl. m. Praha,A69,Jiné spirochetové infekce,66075999,75+ let,M,0,1
2023,10,CZ010,Hl. m. Praha,A69,Jiné spirochetové infekce,66075999,75+ let,Z,0,1
2023,10,CZ010,Hl. m. Praha,A74,Jiné nemoci způsobené chlamydiemi,66030034,30–34 let,Z,0,1
2023,10,CZ010,Hl. m. Praha,A84,Virová encefalitida přenášená klíšťaty,66015019,15–19 let,M,0,1
2023,10,CZ010,Hl. m. Praha,A84,Virová encefalitida přenášená klíšťaty,66035039,35–39 let,Z,0,1
2023,10,CZ010,Hl. m. Praha,A84,Virová encefalitida přenášená klíšťaty,66040044,40–44 let,M,0,1
2023,10,CZ010,Hl. m. Praha,A84,Virová encefalitida přenášená klíšťaty,66040044,40–44 let,Z,0,1
2023,10,CZ010,Hl. m. Praha,A84,Virová encefalitida přenášená klíšťaty,66050054,50–54 let,Z,0,1
2023,10,CZ010,Hl. m. Praha,A84,Virová encefalitida přenášená klíšťaty,66055059,55–59 let,Z,0,1
2023,10,CZ010,Hl. m. Praha,A86,Neurčená virová encefalitida,66020024,20–24 let,Z,0,1
2023,10,CZ010,Hl. m. Praha,A87,Virová meningitida,66025029,25–29 let,M,0,1
2023,10,CZ010,Hl. m. Praha,A87,Virová meningitida,66035039,35–39 let,Z,0,1
2023,10,CZ010,Hl. m. Praha,A87,Virová meningitida,66040044,40–44 let,M,0,1
2023,10,CZ010,Hl. m. Praha,A87,Virová meningitida,66040044,40–44 let,Z,0,1
2023,10,CZ010,Hl. m. Praha,A97,Dengue,66030034,30–34 let,M,0,1
2023,10,CZ010,Hl. m. Praha,A97,Dengue,66035039,35–39 let,M,0,1
2023,10,CZ010,Hl. m. Praha,B00,Infekce virem Herpes simplex,66050054,50–54 let,Z,0,1
2023,10,CZ010,Hl. m. Praha,B01,Plané neštovice [varicella],66001004,1–4 roky,M,0,11
2023,10,CZ010,Hl. m. Praha,B01,Plané neštovice [varicella],66001004,1–4 roky,Z,0,6
2023,10,CZ010,Hl. m. Praha,B01,Plané neštovice [varicella],66005009,5–9 let,M,0,7
2023,10,CZ010,Hl. m. Praha,B01,Plané neštovice [varicella],66005009,5–9 let,Z,0,12
2023,10,CZ010,Hl. m. Praha,B01,Plané neštovice [varicella],66010014,10–14 let,M,0,3
2023,10,CZ010,Hl. m. Praha,B01,Plané neštovice [varicella],66010014,10–14 let,Z,0,2
2023,10,CZ010,Hl. m. Praha,B01,Plané neštovice [varicella],66020024,20–24 let,M,0,1
2023,10,CZ010,Hl. m. Praha,B01,Plané neštovice [varicella],66065069,65–69 let,Z,0,1
2023,10,CZ010,Hl. m. Praha,B02,Pásový opar [herpes zoster],66025029,25–29 let,Z,0,1
2023,10,CZ010,Hl. m. Praha,B02,Pásový opar [herpes zoster],66035039,35–39 let,M,0,1
2023,10,CZ010,Hl. m. Praha,B02,Pásový opar [herpes zoster],66045049,45–49 let,M,0,1
2023,10,CZ010,Hl. m. Praha,B02,Pásový opar [herpes zoster],66055059,55–59 let,Z,0,2
2023,10,CZ010,Hl. m. Praha,B02,Pásový opar [herpes zoster],66065069,65–69 let,Z,0,1
2023,10,CZ010,Hl. m. Praha,B02,Pásový opar [herpes zoster],66075999,75+ let,M,0,2
2023,10,CZ010,Hl. m. Praha,B02,Pásový opar [herpes zoster],66075999,75+ let,Z,0,1
2023,10,CZ010,Hl. m. Praha,B08,Jiné virové infekce charakterizované postižením kůže a sliznic NJ,66001004,1–4 roky,M,0,1
2023,10,CZ010,Hl. m. Praha,B08,Jiné virové infekce charakterizované postižením kůže a sliznic NJ,66001004,1–4 roky,Z,0,1
2023,10,CZ010,Hl. m. Praha,B16,Akutní hepatitida B,66020024,20–24 let,M,0,1
2023,10,CZ010,Hl. m. Praha,B17,Jiná akutní virová hepatitida,66040044,40–44 let,M,0,1
2023,10,CZ010,Hl. m. Praha,B17,Jiná akutní virová hepatitida,66050054,50–54 let,M,0,2
2023,10,CZ010,Hl. m. Praha,B17,Jiná akutní virová hepatitida,66055059,55–59 let,Z,0,1
2023,10,CZ010,Hl. m. Praha,B17,Jiná akutní virová hepatitida,66065069,65–69 let,Z,0,1
2023,10,CZ010,Hl. m. Praha,B17,Jiná akutní virová hepatitida,66070074,70–74 let,M,0,1
2023,10,CZ010,Hl. m. Praha,B17,Jiná akutní virová hepatitida,66070074,70–74 let,Z,0,1
2023,10,CZ010,Hl. m. Praha,B17,Jiná akutní virová hepatitida,66075999,75+ let,M,0,1
2023,10,CZ010,Hl. m. Praha,B18,Chronická virová hepatitida,66030034,30–34 let,Z,0,1
2023,10,CZ010,Hl. m. Praha,B18,Chronická virová hepatitida,66035039,35–39 let,M,0,1
2023,10,CZ010,Hl. m. Praha,B18,Chronická virová hepatitida,66035039,35–39 let,Z,0,1
2023,10,CZ010,Hl. m. Praha,B18,Chronická virová hepatitida,66040044,40–44 let,M,0,1
2023,10,CZ010,Hl. m. Praha,B18,Chronická virová hepatitida,66055059,55–59 let,M,0,1
2023,10,CZ010,Hl. m. Praha,B18,Chronická virová hepatitida,66055059,55–59 let,Z,0,1
2023,10,CZ010,Hl. m. Praha,B18,Chronická virová hepatitida,66065069,65–69 let,Z,0,1
2023,10,CZ010,Hl. m. Praha,B25,Cytomegalovirová nemoc,66000000,0 let,M,0,1
2023,10,CZ010,Hl. m. Praha,B26,Příušnice [parotitis epidemica],66005009,5–9 let,Z,0,1
2023,10,CZ010,Hl. m. Praha,B26,Příušnice [parotitis epidemica],66010014,10–14 let,M,0,1
2023,10,CZ010,Hl. m. Praha,B27,Infekční mononukleóza,66001004,1–4 roky,M,0,1
2023,10,CZ010,Hl. m. Praha,B27,Infekční mononukleóza,66010014,10–14 let,M,0,1
2023,10,CZ010,Hl. m. Praha,B27,Infekční mononukleóza,66015019,15–19 let,M,0,4
2023,10,CZ010,Hl. m. Praha,B27,Infekční mononukleóza,66015019,15–19 let,Z,0,1
2023,10,CZ010,Hl. m. Praha,B27,Infekční mononukleóza,66025029,25–29 let,M,0,1
2023,10,CZ010,Hl. m. Praha,B27,Infekční mononukleóza,66025029,25–29 let,Z,0,1
2023,10,CZ010,Hl. m. Praha,B27,Infekční mononukleóza,66030034,30–34 let,M,0,1
2023,10,CZ010,Hl. m. Praha,B27,Infekční mononukleóza,66040044,40–44 let,M,0,1
2023,10,CZ010,Hl. m. Praha,B80,Enterobióza [enterobiasis],66001004,1–4 roky,Z,0,1
2023,10,CZ010,Hl. m. Praha,B80,Enterobióza [enterobiasis],66010014,10–14 let,M,0,1
2023,10,CZ010,Hl. m. Praha,B86,Svrab [scabies],66001004,1–4 roky,Z,0,3
2023,10,CZ010,Hl. m. Praha,B86,Svrab [scabies],66005009,5–9 let,M,0,1
2023,10,CZ010,Hl. m. Praha,B86,Svrab [scabies],66010014,10–14 let,M,0,1
2023,10,CZ010,Hl. m. Praha,B86,Svrab [scabies],66015019,15–19 let,M,0,2
2023,10,CZ010,Hl. m. Praha,B86,Svrab [scabies],66015019,15–19 let,Z,0,1
2023,10,CZ010,Hl. m. Praha,B86,Svrab [scabies],66020024,20–24 let,M,0,1
2023,10,CZ010,Hl. m. Praha,B86,Svrab [scabies],66025029,25–29 let,M,0,3
2023,10,CZ010,Hl. m. Praha,B86,Svrab [scabies],66025029,25–29 let,Z,0,5
2023,10,CZ010,Hl. m. Praha,B86,Svrab [scabies],66030034,30–34 let,Z,0,2
2023,10,CZ010,Hl. m. Praha,B86,Svrab [scabies],66035039,35–39 let,M,0,3
2023,10,CZ010,Hl. m. Praha,B86,Svrab [scabies],66035039,35–39 let,Z,0,2
2023,10,CZ010,Hl. m. Praha,B86,Svrab [scabies],66040044,40–44 let,M,0,3
2023,10,CZ010,Hl. m. Praha,B86,Svrab [scabies],66040044,40–44 let,Z,0,1
2023,10,CZ010,Hl. m. Praha,B86,Svrab [scabies],66045049,45–49 let,M,0,1
2023,10,CZ010,Hl. m. Praha,B86,Svrab [scabies],66045049,45–49 let,Z,0,2
2023,10,CZ010,Hl. m. Praha,B86,Svrab [scabies],66050054,50–54 let,M,0,2
2023,10,CZ010,Hl. m. Praha,B86,Svrab [scabies],66055059,55–59 let,M,0,1
2023,10,CZ010,Hl. m. Praha,B86,Svrab [scabies],66060064,60–64 let,M,0,1
2023,10,CZ010,Hl. m. Praha,B86,Svrab [scabies],66060064,60–64 let,Z,0,1
2023,10,CZ010,Hl. m. Praha,B86,Svrab [scabies],66065069,65–69 let,M,0,2
2023,10,CZ010,Hl. m. Praha,B96,Jiná určená bakteriální agens jako příč. nemoci zař. do jiných kapitol,66070074,70–74 let,M,0,1
2023,10,CZ010,Hl. m. Praha,G00,Bakteriální zánět mozkových a míšních plen (bakter. meningitida) NJ,66075999,75+ let,M,0,1
2023,10,CZ010,Hl. m. Praha,J12,Virový zánět plic (pneumonie) nezařazený jinde,66000000,0 let,Z,0,1
2023,10,CZ010,Hl. m. Praha,J13,Zánět plic‚ původce: Streptococcus pneumoniae,66005009,5–9 let,M,0,1
2023,10,CZ010,Hl. m. Praha,J13,Zánět plic‚ původce: Streptococcus pneumoniae,66050054,50–54 let,Z,0,1
2023,10,CZ010,Hl. m. Praha,J13,Zánět plic‚ původce: Streptococcus pneumoniae,66070074,70–74 let,M,0,2
2023,10,CZ010,Hl. m. Praha,J13,Zánět plic‚ původce: Streptococcus pneumoniae,66075999,75+ let,M,0,1
2023,10,CZ010,Hl. m. Praha,J13,Zánět plic‚ původce: Streptococcus pneumoniae,66075999,75+ let,Z,0,2
2023,10,CZ010,Hl. m. Praha,J14,Zánět plic‚ původce: Haemophilus influenzae,66045049,45–49 let,Z,0,1
2023,10,CZ010,Hl. m. Praha,J14,Zánět plic‚ původce: Haemophilus influenzae,66075999,75+ let,Z,0,2
2023,10,CZ010,Hl. m. Praha,J15,Bakteriální zánět plic (pneumonie) nezařazený jinde,66040044,40–44 let,Z,0,1
2023,10,CZ010,Hl. m. Praha,J15,Bakteriální zánět plic (pneumonie) nezařazený jinde,66055059,55–59 let,M,0,1
2023,10,CZ010,Hl. m. Praha,W54,Kousnutí nebo úder psem,66055059,55–59 let,Z,0,1
2023,10,CZ010,Hl. m. Praha,W55,Kousnutí nebo úder jinými savci,66010014,10–14 let,Z,0,1
2023,10,CZ010,Hl. m. Praha,W55,Kousnutí nebo úder jinými savci,66015019,15–19 let,M,0,1
2023,10,CZ010,Hl. m. Praha,W55,Kousnutí nebo úder jinými savci,66025029,25–29 let,M,0,1
2023,10,CZ010,Hl. m. Praha,W55,Kousnutí nebo úder jinými savci,66040044,40–44 let,M,0,1
2023,10,CZ010,Hl. m. Praha,W55,Kousnutí nebo úder jinými savci,66045049,45–49 let,M,0,1
2023,11,CZ010,Hl. m. Praha,A02,Jiné infekce způsobené salmonelami,66000000,0 let,M,0,2
2023,11,CZ010,Hl. m. Praha,A02,Jiné infekce způsobené salmonelami,66001004,1–4 roky,M,0,6
2023,11,CZ010,Hl. m. Praha,A02,Jiné infekce způsobené salmonelami,66001004,1–4 roky,Z,0,6
2023,11,CZ010,Hl. m. Praha,A02,Jiné infekce způsobené salmonelami,66005009,5–9 let,M,0,7
2023,11,CZ010,Hl. m. Praha,A02,Jiné infekce způsobené salmonelami,66005009,5–9 let,Z,0,1
2023,11,CZ010,Hl. m. Praha,A02,Jiné infekce způsobené salmonelami,66010014,10–14 let,M,0,3
2023,11,CZ010,Hl. m. Praha,A02,Jiné infekce způsobené salmonelami,66010014,10–14 let,Z,0,2
2023,11,CZ010,Hl. m. Praha,A02,Jiné infekce způsobené salmonelami,66015019,15–19 let,Z,0,3
2023,11,CZ010,Hl. m. Praha,A02,Jiné infekce způsobené salmonelami,66020024,20–24 let,M,0,1
2023,11,CZ010,Hl. m. Praha,A02,Jiné infekce způsobené salmonelami,66025029,25–29 let,M,0,1
2023,11,CZ010,Hl. m. Praha,A02,Jiné infekce způsobené salmonelami,66030034,30–34 let,M,0,1
2023,11,CZ010,Hl. m. Praha,A02,Jiné infekce způsobené salmonelami,66035039,35–39 let,Z,0,3
2023,11,CZ010,Hl. m. Praha,A02,Jiné infekce způsobené salmonelami,66040044,40–44 let,Z,0,1
2023,11,CZ010,Hl. m. Praha,A02,Jiné infekce způsobené salmonelami,66055059,55–59 let,M,0,1
2023,11,CZ010,Hl. m. Praha,A02,Jiné infekce způsobené salmonelami,66055059,55–59 let,Z,0,1
2023,11,CZ010,Hl. m. Praha,A02,Jiné infekce způsobené salmonelami,66060064,60–64 let,M,0,1
2023,11,CZ010,Hl. m. Praha,A02,Jiné infekce způsobené salmonelami,66060064,60–64 let,Z,0,1
2023,11,CZ010,Hl. m. Praha,A02,Jiné infekce způsobené salmonelami,66065069,65–69 let,M,0,1
2023,11,CZ010,Hl. m. Praha,A02,Jiné infekce způsobené salmonelami,66065069,65–69 let,Z,0,1
2023,11,CZ010,Hl. m. Praha,A02,Jiné infekce způsobené salmonelami,66070074,70–74 let,M,0,1
2023,11,CZ010,Hl. m. Praha,A02,Jiné infekce způsobené salmonelami,66075999,75+ let,M,0,1
2023,11,CZ010,Hl. m. Praha,A03,Shigelóza,66005009,5–9 let,Z,0,1
2023,11,CZ010,Hl. m. Praha,A03,Shigelóza,66025029,25–29 let,M,0,2
2023,11,CZ010,Hl. m. Praha,A03,Shigelóza,66025029,25–29 let,Z,0,2
2023,11,CZ010,Hl. m. Praha,A03,Shigelóza,66030034,30–34 let,Z,0,1
2023,11,CZ010,Hl. m. Praha,A03,Shigelóza,66065069,65–69 let,Z,0,1
2023,11,CZ010,Hl. m. Praha,A03,Shigelóza,66075999,75+ let,Z,0,2
2023,11,CZ010,Hl. m. Praha,A04,Jiné bakteriální střevní infekce,66000000,0 let,M,0,9
2023,11,CZ010,Hl. m. Praha,A04,Jiné bakteriální střevní infekce,66000000,0 let,Z,0,8
2023,11,CZ010,Hl. m. Praha,A04,Jiné bakteriální střevní infekce,66001004,1–4 roky,M,0,9
2023,11,CZ010,Hl. m. Praha,A04,Jiné bakteriální střevní infekce,66001004,1–4 roky,Z,0,16
2023,11,CZ010,Hl. m. Praha,A04,Jiné bakteriální střevní infekce,66005009,5–9 let,M,0,6
2023,11,CZ010,Hl. m. Praha,A04,Jiné bakteriální střevní infekce,66005009,5–9 let,Z,0,4
2023,11,CZ010,Hl. m. Praha,A04,Jiné bakteriální střevní infekce,66010014,10–14 let,M,0,7
2023,11,CZ010,Hl. m. Praha,A04,Jiné bakteriální střevní infekce,66010014,10–14 let,Z,0,4
2023,11,CZ010,Hl. m. Praha,A04,Jiné bakteriální střevní infekce,66015019,15–19 let,M,0,13
2023,11,CZ010,Hl. m. Praha,A04,Jiné bakteriální střevní infekce,66015019,15–19 let,Z,0,3
2023,11,CZ010,Hl. m. Praha,A04,Jiné bakteriální střevní infekce,66020024,20–24 let,M,0,7
2023,11,CZ010,Hl. m. Praha,A04,Jiné bakteriální střevní infekce,66020024,20–24 let,Z,0,1
2023,11,CZ010,Hl. m. Praha,A04,Jiné bakteriální střevní infekce,66025029,25–29 let,M,0,6
2023,11,CZ010,Hl. m. Praha,A04,Jiné bakteriální střevní infekce,66025029,25–29 let,Z,0,2
2023,11,CZ010,Hl. m. Praha,A04,Jiné bakteriální střevní infekce,66030034,30–34 let,M,0,3
2023,11,CZ010,Hl. m. Praha,A04,Jiné bakteriální střevní infekce,66030034,30–34 let,Z,0,3
2023,11,CZ010,Hl. m. Praha,A04,Jiné bakteriální střevní infekce,66035039,35–39 let,M,0,2
2023,11,CZ010,Hl. m. Praha,A04,Jiné bakteriální střevní infekce,66040044,40–44 let,Z,0,5
2023,11,CZ010,Hl. m. Praha,A04,Jiné bakteriální střevní infekce,66045049,45–49 let,M,0,2
2023,11,CZ010,Hl. m. Praha,A04,Jiné bakteriální střevní infekce,66045049,45–49 let,Z,0,2
2023,11,CZ010,Hl. m. Praha,A04,Jiné bakteriální střevní infekce,66050054,50–54 let,M,0,1
2023,11,CZ010,Hl. m. Praha,A04,Jiné bakteriální střevní infekce,66050054,50–54 let,Z,0,2
2023,11,CZ010,Hl. m. Praha,A04,Jiné bakteriální střevní infekce,66055059,55–59 let,M,0,2
2023,11,CZ010,Hl. m. Praha,A04,Jiné bakteriální střevní infekce,66060064,60–64 let,Z,0,1
2023,11,CZ010,Hl. m. Praha,A04,Jiné bakteriální střevní infekce,66065069,65–69 let,M,0,5
2023,11,CZ010,Hl. m. Praha,A04,Jiné bakteriální střevní infekce,66065069,65–69 let,Z,0,5
2023,11,CZ010,Hl. m. Praha,A04,Jiné bakteriální střevní infekce,66070074,70–74 let,M,0,1
2023,11,CZ010,Hl. m. Praha,A04,Jiné bakteriální střevní infekce,66070074,70–74 let,Z,0,1
2023,11,CZ010,Hl. m. Praha,A04,Jiné bakteriální střevní infekce,66075999,75+ let,M,0,4
2023,11,CZ010,Hl. m. Praha,A04,Jiné bakteriální střevní infekce,66075999,75+ let,Z,0,10
2023,11,CZ010,Hl. m. Praha,A07,Jiné protozoární střevní nemoci,66030034,30–34 let,M,0,1
2023,11,CZ010,Hl. m. Praha,A08,Střevní infekce viry a jinými určenými mikroorganismy,66000000,0 let,M,0,1
2023,11,CZ010,Hl. m. Praha,A08,Střevní infekce viry a jinými určenými mikroorganismy,66000000,0 let,Z,0,1
2023,11,CZ010,Hl. m. Praha,A08,Střevní infekce viry a jinými určenými mikroorganismy,66001004,1–4 roky,M,0,7
2023,11,CZ010,Hl. m. Praha,A08,Střevní infekce viry a jinými určenými mikroorganismy,66001004,1–4 roky,Z,0,3
2023,11,CZ010,Hl. m. Praha,A08,Střevní infekce viry a jinými určenými mikroorganismy,66005009,5–9 let,Z,0,3
2023,11,CZ010,Hl. m. Praha,A08,Střevní infekce viry a jinými určenými mikroorganismy,66020024,20–24 let,Z,0,1
2023,11,CZ010,Hl. m. Praha,A08,Střevní infekce viry a jinými určenými mikroorganismy,66025029,25–29 let,Z,0,1
2023,11,CZ010,Hl. m. Praha,A08,Střevní infekce viry a jinými určenými mikroorganismy,66030034,30–34 let,M,0,2
2023,11,CZ010,Hl. m. Praha,A08,Střevní infekce viry a jinými určenými mikroorganismy,66030034,30–34 let,Z,0,1
2023,11,CZ010,Hl. m. Praha,A08,Střevní infekce viry a jinými určenými mikroorganismy,66040044,40–44 let,Z,0,1
2023,11,CZ010,Hl. m. Praha,A08,Střevní infekce viry a jinými určenými mikroorganismy,66045049,45–49 let,Z,0,2
2023,11,CZ010,Hl. m. Praha,A08,Střevní infekce viry a jinými určenými mikroorganismy,66055059,55–59 let,Z,0,2
2023,11,CZ010,Hl. m. Praha,A08,Střevní infekce viry a jinými určenými mikroorganismy,66060064,60–64 let,M,0,1
2023,11,CZ010,Hl. m. Praha,A08,Střevní infekce viry a jinými určenými mikroorganismy,66060064,60–64 let,Z,0,2
2023,11,CZ010,Hl. m. Praha,A08,Střevní infekce viry a jinými určenými mikroorganismy,66065069,65–69 let,M,0,1
2023,11,CZ010,Hl. m. Praha,A08,Střevní infekce viry a jinými určenými mikroorganismy,66065069,65–69 let,Z,0,1
2023,11,CZ010,Hl. m. Praha,A08,Střevní infekce viry a jinými určenými mikroorganismy,66070074,70–74 let,Z,0,5
2023,11,CZ010,Hl. m. Praha,A08,Střevní infekce viry a jinými určenými mikroorganismy,66075999,75+ let,M,0,9
2023,11,CZ010,Hl. m. Praha,A08,Střevní infekce viry a jinými určenými mikroorganismy,66075999,75+ let,Z,0,32
2023,11,CZ010,Hl. m. Praha,A09,Jiná gastroenteritida a kolitida infekčního a NS původu,66000000,0 let,M,0,2
2023,11,CZ010,Hl. m. Praha,A09,Jiná gastroenteritida a kolitida infekčního a NS původu,66001004,1–4 roky,M,0,4
2023,11,CZ010,Hl. m. Praha,A09,Jiná gastroenteritida a kolitida infekčního a NS původu,66001004,1–4 roky,Z,0,2
2023,11,CZ010,Hl. m. Praha,A09,Jiná gastroenteritida a kolitida infekčního a NS původu,66015019,15–19 let,Z,0,2
2023,11,CZ010,Hl. m. Praha,A09,Jiná gastroenteritida a kolitida infekčního a NS původu,66025029,25–29 let,Z,0,2
2023,11,CZ010,Hl. m. Praha,A09,Jiná gastroenteritida a kolitida infekčního a NS původu,66030034,30–34 let,M,0,2
2023,11,CZ010,Hl. m. Praha,A09,Jiná gastroenteritida a kolitida infekčního a NS původu,66030034,30–34 let,Z,0,2
2023,11,CZ010,Hl. m. Praha,A09,Jiná gastroenteritida a kolitida infekčního a NS původu,66035039,35–39 let,M,0,2
2023,11,CZ010,Hl. m. Praha,A09,Jiná gastroenteritida a kolitida infekčního a NS původu,66045049,45–49 let,M,0,2
2023,11,CZ010,Hl. m. Praha,A09,Jiná gastroenteritida a kolitida infekčního a NS původu,66045049,45–49 let,Z,0,2
2023,11,CZ010,Hl. m. Praha,A09,Jiná gastroenteritida a kolitida infekčního a NS původu,66055059,55–59 let,Z,0,2
2023,11,CZ010,Hl. m. Praha,A09,Jiná gastroenteritida a kolitida infekčního a NS původu,66065069,65–69 let,M,0,4
2023,11,CZ010,Hl. m. Praha,A09,Jiná gastroenteritida a kolitida infekčního a NS původu,66065069,65–69 let,Z,0,2
2023,11,CZ010,Hl. m. Praha,A09,Jiná gastroenteritida a kolitida infekčního a NS původu,66070074,70–74 let,M,0,4
2023,11,CZ010,Hl. m. Praha,A09,Jiná gastroenteritida a kolitida infekčního a NS původu,66070074,70–74 let,Z,0,2
2023,11,CZ010,Hl. m. Praha,A09,Jiná gastroenteritida a kolitida infekčního a NS původu,66075999,75+ let,M,0,6
2023,11,CZ010,Hl. m. Praha,A09,Jiná gastroenteritida a kolitida infekčního a NS původu,66075999,75+ let,Z,0,6
2023,11,CZ010,Hl. m. Praha,A21,Tularemie,66050054,50–54 let,Z,0,2
2023,11,CZ010,Hl. m. Praha,A27,Leptospiróza,66025029,25–29 let,M,0,1
2023,11,CZ010,Hl. m. Praha,A32,Listerióza [listeriosis],66075999,75+ let,Z,0,1
2023,11,CZ010,Hl. m. Praha,A37,Dávivý kašel [pertussis],66000000,0 let,M,0,1
2023,11,CZ010,Hl. m. Praha,A37,Dávivý kašel [pertussis],66000000,0 let,Z,0,2
2023,11,CZ010,Hl. m. Praha,A37,Dávivý kašel [pertussis],66001004,1–4 roky,M,0,3
2023,11,CZ010,Hl. m. Praha,A37,Dávivý kašel [pertussis],66001004,1–4 roky,Z,0,3
2023,11,CZ010,Hl. m. Praha,A37,Dávivý kašel [pertussis],66005009,5–9 let,M,0,1
2023,11,CZ010,Hl. m. Praha,A37,Dávivý kašel [pertussis],66010014,10–14 let,M,0,1
2023,11,CZ010,Hl. m. Praha,A37,Dávivý kašel [pertussis],66010014,10–14 let,Z,0,2
2023,11,CZ010,Hl. m. Praha,A37,Dávivý kašel [pertussis],66015019,15–19 let,M,0,5
2023,11,CZ010,Hl. m. Praha,A37,Dávivý kašel [pertussis],66015019,15–19 let,Z,0,4
2023,11,CZ010,Hl. m. Praha,A37,Dávivý kašel [pertussis],66020024,20–24 let,Z,0,1
2023,11,CZ010,Hl. m. Praha,A37,Dávivý kašel [pertussis],66025029,25–29 let,M,0,1
2023,11,CZ010,Hl. m. Praha,A37,Dávivý kašel [pertussis],66025029,25–29 let,Z,0,1
2023,11,CZ010,Hl. m. Praha,A37,Dávivý kašel [pertussis],66030034,30–34 let,M,0,1
2023,11,CZ010,Hl. m. Praha,A37,Dávivý kašel [pertussis],66040044,40–44 let,M,0,1
2023,11,CZ010,Hl. m. Praha,A37,Dávivý kašel [pertussis],66040044,40–44 let,Z,0,1
2023,11,CZ010,Hl. m. Praha,A37,Dávivý kašel [pertussis],66045049,45–49 let,Z,0,4
2023,11,CZ010,Hl. m. Praha,A37,Dávivý kašel [pertussis],66050054,50–54 let,Z,0,2
2023,11,CZ010,Hl. m. Praha,A37,Dávivý kašel [pertussis],66055059,55–59 let,Z,0,1
2023,11,CZ010,Hl. m. Praha,A37,Dávivý kašel [pertussis],66065069,65–69 let,M,0,2
2023,11,CZ010,Hl. m. Praha,A37,Dávivý kašel [pertussis],66075999,75+ let,Z,0,1
2023,11,CZ010,Hl. m. Praha,A38,Spála [scarlatina],66001004,1–4 roky,M,0,3
2023,11,CZ010,Hl. m. Praha,A38,Spála [scarlatina],66001004,1–4 roky,Z,0,2
2023,11,CZ010,Hl. m. Praha,A38,Spála [scarlatina],66005009,5–9 let,M,0,4
2023,11,CZ010,Hl. m. Praha,A38,Spála [scarlatina],66005009,5–9 let,Z,0,4
2023,11,CZ010,Hl. m. Praha,A38,Spála [scarlatina],66010014,10–14 let,M,0,1
2023,11,CZ010,Hl. m. Praha,A38,Spála [scarlatina],66010014,10–14 let,Z,0,1
2023,11,CZ010,Hl. m. Praha,A38,Spála [scarlatina],66030034,30–34 let,Z,0,1
2023,11,CZ010,Hl. m. Praha,A40,Streptokoková sepse,66001004,1–4 roky,M,0,1
2023,11,CZ010,Hl. m. Praha,A40,Streptokoková sepse,66001004,1–4 roky,Z,0,1
2023,11,CZ010,Hl. m. Praha,A40,Streptokoková sepse,66030034,30–34 let,Z,0,1
2023,11,CZ010,Hl. m. Praha,A40,Streptokoková sepse,66050054,50–54 let,M,0,3
2023,11,CZ010,Hl. m. Praha,A40,Streptokoková sepse,66055059,55–59 let,M,0,1
2023,11,CZ010,Hl. m. Praha,A40,Streptokoková sepse,66055059,55–59 let,Z,0,1
2023,11,CZ010,Hl. m. Praha,A40,Streptokoková sepse,66060064,60–64 let,M,0,1
2023,11,CZ010,Hl. m. Praha,A40,Streptokoková sepse,66070074,70–74 let,M,0,1
2023,11,CZ010,Hl. m. Praha,A40,Streptokoková sepse,66075999,75+ let,Z,0,2
2023,11,CZ010,Hl. m. Praha,A41,Jiná sepse,66025029,25–29 let,M,0,1
2023,11,CZ010,Hl. m. Praha,A41,Jiná sepse,66035039,35–39 let,M,0,1
2023,11,CZ010,Hl. m. Praha,A41,Jiná sepse,66065069,65–69 let,Z,0,1
2023,11,CZ010,Hl. m. Praha,A41,Jiná sepse,66075999,75+ let,Z,0,4
2023,11,CZ010,Hl. m. Praha,A46,Růže – erysipel,66040044,40–44 let,M,0,1
2023,11,CZ010,Hl. m. Praha,A46,Růže – erysipel,66040044,40–44 let,Z,0,1
2023,11,CZ010,Hl. m. Praha,A46,Růže – erysipel,66060064,60–64 let,M,0,2
2023,11,CZ010,Hl. m. Praha,A46,Růže – erysipel,66065069,65–69 let,M,0,1
2023,11,CZ010,Hl. m. Praha,A46,Růže – erysipel,66065069,65–69 let,Z,0,2
2023,11,CZ010,Hl. m. Praha,A46,Růže – erysipel,66070074,70–74 let,M,0,1
2023,11,CZ010,Hl. m. Praha,A46,Růže – erysipel,66075999,75+ let,M,0,2
2023,11,CZ010,Hl. m. Praha,A46,Růže – erysipel,66075999,75+ let,Z,0,1
2023,11,CZ010,Hl. m. Praha,A48,Jiné bakteriální nemoci nezařazené jinde,66030034,30–34 let,Z,0,1
2023,11,CZ010,Hl. m. Praha,A48,Jiné bakteriální nemoci nezařazené jinde,66045049,45–49 let,Z,0,1
2023,11,CZ010,Hl. m. Praha,A48,Jiné bakteriální nemoci nezařazené jinde,66070074,70–74 let,M,0,1
2023,11,CZ010,Hl. m. Praha,A48,Jiné bakteriální nemoci nezařazené jinde,66075999,75+ let,M,0,2
2023,11,CZ010,Hl. m. Praha,A56,Jiná chlamydiová onemocnění přenášená pohlavním stykem,66015019,15–19 let,M,0,2
2023,11,CZ010,Hl. m. Praha,A56,Jiná chlamydiová onemocnění přenášená pohlavním stykem,66020024,20–24 let,M,0,6
2023,11,CZ010,Hl. m. Praha,A56,Jiná chlamydiová onemocnění přenášená pohlavním stykem,66020024,20–24 let,Z,0,1
2023,11,CZ010,Hl. m. Praha,A56,Jiná chlamydiová onemocnění přenášená pohlavním stykem,66025029,25–29 let,M,0,7
2023,11,CZ010,Hl. m. Praha,A56,Jiná chlamydiová onemocnění přenášená pohlavním stykem,66025029,25–29 let,Z,0,2
2023,11,CZ010,Hl. m. Praha,A56,Jiná chlamydiová onemocnění přenášená pohlavním stykem,66030034,30–34 let,M,0,11
2023,11,CZ010,Hl. m. Praha,A56,Jiná chlamydiová onemocnění přenášená pohlavním stykem,66030034,30–34 let,Z,0,1
2023,11,CZ010,Hl. m. Praha,A56,Jiná chlamydiová onemocnění přenášená pohlavním stykem,66035039,35–39 let,M,0,2
2023,11,CZ010,Hl. m. Praha,A56,Jiná chlamydiová onemocnění přenášená pohlavním stykem,66035039,35–39 let,Z,0,3
2023,11,CZ010,Hl. m. Praha,A56,Jiná chlamydiová onemocnění přenášená pohlavním stykem,66040044,40–44 let,M,0,3
2023,11,CZ010,Hl. m. Praha,A56,Jiná chlamydiová onemocnění přenášená pohlavním stykem,66045049,45–49 let,M,0,1
2023,11,CZ010,Hl. m. Praha,A69,Jiné spirochetové infekce,66001004,1–4 roky,Z,0,1
2023,11,CZ010,Hl. m. Praha,A69,Jiné spirochetové infekce,66005009,5–9 let,M,0,1
2023,11,CZ010,Hl. m. Praha,A69,Jiné spirochetové infekce,66010014,10–14 let,M,0,1
2023,11,CZ010,Hl. m. Praha,A69,Jiné spirochetové infekce,66015019,15–19 let,M,0,1
2023,11,CZ010,Hl. m. Praha,A69,Jiné spirochetové infekce,66030034,30–34 let,Z,0,1
2023,11,CZ010,Hl. m. Praha,A69,Jiné spirochetové infekce,66040044,40–44 let,M,0,1
2023,11,CZ010,Hl. m. Praha,A69,Jiné spirochetové infekce,66040044,40–44 let,Z,0,1
2023,11,CZ010,Hl. m. Praha,A69,Jiné spirochetové infekce,66045049,45–49 let,Z,0,1
2023,11,CZ010,Hl. m. Praha,A69,Jiné spirochetové infekce,66050054,50–54 let,M,0,1
2023,11,CZ010,Hl. m. Praha,A69,Jiné spirochetové infekce,66060064,60–64 let,M,0,1
2023,11,CZ010,Hl. m. Praha,A69,Jiné spirochetové infekce,66065069,65–69 let,Z,0,1
2023,11,CZ010,Hl. m. Praha,A69,Jiné spirochetové infekce,66070074,70–74 let,Z,0,1
2023,11,CZ010,Hl. m. Praha,A84,Virová encefalitida přenášená klíšťaty,66025029,25–29 let,Z,0,1
2023,11,CZ010,Hl. m. Praha,A84,Virová encefalitida přenášená klíšťaty,66035039,35–39 let,M,0,2
2023,11,CZ010,Hl. m. Praha,A84,Virová encefalitida přenášená klíšťaty,66040044,40–44 let,Z,0,1
2023,11,CZ010,Hl. m. Praha,A84,Virová encefalitida přenášená klíšťaty,66045049,45–49 let,M,0,1
2023,11,CZ010,Hl. m. Praha,A84,Virová encefalitida přenášená klíšťaty,66050054,50–54 let,M,0,1
2023,11,CZ010,Hl. m. Praha,A84,Virová encefalitida přenášená klíšťaty,66050054,50–54 let,Z,0,2
2023,11,CZ010,Hl. m. Praha,A87,Virová meningitida,66005009,5–9 let,M,0,1
2023,11,CZ010,Hl. m. Praha,A87,Virová meningitida,66030034,30–34 let,M,0,1
2023,11,CZ010,Hl. m. Praha,A87,Virová meningitida,66030034,30–34 let,Z,0,1
2023,11,CZ010,Hl. m. Praha,A87,Virová meningitida,66045049,45–49 let,M,0,1
2023,11,CZ010,Hl. m. Praha,A87,Virová meningitida,66045049,45–49 let,Z,0,2
2023,11,CZ010,Hl. m. Praha,A97,Dengue,66025029,25–29 let,M,0,1
2023,11,CZ010,Hl. m. Praha,A97,Dengue,66030034,30–34 let,Z,0,1
2023,11,CZ010,Hl. m. Praha,A97,Dengue,66045049,45–49 let,Z,0,1
2023,11,CZ010,Hl. m. Praha,B00,Infekce virem Herpes simplex,66000000,0 let,M,0,1
2023,11,CZ010,Hl. m. Praha,B00,Infekce virem Herpes simplex,66035039,35–39 let,Z,0,1
2023,11,CZ010,Hl. m. Praha,B01,Plané neštovice [varicella],66000000,0 let,Z,0,2
2023,11,CZ010,Hl. m. Praha,B01,Plané neštovice [varicella],66001004,1–4 roky,M,0,15
2023,11,CZ010,Hl. m. Praha,B01,Plané neštovice [varicella],66001004,1–4 roky,Z,0,8
2023,11,CZ010,Hl. m. Praha,B01,Plané neštovice [varicella],66005009,5–9 let,M,0,7
2023,11,CZ010,Hl. m. Praha,B01,Plané neštovice [varicella],66005009,5–9 let,Z,0,17
2023,11,CZ010,Hl. m. Praha,B01,Plané neštovice [varicella],66010014,10–14 let,M,0,1
2023,11,CZ010,Hl. m. Praha,B01,Plané neštovice [varicella],66010014,10–14 let,Z,0,1
2023,11,CZ010,Hl. m. Praha,B01,Plané neštovice [varicella],66020024,20–24 let,M,0,1
2023,11,CZ010,Hl. m. Praha,B01,Plané neštovice [varicella],66025029,25–29 let,Z,0,1
2023,11,CZ010,Hl. m. Praha,B01,Plané neštovice [varicella],66035039,35–39 let,Z,0,1
2023,11,CZ010,Hl. m. Praha,B02,Pásový opar [herpes zoster],66001004,1–4 roky,M,0,1
2023,11,CZ010,Hl. m. Praha,B02,Pásový opar [herpes zoster],66010014,10–14 let,M,0,1
2023,11,CZ010,Hl. m. Praha,B02,Pásový opar [herpes zoster],66030034,30–34 let,M,0,1
2023,11,CZ010,Hl. m. Praha,B02,Pásový opar [herpes zoster],66045049,45–49 let,M,0,2
2023,11,CZ010,Hl. m. Praha,B02,Pásový opar [herpes zoster],66055059,55–59 let,Z,0,1
2023,11,CZ010,Hl. m. Praha,B02,Pásový opar [herpes zoster],66060064,60–64 let,Z,0,1
2023,11,CZ010,Hl. m. Praha,B02,Pásový opar [herpes zoster],66065069,65–69 let,Z,0,1
2023,11,CZ010,Hl. m. Praha,B02,Pásový opar [herpes zoster],66070074,70–74 let,Z,0,1
2023,11,CZ010,Hl. m. Praha,B02,Pásový opar [herpes zoster],66075999,75+ let,M,0,1
2023,11,CZ010,Hl. m. Praha,B02,Pásový opar [herpes zoster],66075999,75+ let,Z,0,5
2023,11,CZ010,Hl. m. Praha,B08,Jiné virové infekce charakterizované postižením kůže a sliznic NJ,66000000,0 let,M,0,1
2023,11,CZ010,Hl. m. Praha,B08,Jiné virové infekce charakterizované postižením kůže a sliznic NJ,66005009,5–9 let,Z,0,1
2023,11,CZ010,Hl. m. Praha,B16,Akutní hepatitida B,66045049,45–49 let,M,0,1
2023,11,CZ010,Hl. m. Praha,B17,Jiná akutní virová hepatitida,66035039,35–39 let,Z,0,2
2023,11,CZ010,Hl. m. Praha,B17,Jiná akutní virová hepatitida,66040044,40–44 let,M,0,1
2023,11,CZ010,Hl. m. Praha,B17,Jiná akutní virová hepatitida,66050054,50–54 let,Z,0,1
2023,11,CZ010,Hl. m. Praha,B17,Jiná akutní virová hepatitida,66055059,55–59 let,Z,0,1
2023,11,CZ010,Hl. m. Praha,B17,Jiná akutní virová hepatitida,66060064,60–64 let,M,0,1
2023,11,CZ010,Hl. m. Praha,B17,Jiná akutní virová hepatitida,66065069,65–69 let,M,0,1
2023,11,CZ010,Hl. m. Praha,B18,Chronická virová hepatitida,66025029,25–29 let,Z,0,1
2023,11,CZ010,Hl. m. Praha,B18,Chronická virová hepatitida,66030034,30–34 let,M,0,2
2023,11,CZ010,Hl. m. Praha,B18,Chronická virová hepatitida,66030034,30–34 let,Z,0,3
2023,11,CZ010,Hl. m. Praha,B18,Chronická virová hepatitida,66035039,35–39 let,M,0,1
2023,11,CZ010,Hl. m. Praha,B18,Chronická virová hepatitida,66035039,35–39 let,Z,0,1
2023,11,CZ010,Hl. m. Praha,B18,Chronická virová hepatitida,66040044,40–44 let,M,0,1
2023,11,CZ010,Hl. m. Praha,B18,Chronická virová hepatitida,66045049,45–49 let,M,0,1
2023,11,CZ010,Hl. m. Praha,B18,Chronická virová hepatitida,66045049,45–49 let,Z,0,1
2023,11,CZ010,Hl. m. Praha,B18,Chronická virová hepatitida,66055059,55–59 let,M,0,1
2023,11,CZ010,Hl. m. Praha,B18,Chronická virová hepatitida,66060064,60–64 let,M,0,1
2023,11,CZ010,Hl. m. Praha,B18,Chronická virová hepatitida,66065069,65–69 let,M,0,2
2023,11,CZ010,Hl. m. Praha,B27,Infekční mononukleóza,66005009,5–9 let,M,0,1
2023,11,CZ010,Hl. m. Praha,B27,Infekční mononukleóza,66015019,15–19 let,Z,0,2
2023,11,CZ010,Hl. m. Praha,B58,Toxoplazmóza [toxoplasmosis],66010014,10–14 let,Z,0,1
2023,11,CZ010,Hl. m. Praha,B80,Enterobióza [enterobiasis],66001004,1–4 roky,M,0,1
2023,11,CZ010,Hl. m. Praha,B80,Enterobióza [enterobiasis],66001004,1–4 roky,Z,0,1
2023,11,CZ010,Hl. m. Praha,B80,Enterobióza [enterobiasis],66010014,10–14 let,Z,0,1
2023,11,CZ010,Hl. m. Praha,B86,Svrab [scabies],66000000,0 let,Z,0,1
2023,11,CZ010,Hl. m. Praha,B86,Svrab [scabies],66001004,1–4 roky,Z,0,2
2023,11,CZ010,Hl. m. Praha,B86,Svrab [scabies],66005009,5–9 let,M,0,2
2023,11,CZ010,Hl. m. Praha,B86,Svrab [scabies],66005009,5–9 let,Z,0,4
2023,11,CZ010,Hl. m. Praha,B86,Svrab [scabies],66010014,10–14 let,M,0,3
2023,11,CZ010,Hl. m. Praha,B86,Svrab [scabies],66010014,10–14 let,Z,0,2
2023,11,CZ010,Hl. m. Praha,B86,Svrab [scabies],66015019,15–19 let,M,0,3
2023,11,CZ010,Hl. m. Praha,B86,Svrab [scabies],66015019,15–19 let,Z,0,3
2023,11,CZ010,Hl. m. Praha,B86,Svrab [scabies],66020024,20–24 let,M,0,4
2022,12,CZ031,Jihočeský kraj,A08,Střevní infekce viry a jinými určenými mikroorganismy,66075999,75+ let,M,0,1
2022,12,CZ031,Jihočeský kraj,A08,Střevní infekce viry a jinými určenými mikroorganismy,66075999,75+ let,Z,0,1
2022,12,CZ031,Jihočeský kraj,A21,Tularemie,66045049,45–49 let,M,0,1
2022,12,CZ031,Jihočeský kraj,A27,Leptospiróza,66070074,70–74 let,M,0,1
2022,12,CZ031,Jihočeský kraj,A38,Spála [scarlatina],66001004,1–4 roky,M,0,5
2022,12,CZ031,Jihočeský kraj,A38,Spála [scarlatina],66001004,1–4 roky,Z,0,3
2022,12,CZ031,Jihočeský kraj,A38,Spála [scarlatina],66005009,5–9 let,M,0,14
2022,12,CZ031,Jihočeský kraj,A38,Spála [scarlatina],66005009,5–9 let,Z,0,11
2022,12,CZ031,Jihočeský kraj,A38,Spála [scarlatina],66010014,10–14 let,M,0,3
2022,12,CZ031,Jihočeský kraj,A38,Spála [scarlatina],66010014,10–14 let,Z,0,2
2022,12,CZ031,Jihočeský kraj,A39,Meningokokové infekce,66001004,1–4 roky,Z,0,1
2022,12,CZ031,Jihočeský kraj,A40,Streptokoková sepse,66020024,20–24 let,M,0,1
2022,12,CZ031,Jihočeský kraj,A40,Streptokoková sepse,66065069,65–69 let,Z,0,1
2022,12,CZ031,Jihočeský kraj,A40,Streptokoková sepse,66070074,70–74 let,M,0,1
2022,12,CZ031,Jihočeský kraj,A40,Streptokoková sepse,66075999,75+ let,M,0,1
2022,12,CZ031,Jihočeský kraj,A41,Jiná sepse,66045049,45–49 let,M,0,1
2022,12,CZ031,Jihočeský kraj,A41,Jiná sepse,66065069,65–69 let,M,0,1
2022,12,CZ031,Jihočeský kraj,A41,Jiná sepse,66065069,65–69 let,Z,0,1
2022,12,CZ031,Jihočeský kraj,A41,Jiná sepse,66070074,70–74 let,M,0,1
2022,12,CZ031,Jihočeský kraj,A41,Jiná sepse,66075999,75+ let,M,0,1
2022,12,CZ031,Jihočeský kraj,A41,Jiná sepse,66075999,75+ let,Z,0,1
2022,12,CZ031,Jihočeský kraj,A46,Růže – erysipel,66005009,5–9 let,Z,0,1
2022,12,CZ031,Jihočeský kraj,A46,Růže – erysipel,66020024,20–24 let,M,0,1
2022,12,CZ031,Jihočeský kraj,A46,Růže – erysipel,66060064,60–64 let,M,0,2
2022,12,CZ031,Jihočeský kraj,A46,Růže – erysipel,66065069,65–69 let,M,0,1
2022,12,CZ031,Jihočeský kraj,A46,Růže – erysipel,66075999,75+ let,M,0,1
2022,12,CZ031,Jihočeský kraj,A46,Růže – erysipel,66075999,75+ let,Z,0,1
2022,12,CZ031,Jihočeský kraj,A48,Jiné bakteriální nemoci nezařazené jinde,66075999,75+ let,M,0,3
2022,12,CZ031,Jihočeský kraj,A56,Jiná chlamydiová onemocnění přenášená pohlavním stykem,66015019,15–19 let,Z,0,1
2022,12,CZ031,Jihočeský kraj,A56,Jiná chlamydiová onemocnění přenášená pohlavním stykem,66020024,20–24 let,M,0,1
2022,12,CZ031,Jihočeský kraj,A56,Jiná chlamydiová onemocnění přenášená pohlavním stykem,66025029,25–29 let,M,0,1
2022,12,CZ031,Jihočeský kraj,A59,Trichomoniáza,66025029,25–29 let,Z,0,1
2022,12,CZ031,Jihočeský kraj,A59,Trichomoniáza,66030034,30–34 let,Z,0,1
2022,12,CZ031,Jihočeský kraj,A69,Jiné spirochetové infekce,66015019,15–19 let,Z,0,1
2022,12,CZ031,Jihočeský kraj,A69,Jiné spirochetové infekce,66025029,25–29 let,M,0,1
2022,12,CZ031,Jihočeský kraj,A69,Jiné spirochetové infekce,66030034,30–34 let,M,0,2
2022,12,CZ031,Jihočeský kraj,A69,Jiné spirochetové infekce,66035039,35–39 let,M,0,1
2022,12,CZ031,Jihočeský kraj,A69,Jiné spirochetové infekce,66040044,40–44 let,M,0,4
2022,12,CZ031,Jihočeský kraj,A69,Jiné spirochetové infekce,66040044,40–44 let,Z,0,2
2022,12,CZ031,Jihočeský kraj,A69,Jiné spirochetové infekce,66045049,45–49 let,M,0,1
2022,12,CZ031,Jihočeský kraj,A69,Jiné spirochetové infekce,66045049,45–49 let,Z,0,3
2022,12,CZ031,Jihočeský kraj,A69,Jiné spirochetové infekce,66050054,50–54 let,M,0,3
2022,12,CZ031,Jihočeský kraj,A69,Jiné spirochetové infekce,66055059,55–59 let,M,0,2
2022,12,CZ031,Jihočeský kraj,A69,Jiné spirochetové infekce,66055059,55–59 let,Z,0,1
2022,12,CZ031,Jihočeský kraj,A69,Jiné spirochetové infekce,66060064,60–64 let,M,0,1
2022,12,CZ031,Jihočeský kraj,A69,Jiné spirochetové infekce,66060064,60–64 let,Z,0,3
2022,12,CZ031,Jihočeský kraj,A69,Jiné spirochetové infekce,66065069,65–69 let,M,0,1
2022,12,CZ031,Jihočeský kraj,A69,Jiné spirochetové infekce,66070074,70–74 let,M,0,1
2022,12,CZ031,Jihočeský kraj,A69,Jiné spirochetové infekce,66070074,70–74 let,Z,0,1
2022,12,CZ031,Jihočeský kraj,A69,Jiné spirochetové infekce,66075999,75+ let,Z,0,1
2022,12,CZ031,Jihočeský kraj,A84,Virová encefalitida přenášená klíšťaty,66060064,60–64 let,Z,0,2
2022,12,CZ031,Jihočeský kraj,A84,Virová encefalitida přenášená klíšťaty,66065069,65–69 let,M,0,1
2022,12,CZ031,Jihočeský kraj,A87,Virová meningitida,66060064,60–64 let,Z,0,1
2022,12,CZ031,Jihočeský kraj,B01,Plané neštovice [varicella],66000000,0 let,M,0,2
2022,12,CZ031,Jihočeský kraj,B01,Plané neštovice [varicella],66000000,0 let,Z,0,1
2022,12,CZ031,Jihočeský kraj,B01,Plané neštovice [varicella],66001004,1–4 roky,M,0,47
2022,12,CZ031,Jihočeský kraj,B01,Plané neštovice [varicella],66001004,1–4 roky,Z,0,31
2022,12,CZ031,Jihočeský kraj,B01,Plané neštovice [varicella],66005009,5–9 let,M,0,71
2022,12,CZ031,Jihočeský kraj,B01,Plané neštovice [varicella],66005009,5–9 let,Z,0,58
2022,12,CZ031,Jihočeský kraj,B01,Plané neštovice [varicella],66010014,10–14 let,M,0,13
2022,12,CZ031,Jihočeský kraj,B01,Plané neštovice [varicella],66010014,10–14 let,Z,0,11
2022,12,CZ031,Jihočeský kraj,B01,Plané neštovice [varicella],66015019,15–19 let,M,0,1
2022,12,CZ031,Jihočeský kraj,B01,Plané neštovice [varicella],66015019,15–19 let,Z,0,1
2022,12,CZ031,Jihočeský kraj,B02,Pásový opar [herpes zoster],66010014,10–14 let,M,0,1
2022,12,CZ031,Jihočeský kraj,B02,Pásový opar [herpes zoster],66010014,10–14 let,Z,0,1
2022,12,CZ031,Jihočeský kraj,B02,Pásový opar [herpes zoster],66025029,25–29 let,M,0,1
2022,12,CZ031,Jihočeský kraj,B02,Pásový opar [herpes zoster],66025029,25–29 let,Z,0,1
2022,12,CZ031,Jihočeský kraj,B02,Pásový opar [herpes zoster],66035039,35–39 let,M,0,1
2022,12,CZ031,Jihočeský kraj,B02,Pásový opar [herpes zoster],66035039,35–39 let,Z,0,1
2022,12,CZ031,Jihočeský kraj,B02,Pásový opar [herpes zoster],66040044,40–44 let,Z,0,2
2022,12,CZ031,Jihočeský kraj,B02,Pásový opar [herpes zoster],66060064,60–64 let,M,0,2
2022,12,CZ031,Jihočeský kraj,B02,Pásový opar [herpes zoster],66060064,60–64 let,Z,0,1
2022,12,CZ031,Jihočeský kraj,B02,Pásový opar [herpes zoster],66065069,65–69 let,M,0,1
2022,12,CZ031,Jihočeský kraj,B02,Pásový opar [herpes zoster],66070074,70–74 let,M,0,1
2022,12,CZ031,Jihočeský kraj,B02,Pásový opar [herpes zoster],66075999,75+ let,Z,0,6
2022,12,CZ031,Jihočeský kraj,B08,Jiné virové infekce charakterizované postižením kůže a sliznic NJ,66000000,0 let,M,0,2
2022,12,CZ031,Jihočeský kraj,B08,Jiné virové infekce charakterizované postižením kůže a sliznic NJ,66000000,0 let,Z,0,2
2022,12,CZ031,Jihočeský kraj,B08,Jiné virové infekce charakterizované postižením kůže a sliznic NJ,66001004,1–4 roky,M,0,2
2022,12,CZ031,Jihočeský kraj,B08,Jiné virové infekce charakterizované postižením kůže a sliznic NJ,66001004,1–4 roky,Z,0,2
2022,12,CZ031,Jihočeský kraj,B08,Jiné virové infekce charakterizované postižením kůže a sliznic NJ,66005009,5–9 let,Z,0,4
2022,12,CZ031,Jihočeský kraj,B08,Jiné virové infekce charakterizované postižením kůže a sliznic NJ,66010014,10–14 let,M,0,1
2022,12,CZ031,Jihočeský kraj,B17,Jiná akutní virová hepatitida,66065069,65–69 let,M,0,1
2022,12,CZ031,Jihočeský kraj,B17,Jiná akutní virová hepatitida,66075999,75+ let,M,0,1
2022,12,CZ031,Jihočeský kraj,B18,Chronická virová hepatitida,66001004,1–4 roky,M,0,1
2022,12,CZ031,Jihočeský kraj,B18,Chronická virová hepatitida,66025029,25–29 let,Z,0,1
2022,12,CZ031,Jihočeský kraj,B18,Chronická virová hepatitida,66030034,30–34 let,Z,0,1
2022,12,CZ031,Jihočeský kraj,B18,Chronická virová hepatitida,66035039,35–39 let,Z,0,1
2022,12,CZ031,Jihočeský kraj,B18,Chronická virová hepatitida,66040044,40–44 let,M,0,1
2022,12,CZ031,Jihočeský kraj,B18,Chronická virová hepatitida,66045049,45–49 let,M,0,1
2022,12,CZ031,Jihočeský kraj,B25,Cytomegalovirová nemoc,66030034,30–34 let,Z,0,1
2022,12,CZ031,Jihočeský kraj,B27,Infekční mononukleóza,66005009,5–9 let,Z,0,3
2022,12,CZ031,Jihočeský kraj,B27,Infekční mononukleóza,66010014,10–14 let,M,0,1
2022,12,CZ031,Jihočeský kraj,B27,Infekční mononukleóza,66010014,10–14 let,Z,0,1
2022,12,CZ031,Jihočeský kraj,B27,Infekční mononukleóza,66015019,15–19 let,M,0,4
2022,12,CZ031,Jihočeský kraj,B27,Infekční mononukleóza,66015019,15–19 let,Z,0,2
2022,12,CZ031,Jihočeský kraj,B27,Infekční mononukleóza,66045049,45–49 let,M,0,1
2022,12,CZ031,Jihočeský kraj,B35,Dermatofytóza,66005009,5–9 let,M,0,1
2022,12,CZ031,Jihočeský kraj,B35,Dermatofytóza,66010014,10–14 let,M,0,1
2022,12,CZ031,Jihočeský kraj,B35,Dermatofytóza,66025029,25–29 let,Z,0,2
2022,12,CZ031,Jihočeský kraj,B35,Dermatofytóza,66030034,30–34 let,M,0,1
2022,12,CZ031,Jihočeský kraj,B35,Dermatofytóza,66030034,30–34 let,Z,0,2
2022,12,CZ031,Jihočeský kraj,B35,Dermatofytóza,66035039,35–39 let,M,0,1
2022,12,CZ031,Jihočeský kraj,B35,Dermatofytóza,66040044,40–44 let,M,0,2
2022,12,CZ031,Jihočeský kraj,B35,Dermatofytóza,66040044,40–44 let,Z,0,2
2022,12,CZ031,Jihočeský kraj,B35,Dermatofytóza,66045049,45–49 let,M,0,1
2022,12,CZ031,Jihočeský kraj,B35,Dermatofytóza,66050054,50–54 let,M,0,3
2022,12,CZ031,Jihočeský kraj,B35,Dermatofytóza,66055059,55–59 let,M,0,2
2022,12,CZ031,Jihočeský kraj,B35,Dermatofytóza,66055059,55–59 let,Z,0,1
2022,12,CZ031,Jihočeský kraj,B35,Dermatofytóza,66075999,75+ let,M,0,1
2022,12,CZ031,Jihočeský kraj,B80,Enterobióza [enterobiasis],66001004,1–4 roky,Z,0,1
2022,12,CZ031,Jihočeský kraj,B80,Enterobióza [enterobiasis],66005009,5–9 let,M,0,2
2022,12,CZ031,Jihočeský kraj,B80,Enterobióza [enterobiasis],66005009,5–9 let,Z,0,3
2022,12,CZ031,Jihočeský kraj,B86,Svrab [scabies],66001004,1–4 roky,M,0,1
2022,12,CZ031,Jihočeský kraj,B86,Svrab [scabies],66005009,5–9 let,M,0,1
2022,12,CZ031,Jihočeský kraj,B86,Svrab [scabies],66005009,5–9 let,Z,0,2
2022,12,CZ031,Jihočeský kraj,B86,Svrab [scabies],66010014,10–14 let,M,0,2
2022,12,CZ031,Jihočeský kraj,B86,Svrab [scabies],66010014,10–14 let,Z,0,5
2022,12,CZ031,Jihočeský kraj,B86,Svrab [scabies],66015019,15–19 let,M,0,3
2022,12,CZ031,Jihočeský kraj,B86,Svrab [scabies],66015019,15–19 let,Z,0,5
2022,12,CZ031,Jihočeský kraj,B86,Svrab [scabies],66020024,20–24 let,M,0,2
2022,12,CZ031,Jihočeský kraj,B86,Svrab [scabies],66020024,20–24 let,Z,0,1
2022,12,CZ031,Jihočeský kraj,B86,Svrab [scabies],66025029,25–29 let,M,0,1
2022,12,CZ031,Jihočeský kraj,B86,Svrab [scabies],66025029,25–29 let,Z,0,1
2022,12,CZ031,Jihočeský kraj,B86,Svrab [scabies],66035039,35–39 let,M,0,1
2022,12,CZ031,Jihočeský kraj,B86,Svrab [scabies],66035039,35–39 let,Z,0,2
2022,12,CZ031,Jihočeský kraj,B86,Svrab [scabies],66045049,45–49 let,Z,0,1
2022,12,CZ031,Jihočeský kraj,B86,Svrab [scabies],66050054,50–54 let,M,0,4
2022,12,CZ031,Jihočeský kraj,B86,Svrab [scabies],66055059,55–59 let,M,0,1
2022,12,CZ031,Jihočeský kraj,B86,Svrab [scabies],66055059,55–59 let,Z,0,1
2022,12,CZ031,Jihočeský kraj,B86,Svrab [scabies],66060064,60–64 let,M,0,2
2022,12,CZ031,Jihočeský kraj,B86,Svrab [scabies],66075999,75+ let,Z,0,2
2022,12,CZ031,Jihočeský kraj,J12,Virový zánět plic (pneumonie) nezařazený jinde,66005009,5–9 let,M,0,1
2022,12,CZ031,Jihočeský kraj,W54,Kousnutí nebo úder psem,66001004,1–4 roky,M,0,1
2022,12,CZ031,Jihočeský kraj,W54,Kousnutí nebo úder psem,66001004,1–4 roky,Z,0,1
2022,12,CZ031,Jihočeský kraj,W54,Kousnutí nebo úder psem,66005009,5–9 let,Z,0,1
2022,12,CZ031,Jihočeský kraj,W54,Kousnutí nebo úder psem,66020024,20–24 let,M,0,3
2022,12,CZ031,Jihočeský kraj,W54,Kousnutí nebo úder psem,66030034,30–34 let,Z,0,1
2022,12,CZ031,Jihočeský kraj,W54,Kousnutí nebo úder psem,66040044,40–44 let,Z,0,1
2022,12,CZ031,Jihočeský kraj,W54,Kousnutí nebo úder psem,66050054,50–54 let,M,0,1
2022,12,CZ031,Jihočeský kraj,W54,Kousnutí nebo úder psem,66065069,65–69 let,Z,0,1
2022,12,CZ031,Jihočeský kraj,W55,Kousnutí nebo úder jinými savci,66001004,1–4 roky,M,0,1
2022,12,CZ031,Jihočeský kraj,W55,Kousnutí nebo úder jinými savci,66030034,30–34 let,Z,0,1
2022,12,CZ031,Jihočeský kraj,W55,Kousnutí nebo úder jinými savci,66035039,35–39 let,Z,0,1
2022,12,CZ031,Jihočeský kraj,W55,Kousnutí nebo úder jinými savci,66055059,55–59 let,M,0,1
2022,12,CZ031,Jihočeský kraj,W55,Kousnutí nebo úder jinými savci,66055059,55–59 let,Z,0,1
2022,12,CZ031,Jihočeský kraj,W55,Kousnutí nebo úder jinými savci,66075999,75+ let,M,0,1
2022,1,CZ032,Plzeňský kraj,A02,Jiné infekce způsobené salmonelami,66000000,0 let,M,0,1
2022,1,CZ032,Plzeňský kraj,A02,Jiné infekce způsobené salmonelami,66000000,0 let,Z,0,1
2022,1,CZ032,Plzeňský kraj,A02,Jiné infekce způsobené salmonelami,66001004,1–4 roky,Z,0,1
2022,1,CZ032,Plzeňský kraj,A02,Jiné infekce způsobené salmonelami,66005009,5–9 let,M,0,1
2022,1,CZ032,Plzeňský kraj,A02,Jiné infekce způsobené salmonelami,66005009,5–9 let,Z,0,2
2022,1,CZ032,Plzeňský kraj,A02,Jiné infekce způsobené salmonelami,66010014,10–14 let,M,0,1
2022,1,CZ032,Plzeňský kraj,A02,Jiné infekce způsobené salmonelami,66015019,15–19 let,M,0,1
2022,1,CZ032,Plzeňský kraj,A02,Jiné infekce způsobené salmonelami,66015019,15–19 let,Z,0,3
2022,1,CZ032,Plzeňský kraj,A02,Jiné infekce způsobené salmonelami,66055059,55–59 let,Z,0,1
2022,1,CZ032,Plzeňský kraj,A02,Jiné infekce způsobené salmonelami,66070074,70–74 let,Z,0,1
2022,1,CZ032,Plzeňský kraj,A04,Jiné bakteriální střevní infekce,66001004,1–4 roky,M,0,2
2022,1,CZ032,Plzeňský kraj,A04,Jiné bakteriální střevní infekce,66005009,5–9 let,M,0,1
2022,1,CZ032,Plzeňský kraj,A04,Jiné bakteriální střevní infekce,66005009,5–9 let,Z,0,1
2022,1,CZ032,Plzeňský kraj,A04,Jiné bakteriální střevní infekce,66010014,10–14 let,Z,0,1
2022,1,CZ032,Plzeňský kraj,A04,Jiné bakteriální střevní infekce,66015019,15–19 let,Z,0,1
2022,1,CZ032,Plzeňský kraj,A04,Jiné bakteriální střevní infekce,66020024,20–24 let,Z,0,1
2022,1,CZ032,Plzeňský kraj,A04,Jiné bakteriální střevní infekce,66025029,25–29 let,M,0,1
2022,1,CZ032,Plzeňský kraj,A04,Jiné bakteriální střevní infekce,66030034,30–34 let,M,0,1
2022,1,CZ032,Plzeňský kraj,A04,Jiné bakteriální střevní infekce,66035039,35–39 let,M,0,1
2022,1,CZ032,Plzeňský kraj,A04,Jiné bakteriální střevní infekce,66045049,45–49 let,M,0,1
2022,1,CZ032,Plzeňský kraj,A04,Jiné bakteriální střevní infekce,66045049,45–49 let,Z,0,1
2022,1,CZ032,Plzeňský kraj,A04,Jiné bakteriální střevní infekce,66050054,50–54 let,Z,0,1
2022,1,CZ032,Plzeňský kraj,A04,Jiné bakteriální střevní infekce,66055059,55–59 let,M,0,1
2022,1,CZ032,Plzeňský kraj,A04,Jiné bakteriální střevní infekce,66055059,55–59 let,Z,0,2
2022,1,CZ032,Plzeňský kraj,A04,Jiné bakteriální střevní infekce,66060064,60–64 let,M,0,5
2022,1,CZ032,Plzeňský kraj,A04,Jiné bakteriální střevní infekce,66060064,60–64 let,Z,0,2
2022,1,CZ032,Plzeňský kraj,A04,Jiné bakteriální střevní infekce,66065069,65–69 let,M,0,3
2022,1,CZ032,Plzeňský kraj,A04,Jiné bakteriální střevní infekce,66065069,65–69 let,Z,0,1
2022,1,CZ032,Plzeňský kraj,A04,Jiné bakteriální střevní infekce,66070074,70–74 let,M,0,2
2022,1,CZ032,Plzeňský kraj,A04,Jiné bakteriální střevní infekce,66070074,70–74 let,Z,0,7
2022,1,CZ032,Plzeňský kraj,A04,Jiné bakteriální střevní infekce,66075999,75+ let,M,0,6
2022,1,CZ032,Plzeňský kraj,A04,Jiné bakteriální střevní infekce,66075999,75+ let,Z,0,11
2022,1,CZ032,Plzeňský kraj,A08,Střevní infekce viry a jinými určenými mikroorganismy,66000000,0 let,M,0,1
2022,1,CZ032,Plzeňský kraj,A08,Střevní infekce viry a jinými určenými mikroorganismy,66000000,0 let,Z,0,1
2022,1,CZ032,Plzeňský kraj,A08,Střevní infekce viry a jinými určenými mikroorganismy,66001004,1–4 roky,M,0,6
2022,1,CZ032,Plzeňský kraj,A08,Střevní infekce viry a jinými určenými mikroorganismy,66001004,1–4 roky,Z,0,5
2022,1,CZ032,Plzeňský kraj,A08,Střevní infekce viry a jinými určenými mikroorganismy,66005009,5–9 let,M,0,4
2022,1,CZ032,Plzeňský kraj,A08,Střevní infekce viry a jinými určenými mikroorganismy,66005009,5–9 let,Z,0,3
2022,1,CZ032,Plzeňský kraj,A08,Střevní infekce viry a jinými určenými mikroorganismy,66010014,10–14 let,M,0,1
2022,1,CZ032,Plzeňský kraj,A08,Střevní infekce viry a jinými určenými mikroorganismy,66010014,10–14 let,Z,0,3
2022,1,CZ032,Plzeňský kraj,A08,Střevní infekce viry a jinými určenými mikroorganismy,66015019,15–19 let,M,0,1
2022,1,CZ032,Plzeňský kraj,A08,Střevní infekce viry a jinými určenými mikroorganismy,66025029,25–29 let,M,0,1
2022,1,CZ032,Plzeňský kraj,A08,Střevní infekce viry a jinými určenými mikroorganismy,66025029,25–29 let,Z,0,1
2022,1,CZ032,Plzeňský kraj,A08,Střevní infekce viry a jinými určenými mikroorganismy,66030034,30–34 let,Z,0,1
2022,1,CZ032,Plzeňský kraj,A08,Střevní infekce viry a jinými určenými mikroorganismy,66060064,60–64 let,M,0,1
2022,1,CZ032,Plzeňský kraj,A08,Střevní infekce viry a jinými určenými mikroorganismy,66070074,70–74 let,M,0,2
2022,1,CZ032,Plzeňský kraj,A08,Střevní infekce viry a jinými určenými mikroorganismy,66070074,70–74 let,Z,0,1
2022,1,CZ032,Plzeňský kraj,A08,Střevní infekce viry a jinými určenými mikroorganismy,66075999,75+ let,M,0,1
2022,1,CZ032,Plzeňský kraj,A08,Střevní infekce viry a jinými určenými mikroorganismy,66075999,75+ let,Z,0,8
2022,1,CZ032,Plzeňský kraj,A41,Jiná sepse,66035039,35–39 let,M,0,1
2022,1,CZ032,Plzeňský kraj,A41,Jiná sepse,66060064,60–64 let,M,0,2
2022,1,CZ032,Plzeňský kraj,A41,Jiná sepse,66065069,65–69 let,M,0,3
2022,1,CZ032,Plzeňský kraj,A41,Jiná sepse,66065069,65–69 let,Z,0,1
2022,1,CZ032,Plzeňský kraj,A41,Jiná sepse,66070074,70–74 let,M,0,1
2022,1,CZ032,Plzeňský kraj,A41,Jiná sepse,66075999,75+ let,M,0,2
2022,1,CZ032,Plzeňský kraj,A41,Jiná sepse,66075999,75+ let,Z,0,1
2022,1,CZ032,Plzeňský kraj,A46,Růže – erysipel,66040044,40–44 let,M,0,2
2022,1,CZ032,Plzeňský kraj,A46,Růže – erysipel,66050054,50–54 let,M,0,1
2022,1,CZ032,Plzeňský kraj,A46,Růže – erysipel,66055059,55–59 let,M,0,2
2022,1,CZ032,Plzeňský kraj,A46,Růže – erysipel,66060064,60–64 let,M,0,1
2022,1,CZ032,Plzeňský kraj,A46,Růže – erysipel,66060064,60–64 let,Z,0,1
2022,1,CZ032,Plzeňský kraj,A46,Růže – erysipel,66065069,65–69 let,Z,0,1
2022,1,CZ032,Plzeňský kraj,A46,Růže – erysipel,66070074,70–74 let,M,0,1
2022,1,CZ032,Plzeňský kraj,A46,Růže – erysipel,66075999,75+ let,M,0,3
2022,1,CZ032,Plzeňský kraj,A46,Růže – erysipel,66075999,75+ let,Z,0,3
2022,1,CZ032,Plzeňský kraj,A48,Jiné bakteriální nemoci nezařazené jinde,66055059,55–59 let,M,0,1
2022,1,CZ032,Plzeňský kraj,A56,Jiná chlamydiová onemocnění přenášená pohlavním stykem,66020024,20–24 let,M,0,1
2022,1,CZ032,Plzeňský kraj,A56,Jiná chlamydiová onemocnění přenášená pohlavním stykem,66020024,20–24 let,Z,0,1
2022,1,CZ032,Plzeňský kraj,A56,Jiná chlamydiová onemocnění přenášená pohlavním stykem,66025029,25–29 let,M,0,2
2022,1,CZ032,Plzeňský kraj,A56,Jiná chlamydiová onemocnění přenášená pohlavním stykem,66025029,25–29 let,Z,0,1
2022,1,CZ032,Plzeňský kraj,A56,Jiná chlamydiová onemocnění přenášená pohlavním stykem,66035039,35–39 let,M,0,1
2022,1,CZ032,Plzeňský kraj,A69,Jiné spirochetové infekce,66015019,15–19 let,Z,0,1
2022,1,CZ032,Plzeňský kraj,A69,Jiné spirochetové infekce,66035039,35–39 let,Z,0,1
2022,1,CZ032,Plzeňský kraj,A69,Jiné spirochetové infekce,66045049,45–49 let,Z,0,1
2022,1,CZ032,Plzeňský kraj,A69,Jiné spirochetové infekce,66055059,55–59 let,M,0,1
2022,1,CZ032,Plzeňský kraj,A69,Jiné spirochetové infekce,66060064,60–64 let,Z,0,1
2022,1,CZ032,Plzeňský kraj,A69,Jiné spirochetové infekce,66070074,70–74 let,Z,0,1
2022,1,CZ032,Plzeňský kraj,B00,Infekce virem Herpes simplex,66045049,45–49 let,Z,0,1
2022,1,CZ032,Plzeňský kraj,B00,Infekce virem Herpes simplex,66070074,70–74 let,Z,0,1
2022,1,CZ032,Plzeňský kraj,B01,Plané neštovice [varicella],66000000,0 let,M,0,4
2022,1,CZ032,Plzeňský kraj,B01,Plané neštovice [varicella],66000000,0 let,Z,0,2
2022,1,CZ032,Plzeňský kraj,B01,Plané neštovice [varicella],66001004,1–4 roky,M,0,43
2022,1,CZ032,Plzeňský kraj,B01,Plané neštovice [varicella],66001004,1–4 roky,Z,0,38
2022,1,CZ032,Plzeňský kraj,B01,Plané neštovice [varicella],66005009,5–9 let,M,0,48
2022,1,CZ032,Plzeňský kraj,B01,Plané neštovice [varicella],66005009,5–9 let,Z,0,44
2022,1,CZ032,Plzeňský kraj,B01,Plané neštovice [varicella],66010014,10–14 let,M,0,9
2022,1,CZ032,Plzeňský kraj,B01,Plané neštovice [varicella],66010014,10–14 let,Z,0,5
2022,1,CZ032,Plzeňský kraj,B01,Plané neštovice [varicella],66015019,15–19 let,M,0,1
2022,1,CZ032,Plzeňský kraj,B01,Plané neštovice [varicella],66015019,15–19 let,Z,0,1
2022,1,CZ032,Plzeňský kraj,B01,Plané neštovice [varicella],66025029,25–29 let,M,0,2
2022,1,CZ032,Plzeňský kraj,B01,Plané neštovice [varicella],66030034,30–34 let,Z,0,1
2022,1,CZ032,Plzeňský kraj,B01,Plané neštovice [varicella],66035039,35–39 let,Z,0,1
2022,1,CZ032,Plzeňský kraj,B01,Plané neštovice [varicella],66060064,60–64 let,Z,0,1
2022,1,CZ032,Plzeňský kraj,B02,Pásový opar [herpes zoster],66010014,10–14 let,M,0,2
2022,1,CZ032,Plzeňský kraj,B02,Pásový opar [herpes zoster],66030034,30–34 let,Z,0,1
2022,1,CZ032,Plzeňský kraj,B02,Pásový opar [herpes zoster],66035039,35–39 let,M,0,1
2022,1,CZ032,Plzeňský kraj,B02,Pásový opar [herpes zoster],66050054,50–54 let,Z,0,1
2022,1,CZ032,Plzeňský kraj,B02,Pásový opar [herpes zoster],66055059,55–59 let,M,0,2
2022,1,CZ032,Plzeňský kraj,B02,Pásový opar [herpes zoster],66060064,60–64 let,Z,0,1
2022,1,CZ032,Plzeňský kraj,B02,Pásový opar [herpes zoster],66065069,65–69 let,Z,0,1
2022,1,CZ032,Plzeňský kraj,B02,Pásový opar [herpes zoster],66070074,70–74 let,M,0,2
2022,1,CZ032,Plzeňský kraj,B02,Pásový opar [herpes zoster],66070074,70–74 let,Z,0,2
2022,1,CZ032,Plzeňský kraj,B02,Pásový opar [herpes zoster],66075999,75+ let,M,0,2
2022,1,CZ032,Plzeňský kraj,B02,Pásový opar [herpes zoster],66075999,75+ let,Z,0,4
2022,1,CZ032,Plzeňský kraj,B08,Jiné virové infekce charakterizované postižením kůže a sliznic NJ,66000000,0 let,M,0,1
2022,1,CZ032,Plzeňský kraj,B08,Jiné virové infekce charakterizované postižením kůže a sliznic NJ,66000000,0 let,Z,0,2
2022,1,CZ032,Plzeňský kraj,B18,Chronická virová hepatitida,66025029,25–29 let,M,0,1
2022,1,CZ032,Plzeňský kraj,B18,Chronická virová hepatitida,66030034,30–34 let,Z,0,1
2022,1,CZ032,Plzeňský kraj,B18,Chronická virová hepatitida,66040044,40–44 let,Z,0,1
2022,1,CZ032,Plzeňský kraj,B18,Chronická virová hepatitida,66055059,55–59 let,Z,0,1
2022,1,CZ032,Plzeňský kraj,B18,Chronická virová hepatitida,66075999,75+ let,Z,0,1
2022,1,CZ032,Plzeňský kraj,B35,Dermatofytóza,66020024,20–24 let,Z,0,1
2022,1,CZ032,Plzeňský kraj,B58,Toxoplazmóza [toxoplasmosis],66015019,15–19 let,M,0,1
2022,1,CZ032,Plzeňský kraj,B77,Askarióza [ascariasis],66001004,1–4 roky,M,0,1
2022,1,CZ032,Plzeňský kraj,B80,Enterobióza [enterobiasis],66005009,5–9 let,M,0,1
2022,1,CZ032,Plzeňský kraj,B85,"Zavšivení – pedikulóza [pediculosis], ftiriáza [phthiriasis]",66010014,10–14 let,Z,0,1
2022,1,CZ032,Plzeňský kraj,B85,"Zavšivení – pedikulóza [pediculosis], ftiriáza [phthiriasis]",66055059,55–59 let,M,0,2
2022,1,CZ032,Plzeňský kraj,B86,Svrab [scabies],66001004,1–4 roky,M,0,1
2022,1,CZ032,Plzeňský kraj,B86,Svrab [scabies],66005009,5–9 let,M,0,1
2022,1,CZ032,Plzeňský kraj,B86,Svrab [scabies],66005009,5–9 let,Z,0,1
2022,1,CZ032,Plzeňský kraj,B86,Svrab [scabies],66010014,10–14 let,M,0,2
2022,1,CZ032,Plzeňský kraj,B86,Svrab [scabies],66010014,10–14 let,Z,0,2
2022,1,CZ032,Plzeňský kraj,B86,Svrab [scabies],66015019,15–19 let,M,0,3
2022,1,CZ032,Plzeňský kraj,B86,Svrab [scabies],66015019,15–19 let,Z,0,4
2022,1,CZ032,Plzeňský kraj,B86,Svrab [scabies],66020024,20–24 let,M,0,2
2022,1,CZ032,Plzeňský kraj,B86,Svrab [scabies],66020024,20–24 let,Z,0,1
2022,1,CZ032,Plzeňský kraj,B86,Svrab [scabies],66025029,25–29 let,M,0,1
2022,1,CZ032,Plzeňský kraj,B86,Svrab [scabies],66025029,25–29 let,Z,0,1
2022,1,CZ032,Plzeňský kraj,B86,Svrab [scabies],66030034,30–34 let,M,0,1
2022,1,CZ032,Plzeňský kraj,B86,Svrab [scabies],66040044,40–44 let,Z,0,1
2022,1,CZ032,Plzeňský kraj,B86,Svrab [scabies],66045049,45–49 let,M,0,1
2022,1,CZ032,Plzeňský kraj,B86,Svrab [scabies],66045049,45–49 let,Z,0,1
2022,1,CZ032,Plzeňský kraj,B86,Svrab [scabies],66050054,50–54 let,M,0,1
2022,1,CZ032,Plzeňský kraj,B86,Svrab [scabies],66055059,55–59 let,M,0,1
2022,1,CZ032,Plzeňský kraj,B86,Svrab [scabies],66055059,55–59 let,Z,0,1
2022,1,CZ032,Plzeňský kraj,B86,Svrab [scabies],66060064,60–64 let,M,0,2
2022,1,CZ032,Plzeňský kraj,B86,Svrab [scabies],66060064,60–64 let,Z,0,1
2022,1,CZ032,Plzeňský kraj,B86,Svrab [scabies],66065069,65–69 let,M,0,1
2022,1,CZ032,Plzeňský kraj,B86,Svrab [scabies],66065069,65–69 let,Z,0,1
2022,1,CZ032,Plzeňský kraj,B86,Svrab [scabies],66070074,70–74 let,Z,0,1
2022,1,CZ032,Plzeňský kraj,B86,Svrab [scabies],66075999,75+ let,M,0,2
2022,1,CZ032,Plzeňský kraj,B86,Svrab [scabies],66075999,75+ let,Z,0,1
2022,2,CZ032,Plzeňský kraj,A02,Jiné infekce způsobené salmonelami,66000000,0 let,Z,0,1
2022,2,CZ032,Plzeňský kraj,A02,Jiné infekce způsobené salmonelami,66001004,1–4 roky,M,0,5
2022,2,CZ032,Plzeňský kraj,A02,Jiné infekce způsobené salmonelami,66001004,1–4 roky,Z,0,1
2022,2,CZ032,Plzeňský kraj,A02,Jiné infekce způsobené salmonelami,66005009,5–9 let,M,0,1
2022,2,CZ032,Plzeňský kraj,A02,Jiné infekce způsobené salmonelami,66005009,5–9 let,Z,0,1
2022,2,CZ032,Plzeňský kraj,A02,Jiné infekce způsobené salmonelami,66010014,10–14 let,M,0,1
2022,2,CZ032,Plzeňský kraj,A02,Jiné infekce způsobené salmonelami,66025029,25–29 let,M,0,1
2022,2,CZ032,Plzeňský kraj,A02,Jiné infekce způsobené salmonelami,66040044,40–44 let,M,0,1
2022,2,CZ032,Plzeňský kraj,A02,Jiné infekce způsobené salmonelami,66050054,50–54 let,M,0,1
2022,2,CZ032,Plzeňský kraj,A02,Jiné infekce způsobené salmonelami,66055059,55–59 let,Z,0,1
2022,2,CZ032,Plzeňský kraj,A02,Jiné infekce způsobené salmonelami,66060064,60–64 let,Z,0,1
2022,2,CZ032,Plzeňský kraj,A02,Jiné infekce způsobené salmonelami,66070074,70–74 let,Z,0,1
2022,2,CZ032,Plzeňský kraj,A02,Jiné infekce způsobené salmonelami,66075999,75+ let,Z,0,1
2022,2,CZ032,Plzeňský kraj,A04,Jiné bakteriální střevní infekce,66000000,0 let,M,0,1
2022,2,CZ032,Plzeňský kraj,A04,Jiné bakteriální střevní infekce,66000000,0 let,Z,0,2
2022,2,CZ032,Plzeňský kraj,A04,Jiné bakteriální střevní infekce,66001004,1–4 roky,M,0,3
2022,2,CZ032,Plzeňský kraj,A04,Jiné bakteriální střevní infekce,66001004,1–4 roky,Z,0,2
2022,2,CZ032,Plzeňský kraj,A04,Jiné bakteriální střevní infekce,66005009,5–9 let,M,0,3
2022,2,CZ032,Plzeňský kraj,A04,Jiné bakteriální střevní infekce,66010014,10–14 let,M,0,1
2022,2,CZ032,Plzeňský kraj,A04,Jiné bakteriální střevní infekce,66015019,15–19 let,M,0,2
2022,2,CZ032,Plzeňský kraj,A04,Jiné bakteriální střevní infekce,66015019,15–19 let,Z,0,1
2022,2,CZ032,Plzeňský kraj,A04,Jiné bakteriální střevní infekce,66020024,20–24 let,M,0,2
2022,2,CZ032,Plzeňský kraj,A04,Jiné bakteriální střevní infekce,66020024,20–24 let,Z,0,1
2022,2,CZ032,Plzeňský kraj,A04,Jiné bakteriální střevní infekce,66030034,30–34 let,Z,0,1
2022,2,CZ032,Plzeňský kraj,A04,Jiné bakteriální střevní infekce,66035039,35–39 let,M,0,2
2022,2,CZ032,Plzeňský kraj,A04,Jiné bakteriální střevní infekce,66035039,35–39 let,Z,0,1
2022,2,CZ032,Plzeňský kraj,A04,Jiné bakteriální střevní infekce,66040044,40–44 let,Z,0,1
2022,2,CZ032,Plzeňský kraj,A04,Jiné bakteriální střevní infekce,66045049,45–49 let,M,0,1
2022,2,CZ032,Plzeňský kraj,A04,Jiné bakteriální střevní infekce,66050054,50–54 let,Z,0,1
2022,2,CZ032,Plzeňský kraj,A04,Jiné bakteriální střevní infekce,66055059,55–59 let,Z,0,2
2022,2,CZ032,Plzeňský kraj,A04,Jiné bakteriální střevní infekce,66060064,60–64 let,M,0,2
2022,2,CZ032,Plzeňský kraj,A04,Jiné bakteriální střevní infekce,66060064,60–64 let,Z,0,1
2022,2,CZ032,Plzeňský kraj,A04,Jiné bakteriální střevní infekce,66065069,65–69 let,M,0,3
2022,2,CZ032,Plzeňský kraj,A04,Jiné bakteriální střevní infekce,66065069,65–69 let,Z,0,5
2022,2,CZ032,Plzeňský kraj,A04,Jiné bakteriální střevní infekce,66070074,70–74 let,Z,0,6
2022,2,CZ032,Plzeňský kraj,A04,Jiné bakteriální střevní infekce,66075999,75+ let,M,0,10
2022,2,CZ032,Plzeňský kraj,A04,Jiné bakteriální střevní infekce,66075999,75+ let,Z,0,10
2022,2,CZ032,Plzeňský kraj,A06,Amébóza,66030034,30–34 let,Z,0,1
2022,2,CZ032,Plzeňský kraj,A08,Střevní infekce viry a jinými určenými mikroorganismy,66000000,0 let,M,0,7
2022,2,CZ032,Plzeňský kraj,A08,Střevní infekce viry a jinými určenými mikroorganismy,66000000,0 let,Z,0,1
2022,2,CZ032,Plzeňský kraj,A08,Střevní infekce viry a jinými určenými mikroorganismy,66001004,1–4 roky,M,0,13
2022,2,CZ032,Plzeňský kraj,A08,Střevní infekce viry a jinými určenými mikroorganismy,66001004,1–4 roky,Z,0,14
2022,2,CZ032,Plzeňský kraj,A08,Střevní infekce viry a jinými určenými mikroorganismy,66005009,5–9 let,M,0,3
2022,2,CZ032,Plzeňský kraj,A08,Střevní infekce viry a jinými určenými mikroorganismy,66005009,5–9 let,Z,0,6
2022,2,CZ032,Plzeňský kraj,A08,Střevní infekce viry a jinými určenými mikroorganismy,66010014,10–14 let,M,0,1
2022,2,CZ032,Plzeňský kraj,A08,Střevní infekce viry a jinými určenými mikroorganismy,66010014,10–14 let,Z,0,1
2022,2,CZ032,Plzeňský kraj,A08,Střevní infekce viry a jinými určenými mikroorganismy,66020024,20–24 let,M,0,1
2022,2,CZ032,Plzeňský kraj,A08,Střevní infekce viry a jinými určenými mikroorganismy,66025029,25–29 let,Z,0,1
2022,2,CZ032,Plzeňský kraj,A08,Střevní infekce viry a jinými určenými mikroorganismy,66030034,30–34 let,Z,0,1
2022,2,CZ032,Plzeňský kraj,A08,Střevní infekce viry a jinými určenými mikroorganismy,66045049,45–49 let,Z,0,1
2022,2,CZ032,Plzeňský kraj,A08,Střevní infekce viry a jinými určenými mikroorganismy,66060064,60–64 let,M,0,2
2022,2,CZ032,Plzeňský kraj,A08,Střevní infekce viry a jinými určenými mikroorganismy,66070074,70–74 let,M,0,1
2022,2,CZ032,Plzeňský kraj,A08,Střevní infekce viry a jinými určenými mikroorganismy,66075999,75+ let,M,0,1
2022,2,CZ032,Plzeňský kraj,A08,Střevní infekce viry a jinými určenými mikroorganismy,66075999,75+ let,Z,0,2
2022,2,CZ032,Plzeňský kraj,A40,Streptokoková sepse,66045049,45–49 let,M,0,1
2022,2,CZ032,Plzeňský kraj,A40,Streptokoková sepse,66055059,55–59 let,M,0,1
2022,2,CZ032,Plzeňský kraj,A40,Streptokoková sepse,66060064,60–64 let,M,0,2
2022,2,CZ032,Plzeňský kraj,A41,Jiná sepse,66035039,35–39 let,M,0,1
2022,2,CZ032,Plzeňský kraj,A41,Jiná sepse,66045049,45–49 let,M,0,1
2022,2,CZ032,Plzeňský kraj,A41,Jiná sepse,66050054,50–54 let,Z,0,1
2022,2,CZ032,Plzeňský kraj,A41,Jiná sepse,66055059,55–59 let,Z,0,1
2022,2,CZ032,Plzeňský kraj,A41,Jiná sepse,66060064,60–64 let,M,0,2
2022,2,CZ032,Plzeňský kraj,A41,Jiná sepse,66065069,65–69 let,M,0,1
2022,2,CZ032,Plzeňský kraj,A41,Jiná sepse,66070074,70–74 let,M,0,1
2022,2,CZ032,Plzeňský kraj,A41,Jiná sepse,66070074,70–74 let,Z,0,1
2022,2,CZ032,Plzeňský kraj,A41,Jiná sepse,66075999,75+ let,M,0,2
2022,2,CZ032,Plzeňský kraj,A41,Jiná sepse,66075999,75+ let,Z,0,2
2022,2,CZ032,Plzeňský kraj,A46,Růže – erysipel,66050054,50–54 let,M,0,1
2022,2,CZ032,Plzeňský kraj,A46,Růže – erysipel,66055059,55–59 let,M,0,1
2022,2,CZ032,Plzeňský kraj,A46,Růže – erysipel,66060064,60–64 let,M,0,1
2022,2,CZ032,Plzeňský kraj,A46,Růže – erysipel,66065069,65–69 let,M,0,1
2022,2,CZ032,Plzeňský kraj,A46,Růže – erysipel,66070074,70–74 let,Z,0,1
2022,2,CZ032,Plzeňský kraj,A46,Růže – erysipel,66075999,75+ let,Z,0,1
2022,2,CZ032,Plzeňský kraj,A48,Jiné bakteriální nemoci nezařazené jinde,66075999,75+ let,Z,0,1
2022,2,CZ032,Plzeňský kraj,A56,Jiná chlamydiová onemocnění přenášená pohlavním stykem,66010014,10–14 let,Z,0,1
2022,2,CZ032,Plzeňský kraj,A56,Jiná chlamydiová onemocnění přenášená pohlavním stykem,66015019,15–19 let,M,0,1
2022,2,CZ032,Plzeňský kraj,A56,Jiná chlamydiová onemocnění přenášená pohlavním stykem,66015019,15–19 let,Z,0,1
2022,2,CZ032,Plzeňský kraj,A56,Jiná chlamydiová onemocnění přenášená pohlavním stykem,66020024,20–24 let,Z,0,2
2022,2,CZ032,Plzeňský kraj,A56,Jiná chlamydiová onemocnění přenášená pohlavním stykem,66025029,25–29 let,Z,0,3
2022,2,CZ032,Plzeňský kraj,A56,Jiná chlamydiová onemocnění přenášená pohlavním stykem,66035039,35–39 let,M,0,1
2022,2,CZ032,Plzeňský kraj,A69,Jiné spirochetové infekce,66005009,5–9 let,Z,0,1
2022,2,CZ032,Plzeňský kraj,A69,Jiné spirochetové infekce,66025029,25–29 let,M,0,1
2022,2,CZ032,Plzeňský kraj,A69,Jiné spirochetové infekce,66040044,40–44 let,Z,0,2
2022,2,CZ032,Plzeňský kraj,A69,Jiné spirochetové infekce,66065069,65–69 let,Z,0,1
2022,2,CZ032,Plzeňský kraj,A69,Jiné spirochetové infekce,66075999,75+ let,Z,0,1
2022,2,CZ032,Plzeňský kraj,A84,Virová encefalitida přenášená klíšťaty,66045049,45–49 let,Z,0,1
2022,2,CZ032,Plzeňský kraj,A84,Virová encefalitida přenášená klíšťaty,66075999,75+ let,M,0,1
2022,2,CZ032,Plzeňský kraj,B00,Infekce virem Herpes simplex,66005009,5–9 let,M,0,1
2022,2,CZ032,Plzeňský kraj,B00,Infekce virem Herpes simplex,66040044,40–44 let,Z,0,1
2022,2,CZ032,Plzeňský kraj,B00,Infekce virem Herpes simplex,66060064,60–64 let,M,0,1
2022,2,CZ032,Plzeňský kraj,B01,Plané neštovice [varicella],66000000,0 let,M,0,2
2022,2,CZ032,Plzeňský kraj,B01,Plané neštovice [varicella],66001004,1–4 roky,M,0,48
2022,2,CZ032,Plzeňský kraj,B01,Plané neštovice [varicella],66001004,1–4 roky,Z,0,58
2022,2,CZ032,Plzeňský kraj,B01,Plané neštovice [varicella],66005009,5–9 let,M,0,62
2022,2,CZ032,Plzeňský kraj,B01,Plané neštovice [varicella],66005009,5–9 let,Z,0,59
2022,2,CZ032,Plzeňský kraj,B01,Plané neštovice [varicella],66010014,10–14 let,M,0,4
2022,2,CZ032,Plzeňský kraj,B01,Plané neštovice [varicella],66010014,10–14 let,Z,0,7
2022,2,CZ032,Plzeňský kraj,B01,Plané neštovice [varicella],66015019,15–19 let,M,0,2
2022,2,CZ032,Plzeňský kraj,B01,Plané neštovice [varicella],66020024,20–24 let,Z,0,1
2022,2,CZ032,Plzeňský kraj,B02,Pásový opar [herpes zoster],66010014,10–14 let,Z,0,1
2022,2,CZ032,Plzeňský kraj,B02,Pásový opar [herpes zoster],66015019,15–19 let,M,0,1
2022,2,CZ032,Plzeňský kraj,B02,Pásový opar [herpes zoster],66015019,15–19 let,Z,0,1
2022,2,CZ032,Plzeňský kraj,B02,Pásový opar [herpes zoster],66030034,30–34 let,M,0,1
2022,2,CZ032,Plzeňský kraj,B02,Pásový opar [herpes zoster],66030034,30–34 let,Z,0,1
2022,2,CZ032,Plzeňský kraj,B02,Pásový opar [herpes zoster],66040044,40–44 let,Z,0,1
2022,2,CZ032,Plzeňský kraj,B02,Pásový opar [herpes zoster],66050054,50–54 let,M,0,1
2022,2,CZ032,Plzeňský kraj,B02,Pásový opar [herpes zoster],66050054,50–54 let,Z,0,1
2022,2,CZ032,Plzeňský kraj,B02,Pásový opar [herpes zoster],66055059,55–59 let,M,0,1
2022,2,CZ032,Plzeňský kraj,B02,Pásový opar [herpes zoster],66055059,55–59 let,Z,0,1
2022,2,CZ032,Plzeňský kraj,B02,Pásový opar [herpes zoster],66060064,60–64 let,M,0,3
2022,2,CZ032,Plzeňský kraj,B02,Pásový opar [herpes zoster],66065069,65–69 let,M,0,2
2022,2,CZ032,Plzeňský kraj,B02,Pásový opar [herpes zoster],66065069,65–69 let,Z,0,5
2022,2,CZ032,Plzeňský kraj,B02,Pásový opar [herpes zoster],66070074,70–74 let,Z,0,1
2022,2,CZ032,Plzeňský kraj,B02,Pásový opar [herpes zoster],66075999,75+ let,M,0,3
2022,2,CZ032,Plzeňský kraj,B02,Pásový opar [herpes zoster],66075999,75+ let,Z,0,2
2022,2,CZ032,Plzeňský kraj,B08,Jiné virové infekce charakterizované postižením kůže a sliznic NJ,66000000,0 let,M,0,2
2022,2,CZ032,Plzeňský kraj,B08,Jiné virové infekce charakterizované postižením kůže a sliznic NJ,66001004,1–4 roky,Z,0,1
2022,2,CZ032,Plzeňský kraj,B18,Chronická virová hepatitida,66025029,25–29 let,Z,0,1
2022,2,CZ032,Plzeňský kraj,B18,Chronická virová hepatitida,66035039,35–39 let,M,0,2
2022,2,CZ032,Plzeňský kraj,B27,Infekční mononukleóza,66015019,15–19 let,Z,0,1
2022,2,CZ032,Plzeňský kraj,B27,Infekční mononukleóza,66020024,20–24 let,Z,0,1
2022,2,CZ032,Plzeňský kraj,B35,Dermatofytóza,66065069,65–69 let,M,0,1
2022,2,CZ032,Plzeňský kraj,B58,Toxoplazmóza [toxoplasmosis],66030034,30–34 let,Z,0,1
2022,2,CZ032,Plzeňský kraj,B80,Enterobióza [enterobiasis],66010014,10–14 let,Z,0,1
2022,2,CZ032,Plzeňský kraj,B85,"Zavšivení – pedikulóza [pediculosis], ftiriáza [phthiriasis]",66030034,30–34 let,M,0,1
2022,2,CZ032,Plzeňský kraj,B85,"Zavšivení – pedikulóza [pediculosis], ftiriáza [phthiriasis]",66030034,30–34 let,Z,0,1
2022,2,CZ032,Plzeňský kraj,B85,"Zavšivení – pedikulóza [pediculosis], ftiriáza [phthiriasis]",66050054,50–54 let,M,0,1
2022,2,CZ032,Plzeňský kraj,B85,"Zavšivení – pedikulóza [pediculosis], ftiriáza [phthiriasis]",66060064,60–64 let,Z,0,1
2022,2,CZ032,Plzeňský kraj,B86,Svrab [scabies],66000000,0 let,M,0,1
2022,2,CZ032,Plzeňský kraj,B86,Svrab [scabies],66000000,0 let,Z,0,1
2022,2,CZ032,Plzeňský kraj,B86,Svrab [scabies],66001004,1–4 roky,M,0,2
2022,2,CZ032,Plzeňský kraj,B86,Svrab [scabies],66001004,1–4 roky,Z,0,2
2022,2,CZ032,Plzeňský kraj,B86,Svrab [scabies],66005009,5–9 let,M,0,3
2022,2,CZ032,Plzeňský kraj,B86,Svrab [scabies],66005009,5–9 let,Z,0,1
2022,2,CZ032,Plzeňský kraj,B86,Svrab [scabies],66010014,10–14 let,M,0,1
2022,2,CZ032,Plzeňský kraj,B86,Svrab [scabies],66010014,10–14 let,Z,0,1
2022,2,CZ032,Plzeňský kraj,B86,Svrab [scabies],66015019,15–19 let,M,0,3
2022,2,CZ032,Plzeňský kraj,B86,Svrab [scabies],66015019,15–19 let,Z,0,3
2022,2,CZ032,Plzeňský kraj,B86,Svrab [scabies],66020024,20–24 let,M,0,1
2022,2,CZ032,Plzeňský kraj,B86,Svrab [scabies],66025029,25–29 let,Z,0,2
2022,2,CZ032,Plzeňský kraj,B86,Svrab [scabies],66030034,30–34 let,M,0,3
2022,2,CZ032,Plzeňský kraj,B86,Svrab [scabies],66030034,30–34 let,Z,0,1
2022,2,CZ032,Plzeňský kraj,B86,Svrab [scabies],66035039,35–39 let,M,0,1
2022,2,CZ032,Plzeňský kraj,B86,Svrab [scabies],66050054,50–54 let,M,0,5
2022,2,CZ032,Plzeňský kraj,B86,Svrab [scabies],66050054,50–54 let,Z,0,1
2022,2,CZ032,Plzeňský kraj,B86,Svrab [scabies],66055059,55–59 let,Z,0,1
2022,2,CZ032,Plzeňský kraj,B86,Svrab [scabies],66060064,60–64 let,Z,0,1
2022,2,CZ032,Plzeňský kraj,B86,Svrab [scabies],66065069,65–69 let,Z,0,1
2022,2,CZ032,Plzeňský kraj,B86,Svrab [scabies],66070074,70–74 let,M,0,2
2022,2,CZ032,Plzeňský kraj,B86,Svrab [scabies],66070074,70–74 let,Z,0,1
2022,2,CZ032,Plzeňský kraj,B86,Svrab [scabies],66075999,75+ let,M,0,2
2022,2,CZ032,Plzeňský kraj,B86,Svrab [scabies],66075999,75+ let,Z,0,1
2022,3,CZ032,Plzeňský kraj,A02,Jiné infekce způsobené salmonelami,66000000,0 let,Z,0,1
2022,3,CZ032,Plzeňský kraj,A02,Jiné infekce způsobené salmonelami,66001004,1–4 roky,M,0,1
2022,3,CZ032,Plzeňský kraj,A02,Jiné infekce způsobené salmonelami,66001004,1–4 roky,Z,0,3
2022,3,CZ032,Plzeňský kraj,A02,Jiné infekce způsobené salmonelami,66005009,5–9 let,M,0,1
2022,3,CZ032,Plzeňský kraj,A02,Jiné infekce způsobené salmonelami,66005009,5–9 let,Z,0,1
2022,3,CZ032,Plzeňský kraj,A02,Jiné infekce způsobené salmonelami,66010014,10–14 let,M,0,1
2022,3,CZ032,Plzeňský kraj,A02,Jiné infekce způsobené salmonelami,66020024,20–24 let,M,0,1
2022,3,CZ032,Plzeňský kraj,A02,Jiné infekce způsobené salmonelami,66025029,25–29 let,Z,0,2
2022,3,CZ032,Plzeňský kraj,A02,Jiné infekce způsobené salmonelami,66040044,40–44 let,Z,0,1
2022,3,CZ032,Plzeňský kraj,A02,Jiné infekce způsobené salmonelami,66050054,50–54 let,M,0,1
2022,3,CZ032,Plzeňský kraj,A02,Jiné infekce způsobené salmonelami,66055059,55–59 let,M,0,1
2022,3,CZ032,Plzeňský kraj,A02,Jiné infekce způsobené salmonelami,66055059,55–59 let,Z,0,2
2022,3,CZ032,Plzeňský kraj,A02,Jiné infekce způsobené salmonelami,66060064,60–64 let,M,0,1
2022,3,CZ032,Plzeňský kraj,A02,Jiné infekce způsobené salmonelami,66065069,65–69 let,M,0,1
2022,3,CZ032,Plzeňský kraj,A04,Jiné bakteriální střevní infekce,66000000,0 let,M,0,1
2022,3,CZ032,Plzeňský kraj,A04,Jiné bakteriální střevní infekce,66001004,1–4 roky,M,0,3
2022,3,CZ032,Plzeňský kraj,A04,Jiné bakteriální střevní infekce,66001004,1–4 roky,Z,0,4
2022,3,CZ032,Plzeňský kraj,A04,Jiné bakteriální střevní infekce,66005009,5–9 let,M,0,2
2022,3,CZ032,Plzeňský kraj,A04,Jiné bakteriální střevní infekce,66010014,10–14 let,M,0,2
2022,3,CZ032,Plzeňský kraj,A04,Jiné bakteriální střevní infekce,66010014,10–14 let,Z,0,1
2022,3,CZ032,Plzeňský kraj,A04,Jiné bakteriální střevní infekce,66015019,15–19 let,M,0,2
2022,3,CZ032,Plzeňský kraj,A04,Jiné bakteriální střevní infekce,66015019,15–19 let,Z,0,2
2022,3,CZ032,Plzeňský kraj,A04,Jiné bakteriální střevní infekce,66020024,20–24 let,M,0,2
2022,3,CZ032,Plzeňský kraj,A04,Jiné bakteriální střevní infekce,66020024,20–24 let,Z,0,2
2022,3,CZ032,Plzeňský kraj,A04,Jiné bakteriální střevní infekce,66025029,25–29 let,Z,0,4
2022,3,CZ032,Plzeňský kraj,A04,Jiné bakteriální střevní infekce,66035039,35–39 let,M,0,1
2022,3,CZ032,Plzeňský kraj,A04,Jiné bakteriální střevní infekce,66035039,35–39 let,Z,0,1
2022,3,CZ032,Plzeňský kraj,A04,Jiné bakteriální střevní infekce,66040044,40–44 let,M,0,1
2022,3,CZ032,Plzeňský kraj,A04,Jiné bakteriální střevní infekce,66045049,45–49 let,M,0,1
2022,3,CZ032,Plzeňský kraj,A04,Jiné bakteriální střevní infekce,66045049,45–49 let,Z,0,3
2022,3,CZ032,Plzeňský kraj,A04,Jiné bakteriální střevní infekce,66050054,50–54 let,Z,0,1
2022,3,CZ032,Plzeňský kraj,A04,Jiné bakteriální střevní infekce,66055059,55–59 let,Z,0,1
2022,3,CZ032,Plzeňský kraj,A04,Jiné bakteriální střevní infekce,66060064,60–64 let,M,0,3
2022,3,CZ032,Plzeňský kraj,A04,Jiné bakteriální střevní infekce,66060064,60–64 let,Z,0,1
2022,3,CZ032,Plzeňský kraj,A04,Jiné bakteriální střevní infekce,66065069,65–69 let,M,0,3
2022,11,CZ052,Královéhradecký kraj,B01,Plané neštovice [varicella],66005009,5–9 let,M,0,39
2022,11,CZ052,Královéhradecký kraj,B01,Plané neštovice [varicella],66005009,5–9 let,Z,0,27
2022,11,CZ052,Královéhradecký kraj,B01,Plané neštovice [varicella],66010014,10–14 let,M,0,4
2022,11,CZ052,Královéhradecký kraj,B01,Plané neštovice [varicella],66010014,10–14 let,Z,0,2
2022,11,CZ052,Královéhradecký kraj,B01,Plané neštovice [varicella],66020024,20–24 let,Z,0,1
2022,11,CZ052,Královéhradecký kraj,B02,Pásový opar [herpes zoster],66010014,10–14 let,M,0,1
2022,11,CZ052,Královéhradecký kraj,B02,Pásový opar [herpes zoster],66020024,20–24 let,Z,0,1
2022,11,CZ052,Královéhradecký kraj,B02,Pásový opar [herpes zoster],66025029,25–29 let,Z,0,2
2022,11,CZ052,Královéhradecký kraj,B02,Pásový opar [herpes zoster],66030034,30–34 let,M,0,1
2022,11,CZ052,Královéhradecký kraj,B02,Pásový opar [herpes zoster],66035039,35–39 let,Z,0,3
2022,11,CZ052,Královéhradecký kraj,B02,Pásový opar [herpes zoster],66040044,40–44 let,M,0,1
2022,11,CZ052,Královéhradecký kraj,B02,Pásový opar [herpes zoster],66045049,45–49 let,M,0,1
2022,11,CZ052,Královéhradecký kraj,B02,Pásový opar [herpes zoster],66045049,45–49 let,Z,0,4
2022,11,CZ052,Královéhradecký kraj,B02,Pásový opar [herpes zoster],66050054,50–54 let,M,0,1
2022,11,CZ052,Královéhradecký kraj,B02,Pásový opar [herpes zoster],66055059,55–59 let,Z,0,4
2022,11,CZ052,Královéhradecký kraj,B02,Pásový opar [herpes zoster],66060064,60–64 let,M,0,2
2022,11,CZ052,Královéhradecký kraj,B02,Pásový opar [herpes zoster],66060064,60–64 let,Z,0,3
2022,11,CZ052,Královéhradecký kraj,B02,Pásový opar [herpes zoster],66065069,65–69 let,Z,0,6
2022,11,CZ052,Královéhradecký kraj,B02,Pásový opar [herpes zoster],66070074,70–74 let,Z,0,3
2022,11,CZ052,Královéhradecký kraj,B02,Pásový opar [herpes zoster],66075999,75+ let,M,0,6
2022,11,CZ052,Královéhradecký kraj,B02,Pásový opar [herpes zoster],66075999,75+ let,Z,0,7
2022,11,CZ052,Královéhradecký kraj,B08,Jiné virové infekce charakterizované postižením kůže a sliznic NJ,66000000,0 let,M,0,2
2022,11,CZ052,Královéhradecký kraj,B08,Jiné virové infekce charakterizované postižením kůže a sliznic NJ,66000000,0 let,Z,0,2
2022,11,CZ052,Královéhradecký kraj,B08,Jiné virové infekce charakterizované postižením kůže a sliznic NJ,66001004,1–4 roky,M,0,12
2022,11,CZ052,Královéhradecký kraj,B08,Jiné virové infekce charakterizované postižením kůže a sliznic NJ,66001004,1–4 roky,Z,0,8
2022,11,CZ052,Královéhradecký kraj,B08,Jiné virové infekce charakterizované postižením kůže a sliznic NJ,66005009,5–9 let,M,0,1
2022,11,CZ052,Královéhradecký kraj,B08,Jiné virové infekce charakterizované postižením kůže a sliznic NJ,66005009,5–9 let,Z,0,2
2022,11,CZ052,Královéhradecký kraj,B08,Jiné virové infekce charakterizované postižením kůže a sliznic NJ,66010014,10–14 let,M,0,1
2022,11,CZ052,Královéhradecký kraj,B17,Jiná akutní virová hepatitida,66035039,35–39 let,M,0,1
2022,11,CZ052,Královéhradecký kraj,B17,Jiná akutní virová hepatitida,66040044,40–44 let,M,0,1
2022,11,CZ052,Královéhradecký kraj,B17,Jiná akutní virová hepatitida,66055059,55–59 let,M,0,1
2022,11,CZ052,Královéhradecký kraj,B18,Chronická virová hepatitida,66015019,15–19 let,Z,0,1
2022,11,CZ052,Královéhradecký kraj,B18,Chronická virová hepatitida,66020024,20–24 let,M,0,1
2022,11,CZ052,Královéhradecký kraj,B18,Chronická virová hepatitida,66025029,25–29 let,M,0,1
2022,11,CZ052,Královéhradecký kraj,B18,Chronická virová hepatitida,66025029,25–29 let,Z,0,1
2022,11,CZ052,Královéhradecký kraj,B18,Chronická virová hepatitida,66030034,30–34 let,M,0,1
2022,11,CZ052,Královéhradecký kraj,B18,Chronická virová hepatitida,66040044,40–44 let,Z,0,1
2022,11,CZ052,Královéhradecký kraj,B18,Chronická virová hepatitida,66045049,45–49 let,Z,0,1
2022,11,CZ052,Královéhradecký kraj,B18,Chronická virová hepatitida,66055059,55–59 let,M,0,1
2022,11,CZ052,Královéhradecký kraj,B18,Chronická virová hepatitida,66065069,65–69 let,Z,0,1
2022,11,CZ052,Královéhradecký kraj,B27,Infekční mononukleóza,66001004,1–4 roky,Z,0,1
2022,11,CZ052,Královéhradecký kraj,B27,Infekční mononukleóza,66005009,5–9 let,M,0,1
2022,11,CZ052,Královéhradecký kraj,B27,Infekční mononukleóza,66005009,5–9 let,Z,0,1
2022,11,CZ052,Královéhradecký kraj,B27,Infekční mononukleóza,66010014,10–14 let,Z,0,3
2022,11,CZ052,Královéhradecký kraj,B27,Infekční mononukleóza,66015019,15–19 let,M,0,2
2022,11,CZ052,Královéhradecký kraj,B27,Infekční mononukleóza,66015019,15–19 let,Z,0,3
2022,11,CZ052,Královéhradecký kraj,B27,Infekční mononukleóza,66020024,20–24 let,M,0,2
2022,11,CZ052,Královéhradecký kraj,B27,Infekční mononukleóza,66025029,25–29 let,Z,0,1
2022,11,CZ052,Královéhradecký kraj,B27,Infekční mononukleóza,66055059,55–59 let,Z,0,1
2022,11,CZ052,Královéhradecký kraj,B58,Toxoplazmóza [toxoplasmosis],66005009,5–9 let,M,0,1
2022,11,CZ052,Královéhradecký kraj,B58,Toxoplazmóza [toxoplasmosis],66050054,50–54 let,Z,0,1
2022,11,CZ052,Královéhradecký kraj,B80,Enterobióza [enterobiasis],66010014,10–14 let,M,0,1
2022,11,CZ052,Královéhradecký kraj,B80,Enterobióza [enterobiasis],66025029,25–29 let,M,0,1
2022,11,CZ052,Královéhradecký kraj,B85,"Zavšivení – pedikulóza [pediculosis], ftiriáza [phthiriasis]",66015019,15–19 let,Z,0,1
2022,11,CZ052,Královéhradecký kraj,B86,Svrab [scabies],66000000,0 let,M,0,1
2022,11,CZ052,Královéhradecký kraj,B86,Svrab [scabies],66001004,1–4 roky,Z,0,1
2022,11,CZ052,Královéhradecký kraj,B86,Svrab [scabies],66005009,5–9 let,M,0,1
2022,11,CZ052,Královéhradecký kraj,B86,Svrab [scabies],66005009,5–9 let,Z,0,2
2022,11,CZ052,Královéhradecký kraj,B86,Svrab [scabies],66010014,10–14 let,M,0,4
2022,11,CZ052,Královéhradecký kraj,B86,Svrab [scabies],66010014,10–14 let,Z,0,2
2022,11,CZ052,Královéhradecký kraj,B86,Svrab [scabies],66015019,15–19 let,M,0,2
2022,11,CZ052,Královéhradecký kraj,B86,Svrab [scabies],66015019,15–19 let,Z,0,3
2022,11,CZ052,Královéhradecký kraj,B86,Svrab [scabies],66020024,20–24 let,M,0,3
2022,11,CZ052,Královéhradecký kraj,B86,Svrab [scabies],66020024,20–24 let,Z,0,2
2022,11,CZ052,Královéhradecký kraj,B86,Svrab [scabies],66030034,30–34 let,Z,0,1
2022,11,CZ052,Královéhradecký kraj,B86,Svrab [scabies],66035039,35–39 let,Z,0,1
2022,11,CZ052,Královéhradecký kraj,B86,Svrab [scabies],66040044,40–44 let,M,0,1
2022,11,CZ052,Královéhradecký kraj,B86,Svrab [scabies],66040044,40–44 let,Z,0,2
2022,11,CZ052,Královéhradecký kraj,B86,Svrab [scabies],66045049,45–49 let,M,0,2
2022,11,CZ052,Královéhradecký kraj,B86,Svrab [scabies],66055059,55–59 let,Z,0,1
2022,11,CZ052,Královéhradecký kraj,B86,Svrab [scabies],66065069,65–69 let,Z,0,1
2022,11,CZ052,Královéhradecký kraj,B86,Svrab [scabies],66075999,75+ let,Z,0,1
2022,11,CZ052,Královéhradecký kraj,J10,Chřipka způsobená identifikovaným sezónním chřipkovým virem,66005009,5–9 let,Z,0,1
2022,11,CZ052,Královéhradecký kraj,J10,Chřipka způsobená identifikovaným sezónním chřipkovým virem,66030034,30–34 let,Z,0,1
2022,11,CZ052,Královéhradecký kraj,J10,Chřipka způsobená identifikovaným sezónním chřipkovým virem,66035039,35–39 let,Z,0,1
2022,11,CZ052,Královéhradecký kraj,J10,Chřipka způsobená identifikovaným sezónním chřipkovým virem,66055059,55–59 let,M,0,1
2022,11,CZ052,Královéhradecký kraj,J10,Chřipka způsobená identifikovaným sezónním chřipkovým virem,66070074,70–74 let,M,0,2
2022,11,CZ052,Královéhradecký kraj,J10,Chřipka způsobená identifikovaným sezónním chřipkovým virem,66075999,75+ let,M,0,4
2022,11,CZ052,Královéhradecký kraj,J10,Chřipka způsobená identifikovaným sezónním chřipkovým virem,66075999,75+ let,Z,0,1
2022,11,CZ052,Královéhradecký kraj,J12,Virový zánět plic (pneumonie) nezařazený jinde,66001004,1–4 roky,M,0,2
2022,11,CZ052,Královéhradecký kraj,J12,Virový zánět plic (pneumonie) nezařazený jinde,66001004,1–4 roky,Z,0,2
2022,11,CZ052,Královéhradecký kraj,J16,Zánět plic (pneumonie) způsobený jinými infekčními organismy NJ,66060064,60–64 let,M,0,1
2022,11,CZ052,Královéhradecký kraj,W55,Kousnutí nebo úder jinými savci,66065069,65–69 let,Z,0,1
2022,12,CZ052,Královéhradecký kraj,A02,Jiné infekce způsobené salmonelami,66000000,0 let,M,0,1
2022,12,CZ052,Královéhradecký kraj,A02,Jiné infekce způsobené salmonelami,66001004,1–4 roky,M,0,2
2022,12,CZ052,Královéhradecký kraj,A02,Jiné infekce způsobené salmonelami,66001004,1–4 roky,Z,0,1
2022,12,CZ052,Královéhradecký kraj,A02,Jiné infekce způsobené salmonelami,66005009,5–9 let,M,0,1
2022,12,CZ052,Královéhradecký kraj,A02,Jiné infekce způsobené salmonelami,66005009,5–9 let,Z,0,2
2022,12,CZ052,Královéhradecký kraj,A02,Jiné infekce způsobené salmonelami,66015019,15–19 let,M,0,1
2022,12,CZ052,Královéhradecký kraj,A02,Jiné infekce způsobené salmonelami,66025029,25–29 let,Z,0,1
2022,12,CZ052,Královéhradecký kraj,A02,Jiné infekce způsobené salmonelami,66045049,45–49 let,Z,0,1
2022,12,CZ052,Královéhradecký kraj,A02,Jiné infekce způsobené salmonelami,66050054,50–54 let,M,0,1
2022,12,CZ052,Královéhradecký kraj,A02,Jiné infekce způsobené salmonelami,66075999,75+ let,Z,0,1
2022,12,CZ052,Královéhradecký kraj,A04,Jiné bakteriální střevní infekce,66000000,0 let,M,0,2
2022,12,CZ052,Královéhradecký kraj,A04,Jiné bakteriální střevní infekce,66001004,1–4 roky,M,0,4
2022,12,CZ052,Královéhradecký kraj,A04,Jiné bakteriální střevní infekce,66001004,1–4 roky,Z,0,4
2022,12,CZ052,Královéhradecký kraj,A04,Jiné bakteriální střevní infekce,66005009,5–9 let,M,0,2
2022,12,CZ052,Královéhradecký kraj,A04,Jiné bakteriální střevní infekce,66005009,5–9 let,Z,0,3
2022,12,CZ052,Královéhradecký kraj,A04,Jiné bakteriální střevní infekce,66010014,10–14 let,M,0,1
2022,12,CZ052,Královéhradecký kraj,A04,Jiné bakteriální střevní infekce,66010014,10–14 let,Z,0,1
2022,12,CZ052,Královéhradecký kraj,A04,Jiné bakteriální střevní infekce,66015019,15–19 let,M,0,4
2022,12,CZ052,Královéhradecký kraj,A04,Jiné bakteriální střevní infekce,66015019,15–19 let,Z,0,4
2022,12,CZ052,Královéhradecký kraj,A04,Jiné bakteriální střevní infekce,66020024,20–24 let,M,0,3
2022,12,CZ052,Královéhradecký kraj,A04,Jiné bakteriální střevní infekce,66020024,20–24 let,Z,0,3
2022,12,CZ052,Královéhradecký kraj,A04,Jiné bakteriální střevní infekce,66025029,25–29 let,M,0,5
2022,12,CZ052,Královéhradecký kraj,A04,Jiné bakteriální střevní infekce,66025029,25–29 let,Z,0,1
2022,12,CZ052,Královéhradecký kraj,A04,Jiné bakteriální střevní infekce,66030034,30–34 let,M,0,2
2022,12,CZ052,Královéhradecký kraj,A04,Jiné bakteriální střevní infekce,66035039,35–39 let,M,0,1
2022,12,CZ052,Královéhradecký kraj,A04,Jiné bakteriální střevní infekce,66040044,40–44 let,M,0,1
2022,12,CZ052,Královéhradecký kraj,A04,Jiné bakteriální střevní infekce,66040044,40–44 let,Z,0,5
2022,12,CZ052,Královéhradecký kraj,A04,Jiné bakteriální střevní infekce,66045049,45–49 let,Z,0,1
2022,12,CZ052,Královéhradecký kraj,A04,Jiné bakteriální střevní infekce,66050054,50–54 let,M,0,2
2022,12,CZ052,Královéhradecký kraj,A04,Jiné bakteriální střevní infekce,66050054,50–54 let,Z,0,2
2022,12,CZ052,Královéhradecký kraj,A04,Jiné bakteriální střevní infekce,66055059,55–59 let,M,0,1
2022,12,CZ052,Královéhradecký kraj,A04,Jiné bakteriální střevní infekce,66060064,60–64 let,M,0,1
2022,12,CZ052,Královéhradecký kraj,A04,Jiné bakteriální střevní infekce,66060064,60–64 let,Z,0,3
2022,12,CZ052,Královéhradecký kraj,A04,Jiné bakteriální střevní infekce,66065069,65–69 let,M,0,2
2022,12,CZ052,Královéhradecký kraj,A04,Jiné bakteriální střevní infekce,66065069,65–69 let,Z,0,5
2022,12,CZ052,Královéhradecký kraj,A04,Jiné bakteriální střevní infekce,66070074,70–74 let,M,0,1
2022,12,CZ052,Královéhradecký kraj,A04,Jiné bakteriální střevní infekce,66070074,70–74 let,Z,0,7
2022,12,CZ052,Královéhradecký kraj,A04,Jiné bakteriální střevní infekce,66075999,75+ let,M,0,4
2022,12,CZ052,Královéhradecký kraj,A04,Jiné bakteriální střevní infekce,66075999,75+ let,Z,0,15
2022,12,CZ052,Královéhradecký kraj,A08,Střevní infekce viry a jinými určenými mikroorganismy,66000000,0 let,M,0,3
2022,12,CZ052,Královéhradecký kraj,A08,Střevní infekce viry a jinými určenými mikroorganismy,66000000,0 let,Z,0,2
2022,12,CZ052,Královéhradecký kraj,A08,Střevní infekce viry a jinými určenými mikroorganismy,66001004,1–4 roky,M,0,3
2022,12,CZ052,Královéhradecký kraj,A08,Střevní infekce viry a jinými určenými mikroorganismy,66001004,1–4 roky,Z,0,8
2022,12,CZ052,Královéhradecký kraj,A08,Střevní infekce viry a jinými určenými mikroorganismy,66005009,5–9 let,M,0,2
2022,12,CZ052,Královéhradecký kraj,A08,Střevní infekce viry a jinými určenými mikroorganismy,66005009,5–9 let,Z,0,1
2022,12,CZ052,Královéhradecký kraj,A08,Střevní infekce viry a jinými určenými mikroorganismy,66025029,25–29 let,M,0,2
2022,12,CZ052,Královéhradecký kraj,A08,Střevní infekce viry a jinými určenými mikroorganismy,66025029,25–29 let,Z,0,2
2022,12,CZ052,Královéhradecký kraj,A08,Střevní infekce viry a jinými určenými mikroorganismy,66030034,30–34 let,Z,0,1
2022,12,CZ052,Královéhradecký kraj,A08,Střevní infekce viry a jinými určenými mikroorganismy,66040044,40–44 let,Z,0,1
2022,12,CZ052,Královéhradecký kraj,A08,Střevní infekce viry a jinými určenými mikroorganismy,66045049,45–49 let,Z,0,1
2022,12,CZ052,Královéhradecký kraj,A08,Střevní infekce viry a jinými určenými mikroorganismy,66050054,50–54 let,Z,0,2
2022,12,CZ052,Královéhradecký kraj,A08,Střevní infekce viry a jinými určenými mikroorganismy,66060064,60–64 let,Z,0,2
2022,12,CZ052,Královéhradecký kraj,A08,Střevní infekce viry a jinými určenými mikroorganismy,66065069,65–69 let,M,0,1
2022,12,CZ052,Královéhradecký kraj,A08,Střevní infekce viry a jinými určenými mikroorganismy,66065069,65–69 let,Z,0,2
2022,12,CZ052,Královéhradecký kraj,A08,Střevní infekce viry a jinými určenými mikroorganismy,66070074,70–74 let,Z,0,3
2022,12,CZ052,Královéhradecký kraj,A08,Střevní infekce viry a jinými určenými mikroorganismy,66075999,75+ let,M,0,5
2022,12,CZ052,Královéhradecký kraj,A08,Střevní infekce viry a jinými určenými mikroorganismy,66075999,75+ let,Z,0,24
2022,12,CZ052,Královéhradecký kraj,A21,Tularemie,66040044,40–44 let,M,0,1
2022,12,CZ052,Královéhradecký kraj,A28,Další bakteriální zoonózy nezařazené jinde,66040044,40–44 let,M,0,1
2022,12,CZ052,Královéhradecký kraj,A38,Spála [scarlatina],66001004,1–4 roky,M,0,3
2022,12,CZ052,Královéhradecký kraj,A38,Spála [scarlatina],66001004,1–4 roky,Z,0,8
2022,12,CZ052,Královéhradecký kraj,A38,Spála [scarlatina],66005009,5–9 let,M,0,13
2022,12,CZ052,Královéhradecký kraj,A38,Spála [scarlatina],66005009,5–9 let,Z,0,11
2022,12,CZ052,Královéhradecký kraj,A38,Spála [scarlatina],66010014,10–14 let,M,0,2
2022,12,CZ052,Královéhradecký kraj,A38,Spála [scarlatina],66010014,10–14 let,Z,0,1
2022,12,CZ052,Královéhradecký kraj,A39,Meningokokové infekce,66010014,10–14 let,Z,0,1
2022,12,CZ052,Královéhradecký kraj,A40,Streptokoková sepse,66060064,60–64 let,Z,0,1
2022,12,CZ052,Královéhradecký kraj,A40,Streptokoková sepse,66075999,75+ let,M,0,1
2022,12,CZ052,Královéhradecký kraj,A40,Streptokoková sepse,66075999,75+ let,Z,0,1
2022,12,CZ052,Královéhradecký kraj,A41,Jiná sepse,66070074,70–74 let,Z,0,1
2022,12,CZ052,Královéhradecký kraj,A46,Růže – erysipel,66035039,35–39 let,M,0,1
2022,12,CZ052,Královéhradecký kraj,A46,Růže – erysipel,66045049,45–49 let,M,0,1
2022,12,CZ052,Královéhradecký kraj,A46,Růže – erysipel,66045049,45–49 let,Z,0,1
2022,12,CZ052,Královéhradecký kraj,A46,Růže – erysipel,66050054,50–54 let,Z,0,1
2022,12,CZ052,Královéhradecký kraj,A46,Růže – erysipel,66060064,60–64 let,Z,0,1
2022,12,CZ052,Královéhradecký kraj,A46,Růže – erysipel,66065069,65–69 let,M,0,1
2022,12,CZ052,Královéhradecký kraj,A46,Růže – erysipel,66070074,70–74 let,Z,0,1
2022,12,CZ052,Královéhradecký kraj,A46,Růže – erysipel,66075999,75+ let,Z,0,2
2022,12,CZ052,Královéhradecký kraj,A48,Jiné bakteriální nemoci nezařazené jinde,66065069,65–69 let,M,0,1
2022,12,CZ052,Královéhradecký kraj,A56,Jiná chlamydiová onemocnění přenášená pohlavním stykem,66015019,15–19 let,Z,0,3
2022,12,CZ052,Královéhradecký kraj,A56,Jiná chlamydiová onemocnění přenášená pohlavním stykem,66020024,20–24 let,M,0,1
2022,12,CZ052,Královéhradecký kraj,A56,Jiná chlamydiová onemocnění přenášená pohlavním stykem,66020024,20–24 let,Z,0,2
2022,12,CZ052,Královéhradecký kraj,A56,Jiná chlamydiová onemocnění přenášená pohlavním stykem,66025029,25–29 let,Z,0,1
2022,12,CZ052,Královéhradecký kraj,A56,Jiná chlamydiová onemocnění přenášená pohlavním stykem,66030034,30–34 let,M,0,1
2022,12,CZ052,Královéhradecký kraj,A56,Jiná chlamydiová onemocnění přenášená pohlavním stykem,66030034,30–34 let,Z,0,1
2022,12,CZ052,Královéhradecký kraj,A56,Jiná chlamydiová onemocnění přenášená pohlavním stykem,66055059,55–59 let,M,0,2
2022,12,CZ052,Královéhradecký kraj,A69,Jiné spirochetové infekce,66005009,5–9 let,Z,0,2
2022,12,CZ052,Královéhradecký kraj,A69,Jiné spirochetové infekce,66025029,25–29 let,Z,0,1
2022,12,CZ052,Královéhradecký kraj,A69,Jiné spirochetové infekce,66030034,30–34 let,Z,0,1
2022,12,CZ052,Královéhradecký kraj,A69,Jiné spirochetové infekce,66045049,45–49 let,Z,0,1
2022,12,CZ052,Královéhradecký kraj,A69,Jiné spirochetové infekce,66050054,50–54 let,Z,0,1
2022,12,CZ052,Královéhradecký kraj,A69,Jiné spirochetové infekce,66055059,55–59 let,Z,0,2
2022,12,CZ052,Královéhradecký kraj,A69,Jiné spirochetové infekce,66060064,60–64 let,M,0,1
2022,12,CZ052,Královéhradecký kraj,A69,Jiné spirochetové infekce,66060064,60–64 let,Z,0,1
2022,12,CZ052,Královéhradecký kraj,A69,Jiné spirochetové infekce,66070074,70–74 let,M,0,1
2022,12,CZ052,Královéhradecký kraj,A81,Atypické virové infekce centrální nervové soustavy,66065069,65–69 let,Z,0,1
2022,12,CZ052,Královéhradecký kraj,A84,Virová encefalitida přenášená klíšťaty,66075999,75+ let,Z,0,1
2022,12,CZ052,Královéhradecký kraj,A87,Virová meningitida,66015019,15–19 let,Z,0,1
2022,12,CZ052,Královéhradecký kraj,B00,Infekce virem Herpes simplex,66055059,55–59 let,Z,0,1
2022,12,CZ052,Královéhradecký kraj,B01,Plané neštovice [varicella],66000000,0 let,Z,0,2
2022,12,CZ052,Královéhradecký kraj,B01,Plané neštovice [varicella],66001004,1–4 roky,M,0,33
2022,12,CZ052,Královéhradecký kraj,B01,Plané neštovice [varicella],66001004,1–4 roky,Z,0,27
2022,12,CZ052,Královéhradecký kraj,B01,Plané neštovice [varicella],66005009,5–9 let,M,0,67
2022,12,CZ052,Královéhradecký kraj,B01,Plané neštovice [varicella],66005009,5–9 let,Z,0,35
2022,12,CZ052,Královéhradecký kraj,B01,Plané neštovice [varicella],66010014,10–14 let,M,0,6
2022,12,CZ052,Královéhradecký kraj,B01,Plané neštovice [varicella],66010014,10–14 let,Z,0,5
2022,12,CZ052,Královéhradecký kraj,B01,Plané neštovice [varicella],66015019,15–19 let,M,0,1
2022,12,CZ052,Královéhradecký kraj,B01,Plané neštovice [varicella],66030034,30–34 let,Z,0,1
2022,12,CZ052,Královéhradecký kraj,B02,Pásový opar [herpes zoster],66025029,25–29 let,M,0,1
2022,12,CZ052,Královéhradecký kraj,B02,Pásový opar [herpes zoster],66040044,40–44 let,M,0,1
2022,12,CZ052,Královéhradecký kraj,B02,Pásový opar [herpes zoster],66040044,40–44 let,Z,0,1
2022,12,CZ052,Královéhradecký kraj,B02,Pásový opar [herpes zoster],66045049,45–49 let,M,0,3
2022,12,CZ052,Královéhradecký kraj,B02,Pásový opar [herpes zoster],66055059,55–59 let,M,0,2
2022,12,CZ052,Královéhradecký kraj,B02,Pásový opar [herpes zoster],66055059,55–59 let,Z,0,3
2022,12,CZ052,Královéhradecký kraj,B02,Pásový opar [herpes zoster],66060064,60–64 let,M,0,2
2022,12,CZ052,Královéhradecký kraj,B02,Pásový opar [herpes zoster],66060064,60–64 let,Z,0,2
2022,12,CZ052,Královéhradecký kraj,B02,Pásový opar [herpes zoster],66065069,65–69 let,M,0,3
2022,12,CZ052,Královéhradecký kraj,B02,Pásový opar [herpes zoster],66065069,65–69 let,Z,0,2
2022,12,CZ052,Královéhradecký kraj,B02,Pásový opar [herpes zoster],66070074,70–74 let,M,0,2
2022,12,CZ052,Královéhradecký kraj,B02,Pásový opar [herpes zoster],66070074,70–74 let,Z,0,7
2022,12,CZ052,Královéhradecký kraj,B02,Pásový opar [herpes zoster],66075999,75+ let,M,0,2
2022,12,CZ052,Královéhradecký kraj,B02,Pásový opar [herpes zoster],66075999,75+ let,Z,0,6
2022,12,CZ052,Královéhradecký kraj,B08,Jiné virové infekce charakterizované postižením kůže a sliznic NJ,66000000,0 let,M,0,1
2022,12,CZ052,Královéhradecký kraj,B08,Jiné virové infekce charakterizované postižením kůže a sliznic NJ,66001004,1–4 roky,M,0,1
2022,12,CZ052,Královéhradecký kraj,B08,Jiné virové infekce charakterizované postižením kůže a sliznic NJ,66001004,1–4 roky,Z,0,3
2022,12,CZ052,Královéhradecký kraj,B08,Jiné virové infekce charakterizované postižením kůže a sliznic NJ,66005009,5–9 let,Z,0,2
2022,12,CZ052,Královéhradecký kraj,B08,Jiné virové infekce charakterizované postižením kůže a sliznic NJ,66035039,35–39 let,Z,0,1
2022,12,CZ052,Královéhradecký kraj,B17,Jiná akutní virová hepatitida,66020024,20–24 let,M,0,1
2022,12,CZ052,Královéhradecký kraj,B17,Jiná akutní virová hepatitida,66055059,55–59 let,M,0,1
2022,12,CZ052,Královéhradecký kraj,B17,Jiná akutní virová hepatitida,66055059,55–59 let,Z,0,1
2022,12,CZ052,Královéhradecký kraj,B17,Jiná akutní virová hepatitida,66070074,70–74 let,M,0,1
2022,12,CZ052,Královéhradecký kraj,B18,Chronická virová hepatitida,66040044,40–44 let,M,0,1
2022,12,CZ052,Královéhradecký kraj,B27,Infekční mononukleóza,66001004,1–4 roky,Z,0,1
2022,12,CZ052,Královéhradecký kraj,B27,Infekční mononukleóza,66005009,5–9 let,M,0,1
2022,12,CZ052,Královéhradecký kraj,B27,Infekční mononukleóza,66005009,5–9 let,Z,0,1
2022,12,CZ052,Královéhradecký kraj,B27,Infekční mononukleóza,66010014,10–14 let,M,0,1
2022,12,CZ052,Královéhradecký kraj,B27,Infekční mononukleóza,66010014,10–14 let,Z,0,1
2022,12,CZ052,Královéhradecký kraj,B27,Infekční mononukleóza,66015019,15–19 let,M,0,3
2022,12,CZ052,Královéhradecký kraj,B27,Infekční mononukleóza,66015019,15–19 let,Z,0,2
2022,12,CZ052,Královéhradecký kraj,B27,Infekční mononukleóza,66020024,20–24 let,Z,0,2
2022,12,CZ052,Královéhradecký kraj,B27,Infekční mononukleóza,66045049,45–49 let,Z,0,1
2022,12,CZ052,Královéhradecký kraj,B35,Dermatofytóza,66001004,1–4 roky,Z,0,1
2022,12,CZ052,Královéhradecký kraj,B35,Dermatofytóza,66070074,70–74 let,M,0,1
2022,12,CZ052,Královéhradecký kraj,B35,Dermatofytóza,66075999,75+ let,Z,0,1
2022,12,CZ052,Královéhradecký kraj,B58,Toxoplazmóza [toxoplasmosis],66065069,65–69 let,Z,0,1
2022,12,CZ052,Královéhradecký kraj,B80,Enterobióza [enterobiasis],66005009,5–9 let,Z,0,1
2022,12,CZ052,Královéhradecký kraj,B86,Svrab [scabies],66001004,1–4 roky,M,0,2
2022,12,CZ052,Královéhradecký kraj,B86,Svrab [scabies],66010014,10–14 let,Z,0,2
2022,12,CZ052,Královéhradecký kraj,B86,Svrab [scabies],66015019,15–19 let,M,0,5
2022,12,CZ052,Královéhradecký kraj,B86,Svrab [scabies],66015019,15–19 let,Z,0,4
2022,12,CZ052,Královéhradecký kraj,B86,Svrab [scabies],66020024,20–24 let,M,0,3
2022,12,CZ052,Královéhradecký kraj,B86,Svrab [scabies],66020024,20–24 let,Z,0,1
2022,12,CZ052,Královéhradecký kraj,B86,Svrab [scabies],66025029,25–29 let,M,0,1
2022,12,CZ052,Královéhradecký kraj,B86,Svrab [scabies],66045049,45–49 let,Z,0,2
2022,12,CZ052,Královéhradecký kraj,B86,Svrab [scabies],66055059,55–59 let,M,0,1
2022,12,CZ052,Královéhradecký kraj,B86,Svrab [scabies],66060064,60–64 let,M,0,1
2022,12,CZ052,Královéhradecký kraj,B86,Svrab [scabies],66060064,60–64 let,Z,0,1
2022,12,CZ052,Královéhradecký kraj,B86,Svrab [scabies],66075999,75+ let,M,0,1
2022,12,CZ052,Královéhradecký kraj,B86,Svrab [scabies],66075999,75+ let,Z,0,1
2022,12,CZ052,Královéhradecký kraj,J10,Chřipka způsobená identifikovaným sezónním chřipkovým virem,66000000,0 let,M,0,1
2022,12,CZ052,Královéhradecký kraj,J10,Chřipka způsobená identifikovaným sezónním chřipkovým virem,66000000,0 let,Z,0,2
2022,12,CZ052,Královéhradecký kraj,J10,Chřipka způsobená identifikovaným sezónním chřipkovým virem,66001004,1–4 roky,M,0,10
2022,12,CZ052,Královéhradecký kraj,J10,Chřipka způsobená identifikovaným sezónním chřipkovým virem,66001004,1–4 roky,Z,0,7
2022,12,CZ052,Královéhradecký kraj,J10,Chřipka způsobená identifikovaným sezónním chřipkovým virem,66005009,5–9 let,M,0,19
2022,12,CZ052,Královéhradecký kraj,J10,Chřipka způsobená identifikovaným sezónním chřipkovým virem,66005009,5–9 let,Z,0,13
2022,12,CZ052,Královéhradecký kraj,J10,Chřipka způsobená identifikovaným sezónním chřipkovým virem,66010014,10–14 let,M,0,6
2022,12,CZ052,Královéhradecký kraj,J10,Chřipka způsobená identifikovaným sezónním chřipkovým virem,66010014,10–14 let,Z,0,3
2022,12,CZ052,Královéhradecký kraj,J10,Chřipka způsobená identifikovaným sezónním chřipkovým virem,66015019,15–19 let,M,0,6
2022,12,CZ052,Královéhradecký kraj,J10,Chřipka způsobená identifikovaným sezónním chřipkovým virem,66015019,15–19 let,Z,0,5
2022,12,CZ052,Královéhradecký kraj,J10,Chřipka způsobená identifikovaným sezónním chřipkovým virem,66020024,20–24 let,M,0,3
2022,12,CZ052,Královéhradecký kraj,J10,Chřipka způsobená identifikovaným sezónním chřipkovým virem,66020024,20–24 let,Z,0,1
2022,12,CZ052,Královéhradecký kraj,J10,Chřipka způsobená identifikovaným sezónním chřipkovým virem,66025029,25–29 let,M,0,1
2022,12,CZ052,Královéhradecký kraj,J10,Chřipka způsobená identifikovaným sezónním chřipkovým virem,66025029,25–29 let,Z,0,3
2022,12,CZ052,Královéhradecký kraj,J10,Chřipka způsobená identifikovaným sezónním chřipkovým virem,66030034,30–34 let,M,0,1
2022,12,CZ052,Královéhradecký kraj,J10,Chřipka způsobená identifikovaným sezónním chřipkovým virem,66030034,30–34 let,Z,0,6
2022,12,CZ052,Královéhradecký kraj,J10,Chřipka způsobená identifikovaným sezónním chřipkovým virem,66035039,35–39 let,M,0,1
2022,12,CZ052,Královéhradecký kraj,J10,Chřipka způsobená identifikovaným sezónním chřipkovým virem,66035039,35–39 let,Z,0,1
2022,12,CZ052,Královéhradecký kraj,J10,Chřipka způsobená identifikovaným sezónním chřipkovým virem,66040044,40–44 let,Z,0,2
2022,12,CZ052,Královéhradecký kraj,J10,Chřipka způsobená identifikovaným sezónním chřipkovým virem,66045049,45–49 let,M,0,4
2022,12,CZ052,Královéhradecký kraj,J10,Chřipka způsobená identifikovaným sezónním chřipkovým virem,66045049,45–49 let,Z,0,1
2022,12,CZ052,Královéhradecký kraj,J10,Chřipka způsobená identifikovaným sezónním chřipkovým virem,66050054,50–54 let,M,0,2
2022,12,CZ052,Královéhradecký kraj,J10,Chřipka způsobená identifikovaným sezónním chřipkovým virem,66050054,50–54 let,Z,0,3
2022,12,CZ052,Královéhradecký kraj,J10,Chřipka způsobená identifikovaným sezónním chřipkovým virem,66055059,55–59 let,M,0,3
2022,12,CZ052,Královéhradecký kraj,J10,Chřipka způsobená identifikovaným sezónním chřipkovým virem,66055059,55–59 let,Z,0,3
2022,12,CZ052,Královéhradecký kraj,J10,Chřipka způsobená identifikovaným sezónním chřipkovým virem,66060064,60–64 let,M,0,2
2022,12,CZ052,Královéhradecký kraj,J10,Chřipka způsobená identifikovaným sezónním chřipkovým virem,66060064,60–64 let,Z,0,2
2022,12,CZ052,Královéhradecký kraj,J10,Chřipka způsobená identifikovaným sezónním chřipkovým virem,66065069,65–69 let,M,0,11
2022,12,CZ052,Královéhradecký kraj,J10,Chřipka způsobená identifikovaným sezónním chřipkovým virem,66065069,65–69 let,Z,0,8
2022,12,CZ052,Královéhradecký kraj,J10,Chřipka způsobená identifikovaným sezónním chřipkovým virem,66070074,70–74 let,M,0,9
2022,12,CZ052,Královéhradecký kraj,J10,Chřipka způsobená identifikovaným sezónním chřipkovým virem,66070074,70–74 let,Z,0,8
2022,12,CZ052,Královéhradecký kraj,J10,Chřipka způsobená identifikovaným sezónním chřipkovým virem,66075999,75+ let,M,0,25
2022,12,CZ052,Královéhradecký kraj,J10,Chřipka způsobená identifikovaným sezónním chřipkovým virem,66075999,75+ let,Z,0,35
2022,12,CZ052,Královéhradecký kraj,J12,Virový zánět plic (pneumonie) nezařazený jinde,66000000,0 let,M,0,1
2022,12,CZ052,Královéhradecký kraj,J12,Virový zánět plic (pneumonie) nezařazený jinde,66001004,1–4 roky,M,0,1
2022,12,CZ052,Královéhradecký kraj,J12,Virový zánět plic (pneumonie) nezařazený jinde,66001004,1–4 roky,Z,0,1
2022,12,CZ052,Královéhradecký kraj,J13,Zánět plic‚ původce: Streptococcus pneumoniae,66001004,1–4 roky,M,0,1
2022,12,CZ052,Královéhradecký kraj,J14,Zánět plic‚ původce: Haemophilus influenzae,66065069,65–69 let,M,0,1
2022,12,CZ052,Královéhradecký kraj,W55,Kousnutí nebo úder jinými savci,66045049,45–49 let,Z,0,1
2022,1,CZ053,Pardubický kraj,A02,Jiné infekce způsobené salmonelami,66001004,1–4 roky,M,0,5
2022,1,CZ053,Pardubický kraj,A02,Jiné infekce způsobené salmonelami,66001004,1–4 roky,Z,0,3
2022,1,CZ053,Pardubický kraj,A02,Jiné infekce způsobené salmonelami,66005009,5–9 let,M,0,1
2022,1,CZ053,Pardubický kraj,A02,Jiné infekce způsobené salmonelami,66005009,5–9 let,Z,0,3
2022,1,CZ053,Pardubický kraj,A02,Jiné infekce způsobené salmonelami,66010014,10–14 let,M,0,1
2022,1,CZ053,Pardubický kraj,A02,Jiné infekce způsobené salmonelami,66015019,15–19 let,M,0,2
2022,1,CZ053,Pardubický kraj,A02,Jiné infekce způsobené salmonelami,66015019,15–19 let,Z,0,1
2022,1,CZ053,Pardubický kraj,A02,Jiné infekce způsobené salmonelami,66025029,25–29 let,Z,0,1
2022,1,CZ053,Pardubický kraj,A02,Jiné infekce způsobené salmonelami,66030034,30–34 let,M,0,1
2022,1,CZ053,Pardubický kraj,A02,Jiné infekce způsobené salmonelami,66035039,35–39 let,M,0,2
2022,1,CZ053,Pardubický kraj,A02,Jiné infekce způsobené salmonelami,66040044,40–44 let,Z,0,1
2022,1,CZ053,Pardubický kraj,A02,Jiné infekce způsobené salmonelami,66050054,50–54 let,Z,0,1
2022,1,CZ053,Pardubický kraj,A02,Jiné infekce způsobené salmonelami,66055059,55–59 let,M,0,1
2022,1,CZ053,Pardubický kraj,A02,Jiné infekce způsobené salmonelami,66060064,60–64 let,M,0,1
2022,1,CZ053,Pardubický kraj,A02,Jiné infekce způsobené salmonelami,66070074,70–74 let,Z,0,1
2022,1,CZ053,Pardubický kraj,A02,Jiné infekce způsobené salmonelami,66075999,75+ let,Z,0,1
2022,1,CZ053,Pardubický kraj,A04,Jiné bakteriální střevní infekce,66000000,0 let,M,0,3
2022,1,CZ053,Pardubický kraj,A04,Jiné bakteriální střevní infekce,66000000,0 let,Z,0,1
2022,1,CZ053,Pardubický kraj,A04,Jiné bakteriální střevní infekce,66001004,1–4 roky,M,0,4
2022,1,CZ053,Pardubický kraj,A04,Jiné bakteriální střevní infekce,66001004,1–4 roky,Z,0,3
2022,1,CZ053,Pardubický kraj,A04,Jiné bakteriální střevní infekce,66005009,5–9 let,M,0,1
2022,1,CZ053,Pardubický kraj,A04,Jiné bakteriální střevní infekce,66005009,5–9 let,Z,0,1
2022,1,CZ053,Pardubický kraj,A04,Jiné bakteriální střevní infekce,66010014,10–14 let,M,0,2
2022,1,CZ053,Pardubický kraj,A04,Jiné bakteriální střevní infekce,66010014,10–14 let,Z,0,1
2022,1,CZ053,Pardubický kraj,A04,Jiné bakteriální střevní infekce,66015019,15–19 let,M,0,1
2022,1,CZ053,Pardubický kraj,A04,Jiné bakteriální střevní infekce,66015019,15–19 let,Z,0,1
2022,1,CZ053,Pardubický kraj,A04,Jiné bakteriální střevní infekce,66020024,20–24 let,M,0,1
2022,1,CZ053,Pardubický kraj,A04,Jiné bakteriální střevní infekce,66020024,20–24 let,Z,0,1
2022,1,CZ053,Pardubický kraj,A04,Jiné bakteriální střevní infekce,66025029,25–29 let,M,0,3
2022,1,CZ053,Pardubický kraj,A04,Jiné bakteriální střevní infekce,66030034,30–34 let,M,0,2
2022,1,CZ053,Pardubický kraj,A04,Jiné bakteriální střevní infekce,66035039,35–39 let,M,0,1
2022,1,CZ053,Pardubický kraj,A04,Jiné bakteriální střevní infekce,66040044,40–44 let,M,0,1
2022,1,CZ053,Pardubický kraj,A04,Jiné bakteriální střevní infekce,66040044,40–44 let,Z,0,2
2022,1,CZ053,Pardubický kraj,A04,Jiné bakteriální střevní infekce,66045049,45–49 let,M,0,1
2022,1,CZ053,Pardubický kraj,A04,Jiné bakteriální střevní infekce,66045049,45–49 let,Z,0,3
2022,1,CZ053,Pardubický kraj,A04,Jiné bakteriální střevní infekce,66050054,50–54 let,M,0,1
2022,1,CZ053,Pardubický kraj,A04,Jiné bakteriální střevní infekce,66055059,55–59 let,M,0,1
2022,1,CZ053,Pardubický kraj,A04,Jiné bakteriální střevní infekce,66060064,60–64 let,Z,0,1
2022,1,CZ053,Pardubický kraj,A04,Jiné bakteriální střevní infekce,66065069,65–69 let,M,0,2
2022,1,CZ053,Pardubický kraj,A04,Jiné bakteriální střevní infekce,66065069,65–69 let,Z,0,2
2022,1,CZ053,Pardubický kraj,A04,Jiné bakteriální střevní infekce,66070074,70–74 let,M,0,2
2022,1,CZ053,Pardubický kraj,A04,Jiné bakteriální střevní infekce,66070074,70–74 let,Z,0,2
2022,1,CZ053,Pardubický kraj,A04,Jiné bakteriální střevní infekce,66075999,75+ let,M,0,2
2022,1,CZ053,Pardubický kraj,A04,Jiné bakteriální střevní infekce,66075999,75+ let,Z,0,10
2022,1,CZ053,Pardubický kraj,A06,Amébóza,66010014,10–14 let,M,0,1
2022,1,CZ053,Pardubický kraj,A06,Amébóza,66010014,10–14 let,Z,0,1
2022,1,CZ053,Pardubický kraj,A08,Střevní infekce viry a jinými určenými mikroorganismy,66000000,0 let,M,0,7
2022,1,CZ053,Pardubický kraj,A08,Střevní infekce viry a jinými určenými mikroorganismy,66000000,0 let,Z,0,4
2022,1,CZ053,Pardubický kraj,A08,Střevní infekce viry a jinými určenými mikroorganismy,66001004,1–4 roky,M,0,12
2022,1,CZ053,Pardubický kraj,A08,Střevní infekce viry a jinými určenými mikroorganismy,66001004,1–4 roky,Z,0,7
2022,1,CZ053,Pardubický kraj,A08,Střevní infekce viry a jinými určenými mikroorganismy,66005009,5–9 let,M,0,7
2022,1,CZ053,Pardubický kraj,A08,Střevní infekce viry a jinými určenými mikroorganismy,66005009,5–9 let,Z,0,3
2022,1,CZ053,Pardubický kraj,A08,Střevní infekce viry a jinými určenými mikroorganismy,66015019,15–19 let,M,0,1
2022,1,CZ053,Pardubický kraj,A08,Střevní infekce viry a jinými určenými mikroorganismy,66015019,15–19 let,Z,0,1
2022,1,CZ053,Pardubický kraj,A08,Střevní infekce viry a jinými určenými mikroorganismy,66020024,20–24 let,M,0,1
2022,1,CZ053,Pardubický kraj,A08,Střevní infekce viry a jinými určenými mikroorganismy,66050054,50–54 let,Z,0,2
2022,1,CZ053,Pardubický kraj,A08,Střevní infekce viry a jinými určenými mikroorganismy,66055059,55–59 let,M,0,1
2022,1,CZ053,Pardubický kraj,A08,Střevní infekce viry a jinými určenými mikroorganismy,66060064,60–64 let,M,0,1
2022,1,CZ053,Pardubický kraj,A08,Střevní infekce viry a jinými určenými mikroorganismy,66060064,60–64 let,Z,0,1
2022,1,CZ053,Pardubický kraj,A08,Střevní infekce viry a jinými určenými mikroorganismy,66070074,70–74 let,M,0,1
2022,1,CZ053,Pardubický kraj,A08,Střevní infekce viry a jinými určenými mikroorganismy,66075999,75+ let,Z,0,1
2022,1,CZ053,Pardubický kraj,A27,Leptospiróza,66050054,50–54 let,M,0,1
2022,1,CZ053,Pardubický kraj,A37,Dávivý kašel [pertussis],66001004,1–4 roky,Z,0,1
2022,1,CZ053,Pardubický kraj,A40,Streptokoková sepse,66045049,45–49 let,M,0,1
2022,1,CZ053,Pardubický kraj,A40,Streptokoková sepse,66060064,60–64 let,M,0,1
2022,1,CZ053,Pardubický kraj,A40,Streptokoková sepse,66075999,75+ let,Z,0,1
2022,1,CZ053,Pardubický kraj,A41,Jiná sepse,66040044,40–44 let,M,0,1
2022,1,CZ053,Pardubický kraj,A41,Jiná sepse,66060064,60–64 let,Z,0,1
2022,1,CZ053,Pardubický kraj,A41,Jiná sepse,66065069,65–69 let,M,0,1
2022,1,CZ053,Pardubický kraj,A41,Jiná sepse,66075999,75+ let,M,0,1
2022,1,CZ053,Pardubický kraj,A46,Růže – erysipel,66050054,50–54 let,M,0,1
2022,1,CZ053,Pardubický kraj,A46,Růže – erysipel,66055059,55–59 let,M,0,1
2022,1,CZ053,Pardubický kraj,A46,Růže – erysipel,66060064,60–64 let,M,0,1
2022,1,CZ053,Pardubický kraj,A46,Růže – erysipel,66065069,65–69 let,M,0,1
2022,1,CZ053,Pardubický kraj,A46,Růže – erysipel,66070074,70–74 let,Z,0,1
2022,1,CZ053,Pardubický kraj,A46,Růže – erysipel,66075999,75+ let,M,0,1
2022,1,CZ053,Pardubický kraj,A46,Růže – erysipel,66075999,75+ let,Z,0,2
2022,1,CZ053,Pardubický kraj,A48,Jiné bakteriální nemoci nezařazené jinde,66060064,60–64 let,M,0,1
2022,1,CZ053,Pardubický kraj,A48,Jiné bakteriální nemoci nezařazené jinde,66070074,70–74 let,M,0,2
2022,1,CZ053,Pardubický kraj,A56,Jiná chlamydiová onemocnění přenášená pohlavním stykem,66025029,25–29 let,M,0,1
2022,1,CZ053,Pardubický kraj,A56,Jiná chlamydiová onemocnění přenášená pohlavním stykem,66025029,25–29 let,Z,0,2
2022,1,CZ053,Pardubický kraj,A56,Jiná chlamydiová onemocnění přenášená pohlavním stykem,66030034,30–34 let,M,0,1
2022,1,CZ053,Pardubický kraj,A56,Jiná chlamydiová onemocnění přenášená pohlavním stykem,66040044,40–44 let,Z,0,1
2022,1,CZ053,Pardubický kraj,A56,Jiná chlamydiová onemocnění přenášená pohlavním stykem,66045049,45–49 let,M,0,1
2022,1,CZ053,Pardubický kraj,A69,Jiné spirochetové infekce,66055059,55–59 let,Z,0,1
2022,1,CZ053,Pardubický kraj,B01,Plané neštovice [varicella],66000000,0 let,M,0,5
2022,1,CZ053,Pardubický kraj,B01,Plané neštovice [varicella],66000000,0 let,Z,0,2
2022,1,CZ053,Pardubický kraj,B01,Plané neštovice [varicella],66001004,1–4 roky,M,0,19
2022,1,CZ053,Pardubický kraj,B01,Plané neštovice [varicella],66001004,1–4 roky,Z,0,26
2022,1,CZ053,Pardubický kraj,B01,Plané neštovice [varicella],66005009,5–9 let,M,0,27
2022,1,CZ053,Pardubický kraj,B01,Plané neštovice [varicella],66005009,5–9 let,Z,0,30
2022,1,CZ053,Pardubický kraj,B01,Plané neštovice [varicella],66010014,10–14 let,M,0,1
2022,1,CZ053,Pardubický kraj,B01,Plané neštovice [varicella],66010014,10–14 let,Z,0,4
2022,1,CZ053,Pardubický kraj,B01,Plané neštovice [varicella],66015019,15–19 let,M,0,1
2022,1,CZ053,Pardubický kraj,B02,Pásový opar [herpes zoster],66001004,1–4 roky,Z,0,1
2022,1,CZ053,Pardubický kraj,B02,Pásový opar [herpes zoster],66005009,5–9 let,M,0,2
2022,1,CZ053,Pardubický kraj,B02,Pásový opar [herpes zoster],66010014,10–14 let,M,0,1
2022,1,CZ053,Pardubický kraj,B02,Pásový opar [herpes zoster],66015019,15–19 let,Z,0,1
2022,1,CZ053,Pardubický kraj,B02,Pásový opar [herpes zoster],66030034,30–34 let,M,0,1
2022,1,CZ053,Pardubický kraj,B02,Pásový opar [herpes zoster],66035039,35–39 let,M,0,1
2022,1,CZ053,Pardubický kraj,B02,Pásový opar [herpes zoster],66040044,40–44 let,M,0,1
2022,1,CZ053,Pardubický kraj,B02,Pásový opar [herpes zoster],66050054,50–54 let,Z,0,3
2022,1,CZ053,Pardubický kraj,B02,Pásový opar [herpes zoster],66060064,60–64 let,M,0,2
2022,1,CZ053,Pardubický kraj,B02,Pásový opar [herpes zoster],66060064,60–64 let,Z,0,1
2022,1,CZ053,Pardubický kraj,B02,Pásový opar [herpes zoster],66065069,65–69 let,M,0,2
2022,1,CZ053,Pardubický kraj,B02,Pásový opar [herpes zoster],66065069,65–69 let,Z,0,2
2022,1,CZ053,Pardubický kraj,B02,Pásový opar [herpes zoster],66070074,70–74 let,M,0,1
2022,1,CZ053,Pardubický kraj,B02,Pásový opar [herpes zoster],66070074,70–74 let,Z,0,2
2022,1,CZ053,Pardubický kraj,B02,Pásový opar [herpes zoster],66075999,75+ let,M,0,2
2022,1,CZ053,Pardubický kraj,B02,Pásový opar [herpes zoster],66075999,75+ let,Z,0,1
2022,1,CZ053,Pardubický kraj,B08,Jiné virové infekce charakterizované postižením kůže a sliznic NJ,66000000,0 let,Z,0,1
2022,1,CZ053,Pardubický kraj,B08,Jiné virové infekce charakterizované postižením kůže a sliznic NJ,66001004,1–4 roky,M,0,1
2022,1,CZ053,Pardubický kraj,B27,Infekční mononukleóza,66015019,15–19 let,Z,0,1
2022,1,CZ053,Pardubický kraj,B27,Infekční mononukleóza,66020024,20–24 let,M,0,1
2022,1,CZ053,Pardubický kraj,B58,Toxoplazmóza [toxoplasmosis],66020024,20–24 let,M,0,1
2022,1,CZ053,Pardubický kraj,B80,Enterobióza [enterobiasis],66001004,1–4 roky,M,0,2
2022,1,CZ053,Pardubický kraj,B80,Enterobióza [enterobiasis],66001004,1–4 roky,Z,0,1
2022,1,CZ053,Pardubický kraj,B86,Svrab [scabies],66001004,1–4 roky,M,0,1
2022,1,CZ053,Pardubický kraj,B86,Svrab [scabies],66005009,5–9 let,M,0,1
2022,1,CZ053,Pardubický kraj,B86,Svrab [scabies],66010014,10–14 let,M,0,1
2022,1,CZ053,Pardubický kraj,B86,Svrab [scabies],66015019,15–19 let,Z,0,1
2022,1,CZ053,Pardubický kraj,B86,Svrab [scabies],66020024,20–24 let,M,0,1
2022,1,CZ053,Pardubický kraj,B86,Svrab [scabies],66020024,20–24 let,Z,0,1
2022,1,CZ053,Pardubický kraj,B86,Svrab [scabies],66030034,30–34 let,Z,0,1
2022,1,CZ053,Pardubický kraj,B86,Svrab [scabies],66045049,45–49 let,Z,0,2
2022,1,CZ053,Pardubický kraj,W54,Kousnutí nebo úder psem,66015019,15–19 let,Z,0,1
2022,1,CZ053,Pardubický kraj,W54,Kousnutí nebo úder psem,66030034,30–34 let,M,0,1
2022,1,CZ053,Pardubický kraj,W54,Kousnutí nebo úder psem,66045049,45–49 let,M,0,1
2022,1,CZ053,Pardubický kraj,W54,Kousnutí nebo úder psem,66055059,55–59 let,M,0,1
2022,1,CZ053,Pardubický kraj,W54,Kousnutí nebo úder psem,66065069,65–69 let,M,0,1
2022,1,CZ053,Pardubický kraj,W54,Kousnutí nebo úder psem,66065069,65–69 let,Z,0,1
2022,1,CZ053,Pardubický kraj,W55,Kousnutí nebo úder jinými savci,66020024,20–24 let,Z,0,1
2022,2,CZ053,Pardubický kraj,A02,Jiné infekce způsobené salmonelami,66001004,1–4 roky,M,0,1
2022,2,CZ053,Pardubický kraj,A02,Jiné infekce způsobené salmonelami,66001004,1–4 roky,Z,0,1
2022,2,CZ053,Pardubický kraj,A02,Jiné infekce způsobené salmonelami,66010014,10–14 let,Z,0,1
2022,2,CZ053,Pardubický kraj,A02,Jiné infekce způsobené salmonelami,66020024,20–24 let,M,0,2
2022,2,CZ053,Pardubický kraj,A02,Jiné infekce způsobené salmonelami,66025029,25–29 let,M,0,1
2022,2,CZ053,Pardubický kraj,A02,Jiné infekce způsobené salmonelami,66030034,30–34 let,M,0,1
2022,2,CZ053,Pardubický kraj,A02,Jiné infekce způsobené salmonelami,66040044,40–44 let,Z,0,1
2022,2,CZ053,Pardubický kraj,A02,Jiné infekce způsobené salmonelami,66045049,45–49 let,M,0,1
2022,2,CZ053,Pardubický kraj,A02,Jiné infekce způsobené salmonelami,66065069,65–69 let,M,0,1
2022,2,CZ053,Pardubický kraj,A02,Jiné infekce způsobené salmonelami,66065069,65–69 let,Z,0,2
2022,2,CZ053,Pardubický kraj,A02,Jiné infekce způsobené salmonelami,66070074,70–74 let,Z,0,1
2022,2,CZ053,Pardubický kraj,A02,Jiné infekce způsobené salmonelami,66075999,75+ let,M,0,3
2022,2,CZ053,Pardubický kraj,A02,Jiné infekce způsobené salmonelami,66075999,75+ let,Z,0,1
2022,2,CZ053,Pardubický kraj,A03,Shigelóza,66075999,75+ let,Z,0,1
2022,2,CZ053,Pardubický kraj,A04,Jiné bakteriální střevní infekce,66000000,0 let,M,0,3
2021,10,CZ080,Moravskoslezský kraj,A04,Jiné bakteriální střevní infekce,66055059,55–59 let,Z,0,3
2021,10,CZ080,Moravskoslezský kraj,A04,Jiné bakteriální střevní infekce,66060064,60–64 let,M,0,6
2021,10,CZ080,Moravskoslezský kraj,A04,Jiné bakteriální střevní infekce,66060064,60–64 let,Z,0,11
2021,10,CZ080,Moravskoslezský kraj,A04,Jiné bakteriální střevní infekce,66065069,65–69 let,M,0,11
2021,10,CZ080,Moravskoslezský kraj,A04,Jiné bakteriální střevní infekce,66065069,65–69 let,Z,0,5
2021,10,CZ080,Moravskoslezský kraj,A04,Jiné bakteriální střevní infekce,66070074,70–74 let,M,0,7
2021,10,CZ080,Moravskoslezský kraj,A04,Jiné bakteriální střevní infekce,66070074,70–74 let,Z,0,4
2021,10,CZ080,Moravskoslezský kraj,A04,Jiné bakteriální střevní infekce,66075999,75+ let,M,0,21
2021,10,CZ080,Moravskoslezský kraj,A04,Jiné bakteriální střevní infekce,66075999,75+ let,Z,0,19
2021,10,CZ080,Moravskoslezský kraj,A08,Střevní infekce viry a jinými určenými mikroorganismy,66000000,0 let,M,0,6
2021,10,CZ080,Moravskoslezský kraj,A08,Střevní infekce viry a jinými určenými mikroorganismy,66000000,0 let,Z,0,7
2021,10,CZ080,Moravskoslezský kraj,A08,Střevní infekce viry a jinými určenými mikroorganismy,66001004,1–4 roky,M,0,17
2021,10,CZ080,Moravskoslezský kraj,A08,Střevní infekce viry a jinými určenými mikroorganismy,66001004,1–4 roky,Z,0,11
2021,10,CZ080,Moravskoslezský kraj,A08,Střevní infekce viry a jinými určenými mikroorganismy,66005009,5–9 let,M,0,4
2021,10,CZ080,Moravskoslezský kraj,A08,Střevní infekce viry a jinými určenými mikroorganismy,66005009,5–9 let,Z,0,2
2021,10,CZ080,Moravskoslezský kraj,A08,Střevní infekce viry a jinými určenými mikroorganismy,66010014,10–14 let,M,0,2
2021,10,CZ080,Moravskoslezský kraj,A08,Střevní infekce viry a jinými určenými mikroorganismy,66010014,10–14 let,Z,0,1
2021,10,CZ080,Moravskoslezský kraj,A08,Střevní infekce viry a jinými určenými mikroorganismy,66015019,15–19 let,M,0,1
2021,10,CZ080,Moravskoslezský kraj,A08,Střevní infekce viry a jinými určenými mikroorganismy,66025029,25–29 let,M,0,1
2021,10,CZ080,Moravskoslezský kraj,A08,Střevní infekce viry a jinými určenými mikroorganismy,66025029,25–29 let,Z,0,2
2021,10,CZ080,Moravskoslezský kraj,A08,Střevní infekce viry a jinými určenými mikroorganismy,66030034,30–34 let,M,0,1
2021,10,CZ080,Moravskoslezský kraj,A08,Střevní infekce viry a jinými určenými mikroorganismy,66035039,35–39 let,Z,0,1
2021,10,CZ080,Moravskoslezský kraj,A08,Střevní infekce viry a jinými určenými mikroorganismy,66040044,40–44 let,Z,0,1
2021,10,CZ080,Moravskoslezský kraj,A08,Střevní infekce viry a jinými určenými mikroorganismy,66060064,60–64 let,M,0,1
2021,10,CZ080,Moravskoslezský kraj,A08,Střevní infekce viry a jinými určenými mikroorganismy,66060064,60–64 let,Z,0,1
2021,10,CZ080,Moravskoslezský kraj,A08,Střevní infekce viry a jinými určenými mikroorganismy,66075999,75+ let,M,0,2
2021,10,CZ080,Moravskoslezský kraj,A08,Střevní infekce viry a jinými určenými mikroorganismy,66075999,75+ let,Z,0,4
2021,10,CZ080,Moravskoslezský kraj,A09,Jiná gastroenteritida a kolitida infekčního a NS původu,66015019,15–19 let,Z,0,2
2021,10,CZ080,Moravskoslezský kraj,A09,Jiná gastroenteritida a kolitida infekčního a NS původu,66020024,20–24 let,Z,0,4
2021,10,CZ080,Moravskoslezský kraj,A09,Jiná gastroenteritida a kolitida infekčního a NS původu,66025029,25–29 let,Z,0,2
2021,10,CZ080,Moravskoslezský kraj,A09,Jiná gastroenteritida a kolitida infekčního a NS původu,66030034,30–34 let,Z,0,8
2021,10,CZ080,Moravskoslezský kraj,A09,Jiná gastroenteritida a kolitida infekčního a NS původu,66035039,35–39 let,Z,0,10
2021,10,CZ080,Moravskoslezský kraj,A09,Jiná gastroenteritida a kolitida infekčního a NS původu,66040044,40–44 let,M,0,2
2021,10,CZ080,Moravskoslezský kraj,A09,Jiná gastroenteritida a kolitida infekčního a NS původu,66040044,40–44 let,Z,0,6
2021,10,CZ080,Moravskoslezský kraj,A09,Jiná gastroenteritida a kolitida infekčního a NS původu,66045049,45–49 let,M,0,2
2021,10,CZ080,Moravskoslezský kraj,A09,Jiná gastroenteritida a kolitida infekčního a NS původu,66045049,45–49 let,Z,0,8
2021,10,CZ080,Moravskoslezský kraj,A09,Jiná gastroenteritida a kolitida infekčního a NS původu,66050054,50–54 let,Z,0,8
2021,10,CZ080,Moravskoslezský kraj,A09,Jiná gastroenteritida a kolitida infekčního a NS původu,66055059,55–59 let,M,0,2
2021,10,CZ080,Moravskoslezský kraj,A09,Jiná gastroenteritida a kolitida infekčního a NS původu,66055059,55–59 let,Z,0,12
2021,10,CZ080,Moravskoslezský kraj,A09,Jiná gastroenteritida a kolitida infekčního a NS původu,66060064,60–64 let,M,0,6
2021,10,CZ080,Moravskoslezský kraj,A09,Jiná gastroenteritida a kolitida infekčního a NS původu,66065069,65–69 let,Z,0,6
2021,10,CZ080,Moravskoslezský kraj,A09,Jiná gastroenteritida a kolitida infekčního a NS původu,66070074,70–74 let,M,0,10
2021,10,CZ080,Moravskoslezský kraj,A09,Jiná gastroenteritida a kolitida infekčního a NS původu,66070074,70–74 let,Z,0,18
2021,10,CZ080,Moravskoslezský kraj,A09,Jiná gastroenteritida a kolitida infekčního a NS původu,66075999,75+ let,M,0,20
2021,10,CZ080,Moravskoslezský kraj,A09,Jiná gastroenteritida a kolitida infekčního a NS původu,66075999,75+ let,Z,0,106
2021,10,CZ080,Moravskoslezský kraj,A37,Dávivý kašel [pertussis],66000000,0 let,M,0,1
2021,10,CZ080,Moravskoslezský kraj,A37,Dávivý kašel [pertussis],66055059,55–59 let,Z,0,1
2021,10,CZ080,Moravskoslezský kraj,A38,Spála [scarlatina],66001004,1–4 roky,Z,0,1
2021,10,CZ080,Moravskoslezský kraj,A39,Meningokokové infekce,66000000,0 let,M,0,1
2021,10,CZ080,Moravskoslezský kraj,A40,Streptokoková sepse,66060064,60–64 let,M,0,1
2021,10,CZ080,Moravskoslezský kraj,A41,Jiná sepse,66065069,65–69 let,M,0,1
2021,10,CZ080,Moravskoslezský kraj,A41,Jiná sepse,66065069,65–69 let,Z,0,1
2021,10,CZ080,Moravskoslezský kraj,A41,Jiná sepse,66070074,70–74 let,Z,0,1
2021,10,CZ080,Moravskoslezský kraj,A41,Jiná sepse,66075999,75+ let,M,0,2
2021,10,CZ080,Moravskoslezský kraj,A41,Jiná sepse,66075999,75+ let,Z,0,3
2021,10,CZ080,Moravskoslezský kraj,A46,Růže – erysipel,66050054,50–54 let,Z,0,2
2021,10,CZ080,Moravskoslezský kraj,A46,Růže – erysipel,66060064,60–64 let,M,0,1
2021,10,CZ080,Moravskoslezský kraj,A46,Růže – erysipel,66065069,65–69 let,M,0,1
2021,10,CZ080,Moravskoslezský kraj,A46,Růže – erysipel,66065069,65–69 let,Z,0,1
2021,10,CZ080,Moravskoslezský kraj,A46,Růže – erysipel,66070074,70–74 let,M,0,1
2021,10,CZ080,Moravskoslezský kraj,A46,Růže – erysipel,66075999,75+ let,M,0,3
2021,10,CZ080,Moravskoslezský kraj,A48,Jiné bakteriální nemoci nezařazené jinde,66040044,40–44 let,M,0,1
2021,10,CZ080,Moravskoslezský kraj,A48,Jiné bakteriální nemoci nezařazené jinde,66045049,45–49 let,M,0,2
2021,10,CZ080,Moravskoslezský kraj,A48,Jiné bakteriální nemoci nezařazené jinde,66050054,50–54 let,M,0,1
2021,10,CZ080,Moravskoslezský kraj,A56,Jiná chlamydiová onemocnění přenášená pohlavním stykem,66020024,20–24 let,Z,0,2
2021,10,CZ080,Moravskoslezský kraj,A56,Jiná chlamydiová onemocnění přenášená pohlavním stykem,66025029,25–29 let,M,0,1
2021,10,CZ080,Moravskoslezský kraj,A56,Jiná chlamydiová onemocnění přenášená pohlavním stykem,66040044,40–44 let,Z,0,1
2021,10,CZ080,Moravskoslezský kraj,A69,Jiné spirochetové infekce,66001004,1–4 roky,M,0,1
2021,10,CZ080,Moravskoslezský kraj,A69,Jiné spirochetové infekce,66005009,5–9 let,Z,0,1
2021,10,CZ080,Moravskoslezský kraj,A69,Jiné spirochetové infekce,66015019,15–19 let,M,0,1
2021,10,CZ080,Moravskoslezský kraj,A69,Jiné spirochetové infekce,66015019,15–19 let,Z,0,1
2021,10,CZ080,Moravskoslezský kraj,A69,Jiné spirochetové infekce,66030034,30–34 let,M,0,1
2021,10,CZ080,Moravskoslezský kraj,A69,Jiné spirochetové infekce,66035039,35–39 let,M,0,1
2021,10,CZ080,Moravskoslezský kraj,A69,Jiné spirochetové infekce,66045049,45–49 let,M,0,1
2021,10,CZ080,Moravskoslezský kraj,A69,Jiné spirochetové infekce,66050054,50–54 let,M,0,1
2021,10,CZ080,Moravskoslezský kraj,A69,Jiné spirochetové infekce,66050054,50–54 let,Z,0,2
2021,10,CZ080,Moravskoslezský kraj,A69,Jiné spirochetové infekce,66055059,55–59 let,Z,0,1
2021,10,CZ080,Moravskoslezský kraj,A69,Jiné spirochetové infekce,66060064,60–64 let,M,0,1
2021,10,CZ080,Moravskoslezský kraj,A69,Jiné spirochetové infekce,66065069,65–69 let,Z,0,1
2021,10,CZ080,Moravskoslezský kraj,A69,Jiné spirochetové infekce,66070074,70–74 let,Z,0,1
2021,10,CZ080,Moravskoslezský kraj,A84,Virová encefalitida přenášená klíšťaty,66025029,25–29 let,Z,0,1
2021,10,CZ080,Moravskoslezský kraj,A84,Virová encefalitida přenášená klíšťaty,66045049,45–49 let,M,0,1
2021,10,CZ080,Moravskoslezský kraj,A87,Virová meningitida,66005009,5–9 let,Z,0,1
2021,10,CZ080,Moravskoslezský kraj,B01,Plané neštovice [varicella],66001004,1–4 roky,M,0,5
2021,10,CZ080,Moravskoslezský kraj,B01,Plané neštovice [varicella],66001004,1–4 roky,Z,0,7
2021,10,CZ080,Moravskoslezský kraj,B01,Plané neštovice [varicella],66005009,5–9 let,M,0,5
2021,10,CZ080,Moravskoslezský kraj,B01,Plané neštovice [varicella],66005009,5–9 let,Z,0,6
2021,10,CZ080,Moravskoslezský kraj,B01,Plané neštovice [varicella],66010014,10–14 let,M,0,1
2021,10,CZ080,Moravskoslezský kraj,B02,Pásový opar [herpes zoster],66010014,10–14 let,Z,0,1
2021,10,CZ080,Moravskoslezský kraj,B02,Pásový opar [herpes zoster],66025029,25–29 let,Z,0,1
2021,10,CZ080,Moravskoslezský kraj,B02,Pásový opar [herpes zoster],66035039,35–39 let,M,0,2
2021,10,CZ080,Moravskoslezský kraj,B02,Pásový opar [herpes zoster],66040044,40–44 let,M,0,2
2021,10,CZ080,Moravskoslezský kraj,B02,Pásový opar [herpes zoster],66045049,45–49 let,M,0,1
2021,10,CZ080,Moravskoslezský kraj,B02,Pásový opar [herpes zoster],66045049,45–49 let,Z,0,1
2021,10,CZ080,Moravskoslezský kraj,B02,Pásový opar [herpes zoster],66050054,50–54 let,M,0,1
2021,10,CZ080,Moravskoslezský kraj,B02,Pásový opar [herpes zoster],66055059,55–59 let,Z,0,1
2021,10,CZ080,Moravskoslezský kraj,B02,Pásový opar [herpes zoster],66065069,65–69 let,M,0,2
2021,10,CZ080,Moravskoslezský kraj,B02,Pásový opar [herpes zoster],66065069,65–69 let,Z,0,1
2021,10,CZ080,Moravskoslezský kraj,B02,Pásový opar [herpes zoster],66070074,70–74 let,M,0,1
2021,10,CZ080,Moravskoslezský kraj,B02,Pásový opar [herpes zoster],66075999,75+ let,M,0,1
2021,10,CZ080,Moravskoslezský kraj,B02,Pásový opar [herpes zoster],66075999,75+ let,Z,0,2
2021,10,CZ080,Moravskoslezský kraj,B08,Jiné virové infekce charakterizované postižením kůže a sliznic NJ,66000000,0 let,M,0,1
2021,10,CZ080,Moravskoslezský kraj,B08,Jiné virové infekce charakterizované postižením kůže a sliznic NJ,66000000,0 let,Z,0,1
2021,10,CZ080,Moravskoslezský kraj,B08,Jiné virové infekce charakterizované postižením kůže a sliznic NJ,66001004,1–4 roky,Z,0,1
2021,10,CZ080,Moravskoslezský kraj,B08,Jiné virové infekce charakterizované postižením kůže a sliznic NJ,66055059,55–59 let,Z,0,1
2021,10,CZ080,Moravskoslezský kraj,B17,Jiná akutní virová hepatitida,66025029,25–29 let,Z,0,1
2021,10,CZ080,Moravskoslezský kraj,B17,Jiná akutní virová hepatitida,66055059,55–59 let,Z,0,1
2021,10,CZ080,Moravskoslezský kraj,B18,Chronická virová hepatitida,66040044,40–44 let,M,0,2
2021,10,CZ080,Moravskoslezský kraj,B18,Chronická virová hepatitida,66045049,45–49 let,M,0,1
2021,10,CZ080,Moravskoslezský kraj,B18,Chronická virová hepatitida,66050054,50–54 let,M,0,1
2021,10,CZ080,Moravskoslezský kraj,B27,Infekční mononukleóza,66010014,10–14 let,Z,0,1
2021,10,CZ080,Moravskoslezský kraj,B27,Infekční mononukleóza,66015019,15–19 let,M,0,1
2021,10,CZ080,Moravskoslezský kraj,B27,Infekční mononukleóza,66020024,20–24 let,M,0,1
2021,10,CZ080,Moravskoslezský kraj,B77,Askarióza [ascariasis],66001004,1–4 roky,Z,0,1
2021,10,CZ080,Moravskoslezský kraj,B80,Enterobióza [enterobiasis],66001004,1–4 roky,Z,0,1
2021,10,CZ080,Moravskoslezský kraj,B80,Enterobióza [enterobiasis],66005009,5–9 let,M,0,2
2021,10,CZ080,Moravskoslezský kraj,B80,Enterobióza [enterobiasis],66005009,5–9 let,Z,0,2
2021,10,CZ080,Moravskoslezský kraj,B80,Enterobióza [enterobiasis],66045049,45–49 let,Z,0,1
2021,10,CZ080,Moravskoslezský kraj,B86,Svrab [scabies],66010014,10–14 let,M,0,3
2021,10,CZ080,Moravskoslezský kraj,B86,Svrab [scabies],66010014,10–14 let,Z,0,1
2021,10,CZ080,Moravskoslezský kraj,B86,Svrab [scabies],66015019,15–19 let,M,0,4
2021,10,CZ080,Moravskoslezský kraj,B86,Svrab [scabies],66015019,15–19 let,Z,0,1
2021,10,CZ080,Moravskoslezský kraj,B86,Svrab [scabies],66020024,20–24 let,M,0,1
2021,10,CZ080,Moravskoslezský kraj,B86,Svrab [scabies],66020024,20–24 let,Z,0,2
2021,10,CZ080,Moravskoslezský kraj,B86,Svrab [scabies],66035039,35–39 let,Z,0,1
2021,10,CZ080,Moravskoslezský kraj,B86,Svrab [scabies],66045049,45–49 let,M,0,1
2021,10,CZ080,Moravskoslezský kraj,B86,Svrab [scabies],66045049,45–49 let,Z,0,2
2021,10,CZ080,Moravskoslezský kraj,B86,Svrab [scabies],66055059,55–59 let,Z,0,1
2021,10,CZ080,Moravskoslezský kraj,B86,Svrab [scabies],66060064,60–64 let,M,0,1
2021,10,CZ080,Moravskoslezský kraj,B86,Svrab [scabies],66060064,60–64 let,Z,0,1
2021,10,CZ080,Moravskoslezský kraj,B86,Svrab [scabies],66075999,75+ let,Z,0,2
2021,10,CZ080,Moravskoslezský kraj,G00,Bakteriální zánět mozkových a míšních plen (bakter. meningitida) NJ,66035039,35–39 let,M,0,2
2021,10,CZ080,Moravskoslezský kraj,G00,Bakteriální zánět mozkových a míšních plen (bakter. meningitida) NJ,66070074,70–74 let,M,0,1
2021,10,CZ080,Moravskoslezský kraj,J13,Zánět plic‚ původce: Streptococcus pneumoniae,66050054,50–54 let,M,0,1
2021,10,CZ080,Moravskoslezský kraj,J13,Zánět plic‚ původce: Streptococcus pneumoniae,66055059,55–59 let,Z,0,1
2021,11,CZ080,Moravskoslezský kraj,A02,Jiné infekce způsobené salmonelami,66000000,0 let,M,0,3
2021,11,CZ080,Moravskoslezský kraj,A02,Jiné infekce způsobené salmonelami,66000000,0 let,Z,0,1
2021,11,CZ080,Moravskoslezský kraj,A02,Jiné infekce způsobené salmonelami,66001004,1–4 roky,M,0,6
2021,11,CZ080,Moravskoslezský kraj,A02,Jiné infekce způsobené salmonelami,66001004,1–4 roky,Z,0,12
2021,11,CZ080,Moravskoslezský kraj,A02,Jiné infekce způsobené salmonelami,66005009,5–9 let,M,0,4
2021,11,CZ080,Moravskoslezský kraj,A02,Jiné infekce způsobené salmonelami,66005009,5–9 let,Z,0,3
2021,11,CZ080,Moravskoslezský kraj,A02,Jiné infekce způsobené salmonelami,66010014,10–14 let,M,0,2
2021,11,CZ080,Moravskoslezský kraj,A02,Jiné infekce způsobené salmonelami,66010014,10–14 let,Z,0,5
2021,11,CZ080,Moravskoslezský kraj,A02,Jiné infekce způsobené salmonelami,66015019,15–19 let,M,0,1
2021,11,CZ080,Moravskoslezský kraj,A02,Jiné infekce způsobené salmonelami,66020024,20–24 let,M,0,1
2021,11,CZ080,Moravskoslezský kraj,A02,Jiné infekce způsobené salmonelami,66020024,20–24 let,Z,0,2
2021,11,CZ080,Moravskoslezský kraj,A02,Jiné infekce způsobené salmonelami,66025029,25–29 let,M,0,1
2021,11,CZ080,Moravskoslezský kraj,A02,Jiné infekce způsobené salmonelami,66030034,30–34 let,M,0,1
2021,11,CZ080,Moravskoslezský kraj,A02,Jiné infekce způsobené salmonelami,66030034,30–34 let,Z,0,2
2021,11,CZ080,Moravskoslezský kraj,A02,Jiné infekce způsobené salmonelami,66035039,35–39 let,M,0,1
2021,11,CZ080,Moravskoslezský kraj,A02,Jiné infekce způsobené salmonelami,66035039,35–39 let,Z,0,1
2021,11,CZ080,Moravskoslezský kraj,A02,Jiné infekce způsobené salmonelami,66040044,40–44 let,M,0,2
2021,11,CZ080,Moravskoslezský kraj,A02,Jiné infekce způsobené salmonelami,66045049,45–49 let,M,0,1
2021,11,CZ080,Moravskoslezský kraj,A02,Jiné infekce způsobené salmonelami,66050054,50–54 let,Z,0,2
2021,11,CZ080,Moravskoslezský kraj,A02,Jiné infekce způsobené salmonelami,66065069,65–69 let,M,0,1
2021,11,CZ080,Moravskoslezský kraj,A02,Jiné infekce způsobené salmonelami,66065069,65–69 let,Z,0,1
2021,11,CZ080,Moravskoslezský kraj,A02,Jiné infekce způsobené salmonelami,66070074,70–74 let,M,0,2
2021,11,CZ080,Moravskoslezský kraj,A02,Jiné infekce způsobené salmonelami,66070074,70–74 let,Z,0,1
2021,11,CZ080,Moravskoslezský kraj,A02,Jiné infekce způsobené salmonelami,66075999,75+ let,M,0,3
2021,11,CZ080,Moravskoslezský kraj,A02,Jiné infekce způsobené salmonelami,66075999,75+ let,Z,0,4
2021,11,CZ080,Moravskoslezský kraj,A03,Shigelóza,66015019,15–19 let,M,0,1
2021,11,CZ080,Moravskoslezský kraj,A04,Jiné bakteriální střevní infekce,66000000,0 let,M,0,14
2021,11,CZ080,Moravskoslezský kraj,A04,Jiné bakteriální střevní infekce,66000000,0 let,Z,0,8
2021,11,CZ080,Moravskoslezský kraj,A04,Jiné bakteriální střevní infekce,66001004,1–4 roky,M,0,16
2021,11,CZ080,Moravskoslezský kraj,A04,Jiné bakteriální střevní infekce,66001004,1–4 roky,Z,0,6
2021,11,CZ080,Moravskoslezský kraj,A04,Jiné bakteriální střevní infekce,66005009,5–9 let,M,0,5
2021,11,CZ080,Moravskoslezský kraj,A04,Jiné bakteriální střevní infekce,66005009,5–9 let,Z,0,5
2021,11,CZ080,Moravskoslezský kraj,A04,Jiné bakteriální střevní infekce,66010014,10–14 let,M,0,5
2021,11,CZ080,Moravskoslezský kraj,A04,Jiné bakteriální střevní infekce,66010014,10–14 let,Z,0,2
2021,11,CZ080,Moravskoslezský kraj,A04,Jiné bakteriální střevní infekce,66015019,15–19 let,M,0,4
2021,11,CZ080,Moravskoslezský kraj,A04,Jiné bakteriální střevní infekce,66015019,15–19 let,Z,0,4
2021,11,CZ080,Moravskoslezský kraj,A04,Jiné bakteriální střevní infekce,66020024,20–24 let,M,0,3
2021,11,CZ080,Moravskoslezský kraj,A04,Jiné bakteriální střevní infekce,66025029,25–29 let,M,0,7
2021,11,CZ080,Moravskoslezský kraj,A04,Jiné bakteriální střevní infekce,66025029,25–29 let,Z,0,1
2021,11,CZ080,Moravskoslezský kraj,A04,Jiné bakteriální střevní infekce,66030034,30–34 let,M,0,4
2021,11,CZ080,Moravskoslezský kraj,A04,Jiné bakteriální střevní infekce,66030034,30–34 let,Z,0,3
2021,11,CZ080,Moravskoslezský kraj,A04,Jiné bakteriální střevní infekce,66035039,35–39 let,M,0,2
2021,11,CZ080,Moravskoslezský kraj,A04,Jiné bakteriální střevní infekce,66035039,35–39 let,Z,0,1
2021,11,CZ080,Moravskoslezský kraj,A04,Jiné bakteriální střevní infekce,66040044,40–44 let,M,0,6
2021,11,CZ080,Moravskoslezský kraj,A04,Jiné bakteriální střevní infekce,66045049,45–49 let,M,0,2
2021,11,CZ080,Moravskoslezský kraj,A04,Jiné bakteriální střevní infekce,66045049,45–49 let,Z,0,4
2021,11,CZ080,Moravskoslezský kraj,A04,Jiné bakteriální střevní infekce,66050054,50–54 let,M,0,4
2021,11,CZ080,Moravskoslezský kraj,A04,Jiné bakteriální střevní infekce,66050054,50–54 let,Z,0,4
2021,11,CZ080,Moravskoslezský kraj,A04,Jiné bakteriální střevní infekce,66055059,55–59 let,M,0,3
2021,11,CZ080,Moravskoslezský kraj,A04,Jiné bakteriální střevní infekce,66055059,55–59 let,Z,0,8
2021,11,CZ080,Moravskoslezský kraj,A04,Jiné bakteriální střevní infekce,66060064,60–64 let,M,0,4
2021,11,CZ080,Moravskoslezský kraj,A04,Jiné bakteriální střevní infekce,66060064,60–64 let,Z,0,2
2021,11,CZ080,Moravskoslezský kraj,A04,Jiné bakteriální střevní infekce,66065069,65–69 let,M,0,4
2021,11,CZ080,Moravskoslezský kraj,A04,Jiné bakteriální střevní infekce,66065069,65–69 let,Z,0,3
2021,11,CZ080,Moravskoslezský kraj,A04,Jiné bakteriální střevní infekce,66070074,70–74 let,M,0,6
2021,11,CZ080,Moravskoslezský kraj,A04,Jiné bakteriální střevní infekce,66070074,70–74 let,Z,0,8
2021,11,CZ080,Moravskoslezský kraj,A04,Jiné bakteriální střevní infekce,66075999,75+ let,M,0,18
2021,11,CZ080,Moravskoslezský kraj,A04,Jiné bakteriální střevní infekce,66075999,75+ let,Z,0,11
2021,11,CZ080,Moravskoslezský kraj,A08,Střevní infekce viry a jinými určenými mikroorganismy,66000000,0 let,M,0,6
2021,11,CZ080,Moravskoslezský kraj,A08,Střevní infekce viry a jinými určenými mikroorganismy,66000000,0 let,Z,0,1
2021,11,CZ080,Moravskoslezský kraj,A08,Střevní infekce viry a jinými určenými mikroorganismy,66001004,1–4 roky,M,0,18
2021,11,CZ080,Moravskoslezský kraj,A08,Střevní infekce viry a jinými určenými mikroorganismy,66001004,1–4 roky,Z,0,19
2021,11,CZ080,Moravskoslezský kraj,A08,Střevní infekce viry a jinými určenými mikroorganismy,66005009,5–9 let,M,0,1
2021,11,CZ080,Moravskoslezský kraj,A08,Střevní infekce viry a jinými určenými mikroorganismy,66005009,5–9 let,Z,0,4
2021,11,CZ080,Moravskoslezský kraj,A08,Střevní infekce viry a jinými určenými mikroorganismy,66030034,30–34 let,M,0,1
2021,11,CZ080,Moravskoslezský kraj,A08,Střevní infekce viry a jinými určenými mikroorganismy,66035039,35–39 let,Z,0,1
2021,11,CZ080,Moravskoslezský kraj,A08,Střevní infekce viry a jinými určenými mikroorganismy,66075999,75+ let,Z,0,3
2021,11,CZ080,Moravskoslezský kraj,A32,Listerióza [listeriosis],66065069,65–69 let,Z,0,1
2021,11,CZ080,Moravskoslezský kraj,A38,Spála [scarlatina],66000000,0 let,M,0,1
2021,11,CZ080,Moravskoslezský kraj,A38,Spála [scarlatina],66005009,5–9 let,Z,0,1
2021,11,CZ080,Moravskoslezský kraj,A41,Jiná sepse,66075999,75+ let,M,0,1
2021,11,CZ080,Moravskoslezský kraj,A46,Růže – erysipel,66040044,40–44 let,M,0,1
2021,11,CZ080,Moravskoslezský kraj,A46,Růže – erysipel,66055059,55–59 let,Z,0,1
2021,11,CZ080,Moravskoslezský kraj,A46,Růže – erysipel,66075999,75+ let,M,0,1
2021,11,CZ080,Moravskoslezský kraj,A46,Růže – erysipel,66075999,75+ let,Z,0,1
2021,11,CZ080,Moravskoslezský kraj,A48,Jiné bakteriální nemoci nezařazené jinde,66075999,75+ let,M,0,2
2021,11,CZ080,Moravskoslezský kraj,A56,Jiná chlamydiová onemocnění přenášená pohlavním stykem,66020024,20–24 let,M,0,1
2021,11,CZ080,Moravskoslezský kraj,A56,Jiná chlamydiová onemocnění přenášená pohlavním stykem,66020024,20–24 let,Z,0,1
2021,11,CZ080,Moravskoslezský kraj,A56,Jiná chlamydiová onemocnění přenášená pohlavním stykem,66025029,25–29 let,M,0,1
2021,11,CZ080,Moravskoslezský kraj,A56,Jiná chlamydiová onemocnění přenášená pohlavním stykem,66030034,30–34 let,Z,0,1
2021,11,CZ080,Moravskoslezský kraj,A69,Jiné spirochetové infekce,66045049,45–49 let,M,0,1
2021,11,CZ080,Moravskoslezský kraj,A69,Jiné spirochetové infekce,66055059,55–59 let,Z,0,1
2021,11,CZ080,Moravskoslezský kraj,A69,Jiné spirochetové infekce,66070074,70–74 let,Z,0,1
2021,11,CZ080,Moravskoslezský kraj,A81,Atypické virové infekce centrální nervové soustavy,66060064,60–64 let,M,0,1
2021,11,CZ080,Moravskoslezský kraj,A84,Virová encefalitida přenášená klíšťaty,66030034,30–34 let,M,0,1
2021,11,CZ080,Moravskoslezský kraj,A84,Virová encefalitida přenášená klíšťaty,66055059,55–59 let,Z,0,1
2021,11,CZ080,Moravskoslezský kraj,B01,Plané neštovice [varicella],66000000,0 let,M,0,2
2021,11,CZ080,Moravskoslezský kraj,B01,Plané neštovice [varicella],66001004,1–4 roky,M,0,30
2021,11,CZ080,Moravskoslezský kraj,B01,Plané neštovice [varicella],66001004,1–4 roky,Z,0,24
2021,11,CZ080,Moravskoslezský kraj,B01,Plané neštovice [varicella],66005009,5–9 let,M,0,26
2021,11,CZ080,Moravskoslezský kraj,B01,Plané neštovice [varicella],66005009,5–9 let,Z,0,26
2021,11,CZ080,Moravskoslezský kraj,B01,Plané neštovice [varicella],66010014,10–14 let,M,0,4
2021,11,CZ080,Moravskoslezský kraj,B01,Plané neštovice [varicella],66010014,10–14 let,Z,0,3
2021,11,CZ080,Moravskoslezský kraj,B02,Pásový opar [herpes zoster],66020024,20–24 let,Z,0,1
2021,11,CZ080,Moravskoslezský kraj,B02,Pásový opar [herpes zoster],66030034,30–34 let,M,0,1
2021,11,CZ080,Moravskoslezský kraj,B02,Pásový opar [herpes zoster],66050054,50–54 let,Z,0,1
2021,11,CZ080,Moravskoslezský kraj,B02,Pásový opar [herpes zoster],66055059,55–59 let,Z,0,3
2021,11,CZ080,Moravskoslezský kraj,B02,Pásový opar [herpes zoster],66060064,60–64 let,Z,0,2
2021,11,CZ080,Moravskoslezský kraj,B02,Pásový opar [herpes zoster],66065069,65–69 let,M,0,3
2021,11,CZ080,Moravskoslezský kraj,B02,Pásový opar [herpes zoster],66065069,65–69 let,Z,0,1
2021,11,CZ080,Moravskoslezský kraj,B02,Pásový opar [herpes zoster],66070074,70–74 let,M,0,1
2021,11,CZ080,Moravskoslezský kraj,B02,Pásový opar [herpes zoster],66070074,70–74 let,Z,0,2
2021,11,CZ080,Moravskoslezský kraj,B02,Pásový opar [herpes zoster],66075999,75+ let,M,0,2
2021,11,CZ080,Moravskoslezský kraj,B02,Pásový opar [herpes zoster],66075999,75+ let,Z,0,6
2021,11,CZ080,Moravskoslezský kraj,B08,Jiné virové infekce charakterizované postižením kůže a sliznic NJ,66000000,0 let,M,0,4
2021,11,CZ080,Moravskoslezský kraj,B08,Jiné virové infekce charakterizované postižením kůže a sliznic NJ,66000000,0 let,Z,0,2
2021,11,CZ080,Moravskoslezský kraj,B08,Jiné virové infekce charakterizované postižením kůže a sliznic NJ,66001004,1–4 roky,M,0,6
2021,11,CZ080,Moravskoslezský kraj,B08,Jiné virové infekce charakterizované postižením kůže a sliznic NJ,66001004,1–4 roky,Z,0,3
2021,11,CZ080,Moravskoslezský kraj,B08,Jiné virové infekce charakterizované postižením kůže a sliznic NJ,66005009,5–9 let,M,0,1
2021,11,CZ080,Moravskoslezský kraj,B17,Jiná akutní virová hepatitida,66040044,40–44 let,M,0,1
2021,11,CZ080,Moravskoslezský kraj,B18,Chronická virová hepatitida,66025029,25–29 let,M,0,1
2021,11,CZ080,Moravskoslezský kraj,B18,Chronická virová hepatitida,66025029,25–29 let,Z,0,2
2021,11,CZ080,Moravskoslezský kraj,B18,Chronická virová hepatitida,66030034,30–34 let,M,0,1
2021,11,CZ080,Moravskoslezský kraj,B18,Chronická virová hepatitida,66050054,50–54 let,Z,0,1
2021,11,CZ080,Moravskoslezský kraj,B27,Infekční mononukleóza,66005009,5–9 let,Z,0,1
2021,11,CZ080,Moravskoslezský kraj,B27,Infekční mononukleóza,66015019,15–19 let,Z,0,2
2021,11,CZ080,Moravskoslezský kraj,B50,Malárie‚ původce: Plasmodium falciparum,66025029,25–29 let,M,0,1
2021,11,CZ080,Moravskoslezský kraj,B80,Enterobióza [enterobiasis],66010014,10–14 let,M,0,1
2021,11,CZ080,Moravskoslezský kraj,B80,Enterobióza [enterobiasis],66015019,15–19 let,M,0,1
2021,11,CZ080,Moravskoslezský kraj,B86,Svrab [scabies],66001004,1–4 roky,M,0,1
2021,11,CZ080,Moravskoslezský kraj,B86,Svrab [scabies],66005009,5–9 let,M,0,1
2021,11,CZ080,Moravskoslezský kraj,B86,Svrab [scabies],66005009,5–9 let,Z,0,2
2021,11,CZ080,Moravskoslezský kraj,B86,Svrab [scabies],66010014,10–14 let,M,0,2
2021,11,CZ080,Moravskoslezský kraj,B86,Svrab [scabies],66015019,15–19 let,M,0,7
2021,11,CZ080,Moravskoslezský kraj,B86,Svrab [scabies],66015019,15–19 let,Z,0,2
2021,11,CZ080,Moravskoslezský kraj,B86,Svrab [scabies],66020024,20–24 let,M,0,2
2021,11,CZ080,Moravskoslezský kraj,B86,Svrab [scabies],66020024,20–24 let,Z,0,1
2021,11,CZ080,Moravskoslezský kraj,B86,Svrab [scabies],66025029,25–29 let,M,0,1
2021,11,CZ080,Moravskoslezský kraj,B86,Svrab [scabies],66035039,35–39 let,Z,0,1
2021,11,CZ080,Moravskoslezský kraj,B86,Svrab [scabies],66040044,40–44 let,M,0,1
2021,11,CZ080,Moravskoslezský kraj,B86,Svrab [scabies],66040044,40–44 let,Z,0,1
2021,11,CZ080,Moravskoslezský kraj,B86,Svrab [scabies],66045049,45–49 let,M,0,1
2021,11,CZ080,Moravskoslezský kraj,B86,Svrab [scabies],66045049,45–49 let,Z,0,3
2021,11,CZ080,Moravskoslezský kraj,B86,Svrab [scabies],66050054,50–54 let,Z,0,2
2021,11,CZ080,Moravskoslezský kraj,B86,Svrab [scabies],66055059,55–59 let,M,0,2
2021,11,CZ080,Moravskoslezský kraj,B86,Svrab [scabies],66060064,60–64 let,M,0,1
2021,11,CZ080,Moravskoslezský kraj,B86,Svrab [scabies],66065069,65–69 let,Z,0,1
2021,11,CZ080,Moravskoslezský kraj,B86,Svrab [scabies],66075999,75+ let,Z,0,4
2021,11,CZ080,Moravskoslezský kraj,G00,Bakteriální zánět mozkových a míšních plen (bakter. meningitida) NJ,66055059,55–59 let,Z,0,1
2021,11,CZ080,Moravskoslezský kraj,G00,Bakteriální zánět mozkových a míšních plen (bakter. meningitida) NJ,66070074,70–74 let,Z,0,1
2021,11,CZ080,Moravskoslezský kraj,J13,Zánět plic‚ původce: Streptococcus pneumoniae,66075999,75+ let,Z,0,1
2021,11,CZ080,Moravskoslezský kraj,W54,Kousnutí nebo úder psem,66015019,15–19 let,Z,0,1
2021,12,CZ080,Moravskoslezský kraj,A02,Jiné infekce způsobené salmonelami,66000000,0 let,M,0,4
2021,12,CZ080,Moravskoslezský kraj,A02,Jiné infekce způsobené salmonelami,66000000,0 let,Z,0,5
2021,12,CZ080,Moravskoslezský kraj,A02,Jiné infekce způsobené salmonelami,66001004,1–4 roky,M,0,7
2021,12,CZ080,Moravskoslezský kraj,A02,Jiné infekce způsobené salmonelami,66001004,1–4 roky,Z,0,13
2021,12,CZ080,Moravskoslezský kraj,A02,Jiné infekce způsobené salmonelami,66005009,5–9 let,M,0,1
2021,12,CZ080,Moravskoslezský kraj,A02,Jiné infekce způsobené salmonelami,66005009,5–9 let,Z,0,3
2021,12,CZ080,Moravskoslezský kraj,A02,Jiné infekce způsobené salmonelami,66010014,10–14 let,M,0,2
2021,12,CZ080,Moravskoslezský kraj,A02,Jiné infekce způsobené salmonelami,66010014,10–14 let,Z,0,2
2021,12,CZ080,Moravskoslezský kraj,A02,Jiné infekce způsobené salmonelami,66015019,15–19 let,M,0,1
2021,12,CZ080,Moravskoslezský kraj,A02,Jiné infekce způsobené salmonelami,66015019,15–19 let,Z,0,1
2021,12,CZ080,Moravskoslezský kraj,A02,Jiné infekce způsobené salmonelami,66020024,20–24 let,M,0,1
2021,12,CZ080,Moravskoslezský kraj,A02,Jiné infekce způsobené salmonelami,66020024,20–24 let,Z,0,2
2021,12,CZ080,Moravskoslezský kraj,A02,Jiné infekce způsobené salmonelami,66030034,30–34 let,M,0,1
2021,12,CZ080,Moravskoslezský kraj,A02,Jiné infekce způsobené salmonelami,66035039,35–39 let,M,0,1
2021,12,CZ080,Moravskoslezský kraj,A02,Jiné infekce způsobené salmonelami,66035039,35–39 let,Z,0,1
2021,12,CZ080,Moravskoslezský kraj,A02,Jiné infekce způsobené salmonelami,66040044,40–44 let,M,0,2
2021,12,CZ080,Moravskoslezský kraj,A02,Jiné infekce způsobené salmonelami,66040044,40–44 let,Z,0,3
2021,12,CZ080,Moravskoslezský kraj,A02,Jiné infekce způsobené salmonelami,66045049,45–49 let,M,0,1
2021,12,CZ080,Moravskoslezský kraj,A02,Jiné infekce způsobené salmonelami,66045049,45–49 let,Z,0,1
2021,12,CZ080,Moravskoslezský kraj,A02,Jiné infekce způsobené salmonelami,66050054,50–54 let,M,0,1
2021,12,CZ080,Moravskoslezský kraj,A02,Jiné infekce způsobené salmonelami,66055059,55–59 let,Z,0,2
2021,12,CZ080,Moravskoslezský kraj,A02,Jiné infekce způsobené salmonelami,66060064,60–64 let,Z,0,1
2021,12,CZ080,Moravskoslezský kraj,A02,Jiné infekce způsobené salmonelami,66065069,65–69 let,M,0,1
2021,12,CZ080,Moravskoslezský kraj,A02,Jiné infekce způsobené salmonelami,66070074,70–74 let,M,0,3
2021,12,CZ080,Moravskoslezský kraj,A02,Jiné infekce způsobené salmonelami,66070074,70–74 let,Z,0,2
2021,12,CZ080,Moravskoslezský kraj,A02,Jiné infekce způsobené salmonelami,66075999,75+ let,M,0,5
2021,12,CZ080,Moravskoslezský kraj,A02,Jiné infekce způsobené salmonelami,66075999,75+ let,Z,0,2
2021,12,CZ080,Moravskoslezský kraj,A04,Jiné bakteriální střevní infekce,66000000,0 let,M,0,10
2021,12,CZ080,Moravskoslezský kraj,A04,Jiné bakteriální střevní infekce,66000000,0 let,Z,0,20
2021,12,CZ080,Moravskoslezský kraj,A04,Jiné bakteriální střevní infekce,66001004,1–4 roky,M,0,29
2021,12,CZ080,Moravskoslezský kraj,A04,Jiné bakteriální střevní infekce,66001004,1–4 roky,Z,0,34
2021,12,CZ080,Moravskoslezský kraj,A04,Jiné bakteriální střevní infekce,66005009,5–9 let,M,0,9
2021,12,CZ080,Moravskoslezský kraj,A04,Jiné bakteriální střevní infekce,66005009,5–9 let,Z,0,8
2021,12,CZ080,Moravskoslezský kraj,A04,Jiné bakteriální střevní infekce,66010014,10–14 let,M,0,8
2021,12,CZ080,Moravskoslezský kraj,A04,Jiné bakteriální střevní infekce,66010014,10–14 let,Z,0,9
2021,12,CZ080,Moravskoslezský kraj,A04,Jiné bakteriální střevní infekce,66015019,15–19 let,M,0,11
2021,12,CZ080,Moravskoslezský kraj,A04,Jiné bakteriální střevní infekce,66015019,15–19 let,Z,0,6
2021,12,CZ080,Moravskoslezský kraj,A04,Jiné bakteriální střevní infekce,66020024,20–24 let,M,0,7
2021,12,CZ080,Moravskoslezský kraj,A04,Jiné bakteriální střevní infekce,66020024,20–24 let,Z,0,3
2021,12,CZ080,Moravskoslezský kraj,A04,Jiné bakteriální střevní infekce,66025029,25–29 let,M,0,6
2021,12,CZ080,Moravskoslezský kraj,A04,Jiné bakteriální střevní infekce,66025029,25–29 let,Z,0,2
2021,12,CZ080,Moravskoslezský kraj,A04,Jiné bakteriální střevní infekce,66030034,30–34 let,M,0,3
2021,12,CZ080,Moravskoslezský kraj,A04,Jiné bakteriální střevní infekce,66030034,30–34 let,Z,0,1
2021,12,CZ080,Moravskoslezský kraj,A04,Jiné bakteriální střevní infekce,66035039,35–39 let,M,0,1
2021,12,CZ080,Moravskoslezský kraj,A04,Jiné bakteriální střevní infekce,66035039,35–39 let,Z,0,4
2021,12,CZ080,Moravskoslezský kraj,A04,Jiné bakteriální střevní infekce,66040044,40–44 let,M,0,2
2021,12,CZ080,Moravskoslezský kraj,A04,Jiné bakteriální střevní infekce,66040044,40–44 let,Z,0,3
2021,12,CZ080,Moravskoslezský kraj,A04,Jiné bakteriální střevní infekce,66045049,45–49 let,M,0,8
2021,12,CZ080,Moravskoslezský kraj,A04,Jiné bakteriální střevní infekce,66045049,45–49 let,Z,0,5
2021,12,CZ080,Moravskoslezský kraj,A04,Jiné bakteriální střevní infekce,66050054,50–54 let,M,0,6
2021,12,CZ080,Moravskoslezský kraj,A04,Jiné bakteriální střevní infekce,66050054,50–54 let,Z,0,5
2021,12,CZ080,Moravskoslezský kraj,A04,Jiné bakteriální střevní infekce,66055059,55–59 let,M,0,4
2021,12,CZ080,Moravskoslezský kraj,A04,Jiné bakteriální střevní infekce,66055059,55–59 let,Z,0,4
2021,12,CZ080,Moravskoslezský kraj,A04,Jiné bakteriální střevní infekce,66060064,60–64 let,M,0,6
2021,12,CZ080,Moravskoslezský kraj,A04,Jiné bakteriální střevní infekce,66060064,60–64 let,Z,0,1
2021,12,CZ080,Moravskoslezský kraj,A04,Jiné bakteriální střevní infekce,66065069,65–69 let,M,0,4
2021,12,CZ080,Moravskoslezský kraj,A04,Jiné bakteriální střevní infekce,66065069,65–69 let,Z,0,7
2021,12,CZ080,Moravskoslezský kraj,A04,Jiné bakteriální střevní infekce,66070074,70–74 let,M,0,14
2021,12,CZ080,Moravskoslezský kraj,A04,Jiné bakteriální střevní infekce,66070074,70–74 let,Z,0,13
2021,12,CZ080,Moravskoslezský kraj,A04,Jiné bakteriální střevní infekce,66075999,75+ let,M,0,22
2021,12,CZ080,Moravskoslezský kraj,A04,Jiné bakteriální střevní infekce,66075999,75+ let,Z,0,46
2021,12,CZ080,Moravskoslezský kraj,A08,Střevní infekce viry a jinými určenými mikroorganismy,66000000,0 let,M,0,11
2021,12,CZ080,Moravskoslezský kraj,A08,Střevní infekce viry a jinými určenými mikroorganismy,66000000,0 let,Z,0,10
2021,12,CZ080,Moravskoslezský kraj,A08,Střevní infekce viry a jinými určenými mikroorganismy,66001004,1–4 roky,M,0,23
2021,12,CZ080,Moravskoslezský kraj,A08,Střevní infekce viry a jinými určenými mikroorganismy,66001004,1–4 roky,Z,0,30
2021,12,CZ080,Moravskoslezský kraj,A08,Střevní infekce viry a jinými určenými mikroorganismy,66005009,5–9 let,M,0,6
2021,12,CZ080,Moravskoslezský kraj,A08,Střevní infekce viry a jinými určenými mikroorganismy,66005009,5–9 let,Z,0,6
2021,12,CZ080,Moravskoslezský kraj,A08,Střevní infekce viry a jinými určenými mikroorganismy,66010014,10–14 let,M,0,1
2021,12,CZ080,Moravskoslezský kraj,A08,Střevní infekce viry a jinými určenými mikroorganismy,66010014,10–14 let,Z,0,4
2021,12,CZ080,Moravskoslezský kraj,A08,Střevní infekce viry a jinými určenými mikroorganismy,66015019,15–19 let,Z,0,1
2021,12,CZ080,Moravskoslezský kraj,A08,Střevní infekce viry a jinými určenými mikroorganismy,66045049,45–49 let,Z,0,1
2021,12,CZ080,Moravskoslezský kraj,A08,Střevní infekce viry a jinými určenými mikroorganismy,66055059,55–59 let,Z,0,1
2021,12,CZ080,Moravskoslezský kraj,A08,Střevní infekce viry a jinými určenými mikroorganismy,66070074,70–74 let,M,0,1
2021,12,CZ080,Moravskoslezský kraj,A08,Střevní infekce viry a jinými určenými mikroorganismy,66070074,70–74 let,Z,0,1
2021,12,CZ080,Moravskoslezský kraj,A08,Střevní infekce viry a jinými určenými mikroorganismy,66075999,75+ let,Z,0,1
2021,12,CZ080,Moravskoslezský kraj,A38,Spála [scarlatina],66001004,1–4 roky,Z,0,1
2021,12,CZ080,Moravskoslezský kraj,A38,Spála [scarlatina],66005009,5–9 let,Z,0,2
2021,12,CZ080,Moravskoslezský kraj,A40,Streptokoková sepse,66045049,45–49 let,Z,0,1
2021,12,CZ080,Moravskoslezský kraj,A41,Jiná sepse,66065069,65–69 let,M,0,1
2021,12,CZ080,Moravskoslezský kraj,A41,Jiná sepse,66075999,75+ let,M,0,1
2021,12,CZ080,Moravskoslezský kraj,A41,Jiná sepse,66075999,75+ let,Z,0,1
2021,12,CZ080,Moravskoslezský kraj,A46,Růže – erysipel,66070074,70–74 let,Z,0,1
2021,12,CZ080,Moravskoslezský kraj,A48,Jiné bakteriální nemoci nezařazené jinde,66060064,60–64 let,Z,0,1
2021,12,CZ080,Moravskoslezský kraj,A56,Jiná chlamydiová onemocnění přenášená pohlavním stykem,66020024,20–24 let,Z,0,2
2021,12,CZ080,Moravskoslezský kraj,A56,Jiná chlamydiová onemocnění přenášená pohlavním stykem,66025029,25–29 let,Z,0,1
2021,12,CZ080,Moravskoslezský kraj,A56,Jiná chlamydiová onemocnění přenášená pohlavním stykem,66030034,30–34 let,Z,0,1
2021,12,CZ080,Moravskoslezský kraj,A69,Jiné spirochetové infekce,66001004,1–4 roky,M,0,1
2021,12,CZ080,Moravskoslezský kraj,A69,Jiné spirochetové infekce,66005009,5–9 let,Z,0,1
2021,12,CZ080,Moravskoslezský kraj,A69,Jiné spirochetové infekce,66010014,10–14 let,M,0,1
2021,12,CZ080,Moravskoslezský kraj,A69,Jiné spirochetové infekce,66030034,30–34 let,M,0,1
2021,12,CZ080,Moravskoslezský kraj,A69,Jiné spirochetové infekce,66045049,45–49 let,M,0,1
2021,12,CZ080,Moravskoslezský kraj,A69,Jiné spirochetové infekce,66055059,55–59 let,M,0,1
2021,12,CZ080,Moravskoslezský kraj,A69,Jiné spirochetové infekce,66055059,55–59 let,Z,0,1
2021,12,CZ080,Moravskoslezský kraj,A69,Jiné spirochetové infekce,66060064,60–64 let,Z,0,2
2021,12,CZ080,Moravskoslezský kraj,A69,Jiné spirochetové infekce,66065069,65–69 let,Z,0,1
2021,12,CZ080,Moravskoslezský kraj,A74,Jiné nemoci způsobené chlamydiemi,66000000,0 let,M,0,1
2021,12,CZ080,Moravskoslezský kraj,B01,Plané neštovice [varicella],66000000,0 let,Z,0,3
2021,12,CZ080,Moravskoslezský kraj,B01,Plané neštovice [varicella],66001004,1–4 roky,M,0,29
2021,12,CZ080,Moravskoslezský kraj,B01,Plané neštovice [varicella],66001004,1–4 roky,Z,0,27
2021,12,CZ080,Moravskoslezský kraj,B01,Plané neštovice [varicella],66005009,5–9 let,M,0,27
2021,12,CZ080,Moravskoslezský kraj,B01,Plané neštovice [varicella],66005009,5–9 let,Z,0,17
2021,12,CZ080,Moravskoslezský kraj,B01,Plané neštovice [varicella],66010014,10–14 let,M,0,3
2021,12,CZ080,Moravskoslezský kraj,B01,Plané neštovice [varicella],66010014,10–14 let,Z,0,2
2021,12,CZ080,Moravskoslezský kraj,B02,Pásový opar [herpes zoster],66010014,10–14 let,Z,0,1
2021,12,CZ080,Moravskoslezský kraj,B02,Pásový opar [herpes zoster],66020024,20–24 let,M,0,1
2021,12,CZ080,Moravskoslezský kraj,B02,Pásový opar [herpes zoster],66025029,25–29 let,Z,0,1
2021,12,CZ080,Moravskoslezský kraj,B02,Pásový opar [herpes zoster],66035039,35–39 let,M,0,1
2021,12,CZ080,Moravskoslezský kraj,B02,Pásový opar [herpes zoster],66045049,45–49 let,Z,0,2
2021,12,CZ080,Moravskoslezský kraj,B02,Pásový opar [herpes zoster],66050054,50–54 let,Z,0,2
2021,12,CZ080,Moravskoslezský kraj,B02,Pásový opar [herpes zoster],66055059,55–59 let,Z,0,1
2021,12,CZ080,Moravskoslezský kraj,B02,Pásový opar [herpes zoster],66060064,60–64 let,M,0,1
2021,12,CZ080,Moravskoslezský kraj,B02,Pásový opar [herpes zoster],66070074,70–74 let,M,0,1
2021,12,CZ080,Moravskoslezský kraj,B02,Pásový opar [herpes zoster],66070074,70–74 let,Z,0,1
2021,12,CZ080,Moravskoslezský kraj,B02,Pásový opar [herpes zoster],66075999,75+ let,M,0,2
2021,12,CZ080,Moravskoslezský kraj,B02,Pásový opar [herpes zoster],66075999,75+ let,Z,0,3
2021,12,CZ080,Moravskoslezský kraj,B08,Jiné virové infekce charakterizované postižením kůže a sliznic NJ,66000000,0 let,M,0,4
2021,12,CZ080,Moravskoslezský kraj,B08,Jiné virové infekce charakterizované postižením kůže a sliznic NJ,66000000,0 let,Z,0,1
2021,12,CZ080,Moravskoslezský kraj,B08,Jiné virové infekce charakterizované postižením kůže a sliznic NJ,66001004,1–4 roky,M,0,1
2021,12,CZ080,Moravskoslezský kraj,B08,Jiné virové infekce charakterizované postižením kůže a sliznic NJ,66001004,1–4 roky,Z,0,1
2021,12,CZ080,Moravskoslezský kraj,B08,Jiné virové infekce charakterizované postižením kůže a sliznic NJ,66005009,5–9 let,Z,0,1
2021,12,CZ080,Moravskoslezský kraj,B08,Jiné virové infekce charakterizované postižením kůže a sliznic NJ,66015019,15–19 let,M,0,1
2021,12,CZ080,Moravskoslezský kraj,B09,Neurčené virové infekce charakterizované postižením kůže a sliznic,66001004,1–4 roky,M,0,1
2021,12,CZ080,Moravskoslezský kraj,B17,Jiná akutní virová hepatitida,66060064,60–64 let,Z,0,1
2021,12,CZ080,Moravskoslezský kraj,B18,Chronická virová hepatitida,66035039,35–39 let,Z,0,1
2021,12,CZ080,Moravskoslezský kraj,B18,Chronická virová hepatitida,66040044,40–44 let,M,0,1
2021,12,CZ080,Moravskoslezský kraj,B18,Chronická virová hepatitida,66045049,45–49 let,M,0,1
2021,12,CZ080,Moravskoslezský kraj,B27,Infekční mononukleóza,66001004,1–4 roky,M,0,1
2021,12,CZ080,Moravskoslezský kraj,B35,Dermatofytóza,66001004,1–4 roky,Z,0,1
2021,12,CZ080,Moravskoslezský kraj,B35,Dermatofytóza,66005009,5–9 let,Z,0,2
2021,12,CZ080,Moravskoslezský kraj,B58,Toxoplazmóza [toxoplasmosis],66010014,10–14 let,Z,0,1
2021,12,CZ080,Moravskoslezský kraj,B58,Toxoplazmóza [toxoplasmosis],66035039,35–39 let,Z,0,1
2021,12,CZ080,Moravskoslezský kraj,B58,Toxoplazmóza [toxoplasmosis],66045049,45–49 let,Z,0,1
2021,12,CZ080,Moravskoslezský kraj,B80,Enterobióza [enterobiasis],66005009,5–9 let,M,0,1
2021,12,CZ080,Moravskoslezský kraj,B80,Enterobióza [enterobiasis],66010014,10–14 let,M,0,1
2021,12,CZ080,Moravskoslezský kraj,B80,Enterobióza [enterobiasis],66010014,10–14 let,Z,0,1
2021,12,CZ080,Moravskoslezský kraj,B86,Svrab [scabies],66000000,0 let,Z,0,1
2021,12,CZ080,Moravskoslezský kraj,B86,Svrab [scabies],66001004,1–4 roky,M,0,3
2021,12,CZ080,Moravskoslezský kraj,B86,Svrab [scabies],66010014,10–14 let,M,0,2
2021,12,CZ080,Moravskoslezský kraj,B86,Svrab [scabies],66010014,10–14 let,Z,0,3
2021,12,CZ080,Moravskoslezský kraj,B86,Svrab [scabies],66015019,15–19 let,M,0,4
2023,6,CZ031,Jihočeský kraj,A02,Jiné infekce způsobené salmonelami,66025029,25–29 let,M,0,2
2023,6,CZ031,Jihočeský kraj,A02,Jiné infekce způsobené salmonelami,66030034,30–34 let,M,0,1
2023,6,CZ031,Jihočeský kraj,A02,Jiné infekce způsobené salmonelami,66035039,35–39 let,Z,0,3
2023,6,CZ031,Jihočeský kraj,A02,Jiné infekce způsobené salmonelami,66040044,40–44 let,Z,0,1
2023,6,CZ031,Jihočeský kraj,A02,Jiné infekce způsobené salmonelami,66045049,45–49 let,M,0,1
2023,6,CZ031,Jihočeský kraj,A02,Jiné infekce způsobené salmonelami,66045049,45–49 let,Z,0,1
2023,6,CZ031,Jihočeský kraj,A02,Jiné infekce způsobené salmonelami,66050054,50–54 let,M,0,1
2023,6,CZ031,Jihočeský kraj,A02,Jiné infekce způsobené salmonelami,66055059,55–59 let,M,0,1
2023,6,CZ031,Jihočeský kraj,A02,Jiné infekce způsobené salmonelami,66055059,55–59 let,Z,0,2
2023,6,CZ031,Jihočeský kraj,A02,Jiné infekce způsobené salmonelami,66065069,65–69 let,M,0,2
2023,6,CZ031,Jihočeský kraj,A02,Jiné infekce způsobené salmonelami,66065069,65–69 let,Z,0,2
2023,6,CZ031,Jihočeský kraj,A02,Jiné infekce způsobené salmonelami,66070074,70–74 let,M,0,1
2023,6,CZ031,Jihočeský kraj,A02,Jiné infekce způsobené salmonelami,66075999,75+ let,Z,0,3
2023,6,CZ031,Jihočeský kraj,A04,Jiné bakteriální střevní infekce,66000000,0 let,Z,0,2
2023,6,CZ031,Jihočeský kraj,A04,Jiné bakteriální střevní infekce,66001004,1–4 roky,M,0,14
2023,6,CZ031,Jihočeský kraj,A04,Jiné bakteriální střevní infekce,66001004,1–4 roky,Z,0,14
2023,6,CZ031,Jihočeský kraj,A04,Jiné bakteriální střevní infekce,66005009,5–9 let,M,0,9
2023,6,CZ031,Jihočeský kraj,A04,Jiné bakteriální střevní infekce,66005009,5–9 let,Z,0,5
2023,6,CZ031,Jihočeský kraj,A04,Jiné bakteriální střevní infekce,66010014,10–14 let,M,0,6
2023,6,CZ031,Jihočeský kraj,A04,Jiné bakteriální střevní infekce,66010014,10–14 let,Z,0,6
2023,6,CZ031,Jihočeský kraj,A04,Jiné bakteriální střevní infekce,66015019,15–19 let,M,0,8
2023,6,CZ031,Jihočeský kraj,A04,Jiné bakteriální střevní infekce,66015019,15–19 let,Z,0,6
2023,6,CZ031,Jihočeský kraj,A04,Jiné bakteriální střevní infekce,66020024,20–24 let,M,0,3
2023,6,CZ031,Jihočeský kraj,A04,Jiné bakteriální střevní infekce,66020024,20–24 let,Z,0,6
2023,6,CZ031,Jihočeský kraj,A04,Jiné bakteriální střevní infekce,66025029,25–29 let,M,0,2
2023,6,CZ031,Jihočeský kraj,A04,Jiné bakteriální střevní infekce,66025029,25–29 let,Z,0,2
2023,6,CZ031,Jihočeský kraj,A04,Jiné bakteriální střevní infekce,66030034,30–34 let,M,0,2
2023,6,CZ031,Jihočeský kraj,A04,Jiné bakteriální střevní infekce,66030034,30–34 let,Z,0,1
2023,6,CZ031,Jihočeský kraj,A04,Jiné bakteriální střevní infekce,66035039,35–39 let,M,0,4
2023,6,CZ031,Jihočeský kraj,A04,Jiné bakteriální střevní infekce,66035039,35–39 let,Z,0,6
2023,6,CZ031,Jihočeský kraj,A04,Jiné bakteriální střevní infekce,66040044,40–44 let,M,0,3
2023,6,CZ031,Jihočeský kraj,A04,Jiné bakteriální střevní infekce,66040044,40–44 let,Z,0,3
2023,6,CZ031,Jihočeský kraj,A04,Jiné bakteriální střevní infekce,66045049,45–49 let,M,0,2
2023,6,CZ031,Jihočeský kraj,A04,Jiné bakteriální střevní infekce,66045049,45–49 let,Z,0,3
2023,6,CZ031,Jihočeský kraj,A04,Jiné bakteriální střevní infekce,66050054,50–54 let,M,0,2
2023,6,CZ031,Jihočeský kraj,A04,Jiné bakteriální střevní infekce,66050054,50–54 let,Z,0,4
2023,6,CZ031,Jihočeský kraj,A04,Jiné bakteriální střevní infekce,66055059,55–59 let,M,0,5
2023,6,CZ031,Jihočeský kraj,A04,Jiné bakteriální střevní infekce,66055059,55–59 let,Z,0,4
2023,6,CZ031,Jihočeský kraj,A04,Jiné bakteriální střevní infekce,66060064,60–64 let,M,0,6
2023,6,CZ031,Jihočeský kraj,A04,Jiné bakteriální střevní infekce,66060064,60–64 let,Z,0,3
2023,6,CZ031,Jihočeský kraj,A04,Jiné bakteriální střevní infekce,66065069,65–69 let,Z,0,3
2023,6,CZ031,Jihočeský kraj,A04,Jiné bakteriální střevní infekce,66070074,70–74 let,M,0,3
2023,6,CZ031,Jihočeský kraj,A04,Jiné bakteriální střevní infekce,66070074,70–74 let,Z,0,3
2023,6,CZ031,Jihočeský kraj,A04,Jiné bakteriální střevní infekce,66075999,75+ let,M,0,9
2023,6,CZ031,Jihočeský kraj,A04,Jiné bakteriální střevní infekce,66075999,75+ let,Z,0,13
2023,6,CZ031,Jihočeský kraj,A08,Střevní infekce viry a jinými určenými mikroorganismy,66000000,0 let,M,0,3
2023,6,CZ031,Jihočeský kraj,A08,Střevní infekce viry a jinými určenými mikroorganismy,66000000,0 let,Z,0,1
2023,6,CZ031,Jihočeský kraj,A08,Střevní infekce viry a jinými určenými mikroorganismy,66001004,1–4 roky,M,0,8
2023,6,CZ031,Jihočeský kraj,A08,Střevní infekce viry a jinými určenými mikroorganismy,66001004,1–4 roky,Z,0,1
2023,6,CZ031,Jihočeský kraj,A08,Střevní infekce viry a jinými určenými mikroorganismy,66005009,5–9 let,M,0,5
2023,6,CZ031,Jihočeský kraj,A08,Střevní infekce viry a jinými určenými mikroorganismy,66005009,5–9 let,Z,0,6
2023,6,CZ031,Jihočeský kraj,A08,Střevní infekce viry a jinými určenými mikroorganismy,66010014,10–14 let,M,0,1
2023,6,CZ031,Jihočeský kraj,A08,Střevní infekce viry a jinými určenými mikroorganismy,66010014,10–14 let,Z,0,1
2023,6,CZ031,Jihočeský kraj,A08,Střevní infekce viry a jinými určenými mikroorganismy,66015019,15–19 let,Z,0,1
2023,6,CZ031,Jihočeský kraj,A08,Střevní infekce viry a jinými určenými mikroorganismy,66020024,20–24 let,Z,0,1
2023,6,CZ031,Jihočeský kraj,A08,Střevní infekce viry a jinými určenými mikroorganismy,66025029,25–29 let,Z,0,1
2023,6,CZ031,Jihočeský kraj,A08,Střevní infekce viry a jinými určenými mikroorganismy,66030034,30–34 let,Z,0,1
2023,6,CZ031,Jihočeský kraj,A08,Střevní infekce viry a jinými určenými mikroorganismy,66035039,35–39 let,M,0,1
2023,6,CZ031,Jihočeský kraj,A08,Střevní infekce viry a jinými určenými mikroorganismy,66035039,35–39 let,Z,0,3
2023,6,CZ031,Jihočeský kraj,A08,Střevní infekce viry a jinými určenými mikroorganismy,66055059,55–59 let,Z,0,1
2023,6,CZ031,Jihočeský kraj,A08,Střevní infekce viry a jinými určenými mikroorganismy,66060064,60–64 let,Z,0,1
2023,6,CZ031,Jihočeský kraj,A08,Střevní infekce viry a jinými určenými mikroorganismy,66065069,65–69 let,M,0,1
2023,6,CZ031,Jihočeský kraj,A08,Střevní infekce viry a jinými určenými mikroorganismy,66065069,65–69 let,Z,0,1
2023,6,CZ031,Jihočeský kraj,A08,Střevní infekce viry a jinými určenými mikroorganismy,66075999,75+ let,M,0,2
2023,6,CZ031,Jihočeský kraj,A08,Střevní infekce viry a jinými určenými mikroorganismy,66075999,75+ let,Z,0,3
2023,6,CZ031,Jihočeský kraj,A38,Spála [scarlatina],66001004,1–4 roky,M,0,8
2023,6,CZ031,Jihočeský kraj,A38,Spála [scarlatina],66001004,1–4 roky,Z,0,3
2023,6,CZ031,Jihočeský kraj,A38,Spála [scarlatina],66005009,5–9 let,M,0,11
2023,6,CZ031,Jihočeský kraj,A38,Spála [scarlatina],66005009,5–9 let,Z,0,8
2023,6,CZ031,Jihočeský kraj,A38,Spála [scarlatina],66010014,10–14 let,M,0,1
2023,6,CZ031,Jihočeský kraj,A38,Spála [scarlatina],66010014,10–14 let,Z,0,1
2023,6,CZ031,Jihočeský kraj,A40,Streptokoková sepse,66045049,45–49 let,Z,0,1
2023,6,CZ031,Jihočeský kraj,A40,Streptokoková sepse,66060064,60–64 let,Z,0,1
2023,6,CZ031,Jihočeský kraj,A40,Streptokoková sepse,66065069,65–69 let,M,0,1
2023,6,CZ031,Jihočeský kraj,A40,Streptokoková sepse,66065069,65–69 let,Z,0,1
2023,6,CZ031,Jihočeský kraj,A40,Streptokoková sepse,66075999,75+ let,M,0,1
2023,6,CZ031,Jihočeský kraj,A40,Streptokoková sepse,66075999,75+ let,Z,0,1
2023,6,CZ031,Jihočeský kraj,A41,Jiná sepse,66035039,35–39 let,Z,0,1
2023,6,CZ031,Jihočeský kraj,A41,Jiná sepse,66055059,55–59 let,Z,0,1
2023,6,CZ031,Jihočeský kraj,A41,Jiná sepse,66070074,70–74 let,Z,0,2
2023,6,CZ031,Jihočeský kraj,A41,Jiná sepse,66075999,75+ let,M,0,3
2023,6,CZ031,Jihočeský kraj,A41,Jiná sepse,66075999,75+ let,Z,0,2
2023,6,CZ031,Jihočeský kraj,A46,Růže – erysipel,66050054,50–54 let,M,0,1
2023,6,CZ031,Jihočeský kraj,A46,Růže – erysipel,66060064,60–64 let,Z,0,1
2023,6,CZ031,Jihočeský kraj,A46,Růže – erysipel,66070074,70–74 let,M,0,1
2023,6,CZ031,Jihočeský kraj,A46,Růže – erysipel,66075999,75+ let,Z,0,1
2023,6,CZ031,Jihočeský kraj,A56,Jiná chlamydiová onemocnění přenášená pohlavním stykem,66020024,20–24 let,M,0,1
2023,6,CZ031,Jihočeský kraj,A56,Jiná chlamydiová onemocnění přenášená pohlavním stykem,66020024,20–24 let,Z,0,1
2023,6,CZ031,Jihočeský kraj,A56,Jiná chlamydiová onemocnění přenášená pohlavním stykem,66025029,25–29 let,M,0,1
2023,6,CZ031,Jihočeský kraj,A56,Jiná chlamydiová onemocnění přenášená pohlavním stykem,66025029,25–29 let,Z,0,1
2023,6,CZ031,Jihočeský kraj,A56,Jiná chlamydiová onemocnění přenášená pohlavním stykem,66050054,50–54 let,M,0,1
2023,6,CZ031,Jihočeský kraj,A59,Trichomoniáza,66035039,35–39 let,Z,0,1
2023,6,CZ031,Jihočeský kraj,A63,"Jiné, převážně pohlavním stykem přenášené nemoci nezařazené jinde",66040044,40–44 let,M,0,1
2023,6,CZ031,Jihočeský kraj,A69,Jiné spirochetové infekce,66001004,1–4 roky,Z,0,1
2023,6,CZ031,Jihočeský kraj,A69,Jiné spirochetové infekce,66005009,5–9 let,M,0,1
2023,6,CZ031,Jihočeský kraj,A69,Jiné spirochetové infekce,66005009,5–9 let,Z,0,2
2023,6,CZ031,Jihočeský kraj,A69,Jiné spirochetové infekce,66010014,10–14 let,M,0,1
2023,6,CZ031,Jihočeský kraj,A69,Jiné spirochetové infekce,66010014,10–14 let,Z,0,3
2023,6,CZ031,Jihočeský kraj,A69,Jiné spirochetové infekce,66015019,15–19 let,M,0,1
2023,6,CZ031,Jihočeský kraj,A69,Jiné spirochetové infekce,66015019,15–19 let,Z,0,1
2023,6,CZ031,Jihočeský kraj,A69,Jiné spirochetové infekce,66020024,20–24 let,M,0,1
2023,6,CZ031,Jihočeský kraj,A69,Jiné spirochetové infekce,66025029,25–29 let,Z,0,1
2023,6,CZ031,Jihočeský kraj,A69,Jiné spirochetové infekce,66030034,30–34 let,M,0,3
2023,6,CZ031,Jihočeský kraj,A69,Jiné spirochetové infekce,66030034,30–34 let,Z,0,2
2023,6,CZ031,Jihočeský kraj,A69,Jiné spirochetové infekce,66035039,35–39 let,M,0,1
2023,6,CZ031,Jihočeský kraj,A69,Jiné spirochetové infekce,66035039,35–39 let,Z,0,2
2023,6,CZ031,Jihočeský kraj,A69,Jiné spirochetové infekce,66040044,40–44 let,M,0,2
2023,6,CZ031,Jihočeský kraj,A69,Jiné spirochetové infekce,66040044,40–44 let,Z,0,1
2023,6,CZ031,Jihočeský kraj,A69,Jiné spirochetové infekce,66045049,45–49 let,M,0,5
2023,6,CZ031,Jihočeský kraj,A69,Jiné spirochetové infekce,66045049,45–49 let,Z,0,5
2023,6,CZ031,Jihočeský kraj,A69,Jiné spirochetové infekce,66050054,50–54 let,M,0,1
2023,6,CZ031,Jihočeský kraj,A69,Jiné spirochetové infekce,66050054,50–54 let,Z,0,2
2023,6,CZ031,Jihočeský kraj,A69,Jiné spirochetové infekce,66055059,55–59 let,M,0,4
2023,6,CZ031,Jihočeský kraj,A69,Jiné spirochetové infekce,66055059,55–59 let,Z,0,2
2023,6,CZ031,Jihočeský kraj,A69,Jiné spirochetové infekce,66060064,60–64 let,M,0,2
2023,6,CZ031,Jihočeský kraj,A69,Jiné spirochetové infekce,66060064,60–64 let,Z,0,3
2023,6,CZ031,Jihočeský kraj,A69,Jiné spirochetové infekce,66065069,65–69 let,Z,0,4
2023,6,CZ031,Jihočeský kraj,A69,Jiné spirochetové infekce,66070074,70–74 let,M,0,2
2023,6,CZ031,Jihočeský kraj,A69,Jiné spirochetové infekce,66070074,70–74 let,Z,0,5
2023,6,CZ031,Jihočeský kraj,A69,Jiné spirochetové infekce,66075999,75+ let,Z,0,5
2023,6,CZ031,Jihočeský kraj,A81,Atypické virové infekce centrální nervové soustavy,66070074,70–74 let,Z,0,1
2023,6,CZ031,Jihočeský kraj,A84,Virová encefalitida přenášená klíšťaty,66040044,40–44 let,M,0,1
2023,6,CZ031,Jihočeský kraj,A84,Virová encefalitida přenášená klíšťaty,66040044,40–44 let,Z,0,2
2023,6,CZ031,Jihočeský kraj,A84,Virová encefalitida přenášená klíšťaty,66050054,50–54 let,M,0,1
2023,6,CZ031,Jihočeský kraj,A84,Virová encefalitida přenášená klíšťaty,66065069,65–69 let,M,0,1
2023,6,CZ031,Jihočeský kraj,B01,Plané neštovice [varicella],66000000,0 let,M,0,7
2023,6,CZ031,Jihočeský kraj,B01,Plané neštovice [varicella],66000000,0 let,Z,0,3
2023,6,CZ031,Jihočeský kraj,B01,Plané neštovice [varicella],66001004,1–4 roky,M,0,66
2023,6,CZ031,Jihočeský kraj,B01,Plané neštovice [varicella],66001004,1–4 roky,Z,0,72
2023,6,CZ031,Jihočeský kraj,B01,Plané neštovice [varicella],66005009,5–9 let,M,0,81
2023,6,CZ031,Jihočeský kraj,B01,Plané neštovice [varicella],66005009,5–9 let,Z,0,72
2023,6,CZ031,Jihočeský kraj,B01,Plané neštovice [varicella],66010014,10–14 let,M,0,8
2023,6,CZ031,Jihočeský kraj,B01,Plané neštovice [varicella],66010014,10–14 let,Z,0,7
2023,6,CZ031,Jihočeský kraj,B01,Plané neštovice [varicella],66015019,15–19 let,M,0,2
2023,6,CZ031,Jihočeský kraj,B01,Plané neštovice [varicella],66015019,15–19 let,Z,0,2
2023,6,CZ031,Jihočeský kraj,B01,Plané neštovice [varicella],66025029,25–29 let,M,0,1
2023,6,CZ031,Jihočeský kraj,B02,Pásový opar [herpes zoster],66001004,1–4 roky,M,0,1
2023,6,CZ031,Jihočeský kraj,B02,Pásový opar [herpes zoster],66005009,5–9 let,M,0,1
2023,6,CZ031,Jihočeský kraj,B02,Pásový opar [herpes zoster],66015019,15–19 let,M,0,1
2023,6,CZ031,Jihočeský kraj,B02,Pásový opar [herpes zoster],66025029,25–29 let,M,0,1
2023,6,CZ031,Jihočeský kraj,B02,Pásový opar [herpes zoster],66030034,30–34 let,Z,0,2
2023,6,CZ031,Jihočeský kraj,B02,Pásový opar [herpes zoster],66035039,35–39 let,Z,0,1
2023,6,CZ031,Jihočeský kraj,B02,Pásový opar [herpes zoster],66040044,40–44 let,Z,0,1
2023,6,CZ031,Jihočeský kraj,B02,Pásový opar [herpes zoster],66045049,45–49 let,M,0,1
2023,6,CZ031,Jihočeský kraj,B02,Pásový opar [herpes zoster],66050054,50–54 let,M,0,2
2023,6,CZ031,Jihočeský kraj,B02,Pásový opar [herpes zoster],66055059,55–59 let,Z,0,1
2023,6,CZ031,Jihočeský kraj,B02,Pásový opar [herpes zoster],66060064,60–64 let,M,0,1
2023,6,CZ031,Jihočeský kraj,B02,Pásový opar [herpes zoster],66060064,60–64 let,Z,0,1
2023,6,CZ031,Jihočeský kraj,B02,Pásový opar [herpes zoster],66065069,65–69 let,M,0,3
2023,6,CZ031,Jihočeský kraj,B02,Pásový opar [herpes zoster],66065069,65–69 let,Z,0,2
2023,6,CZ031,Jihočeský kraj,B02,Pásový opar [herpes zoster],66070074,70–74 let,M,0,2
2023,6,CZ031,Jihočeský kraj,B02,Pásový opar [herpes zoster],66070074,70–74 let,Z,0,3
2023,6,CZ031,Jihočeský kraj,B02,Pásový opar [herpes zoster],66075999,75+ let,M,0,2
2023,6,CZ031,Jihočeský kraj,B02,Pásový opar [herpes zoster],66075999,75+ let,Z,0,4
2023,6,CZ031,Jihočeský kraj,B08,Jiné virové infekce charakterizované postižením kůže a sliznic NJ,66000000,0 let,M,0,5
2023,6,CZ031,Jihočeský kraj,B08,Jiné virové infekce charakterizované postižením kůže a sliznic NJ,66000000,0 let,Z,0,3
2023,6,CZ031,Jihočeský kraj,B08,Jiné virové infekce charakterizované postižením kůže a sliznic NJ,66001004,1–4 roky,M,0,9
2023,6,CZ031,Jihočeský kraj,B08,Jiné virové infekce charakterizované postižením kůže a sliznic NJ,66001004,1–4 roky,Z,0,5
2023,6,CZ031,Jihočeský kraj,B08,Jiné virové infekce charakterizované postižením kůže a sliznic NJ,66005009,5–9 let,M,0,4
2023,6,CZ031,Jihočeský kraj,B08,Jiné virové infekce charakterizované postižením kůže a sliznic NJ,66010014,10–14 let,M,0,2
2023,6,CZ031,Jihočeský kraj,B08,Jiné virové infekce charakterizované postižením kůže a sliznic NJ,66010014,10–14 let,Z,0,1
2023,6,CZ031,Jihočeský kraj,B08,Jiné virové infekce charakterizované postižením kůže a sliznic NJ,66030034,30–34 let,M,0,1
2023,6,CZ031,Jihočeský kraj,B15,Akutní hepatitida A,66010014,10–14 let,M,0,1
2023,6,CZ031,Jihočeský kraj,B17,Jiná akutní virová hepatitida,66025029,25–29 let,Z,0,1
2023,6,CZ031,Jihočeský kraj,B17,Jiná akutní virová hepatitida,66040044,40–44 let,M,0,1
2023,6,CZ031,Jihočeský kraj,B17,Jiná akutní virová hepatitida,66045049,45–49 let,M,0,1
2023,6,CZ031,Jihočeský kraj,B17,Jiná akutní virová hepatitida,66055059,55–59 let,Z,0,1
2023,6,CZ031,Jihočeský kraj,B17,Jiná akutní virová hepatitida,66060064,60–64 let,Z,0,1
2023,6,CZ031,Jihočeský kraj,B17,Jiná akutní virová hepatitida,66065069,65–69 let,M,0,1
2023,6,CZ031,Jihočeský kraj,B18,Chronická virová hepatitida,66025029,25–29 let,M,0,1
2023,6,CZ031,Jihočeský kraj,B18,Chronická virová hepatitida,66025029,25–29 let,Z,0,1
2023,6,CZ031,Jihočeský kraj,B18,Chronická virová hepatitida,66030034,30–34 let,M,0,1
2023,6,CZ031,Jihočeský kraj,B18,Chronická virová hepatitida,66035039,35–39 let,M,0,2
2023,6,CZ031,Jihočeský kraj,B18,Chronická virová hepatitida,66035039,35–39 let,Z,0,1
2023,6,CZ031,Jihočeský kraj,B18,Chronická virová hepatitida,66040044,40–44 let,M,0,1
2023,6,CZ031,Jihočeský kraj,B18,Chronická virová hepatitida,66045049,45–49 let,M,0,1
2023,6,CZ031,Jihočeský kraj,B18,Chronická virová hepatitida,66050054,50–54 let,Z,0,1
2023,6,CZ031,Jihočeský kraj,B18,Chronická virová hepatitida,66060064,60–64 let,M,0,2
2023,6,CZ031,Jihočeský kraj,B18,Chronická virová hepatitida,66065069,65–69 let,M,0,1
2023,6,CZ031,Jihočeský kraj,B18,Chronická virová hepatitida,66065069,65–69 let,Z,0,1
2023,6,CZ031,Jihočeský kraj,B27,Infekční mononukleóza,66001004,1–4 roky,M,0,1
2023,6,CZ031,Jihočeský kraj,B27,Infekční mononukleóza,66001004,1–4 roky,Z,0,2
2023,6,CZ031,Jihočeský kraj,B27,Infekční mononukleóza,66005009,5–9 let,Z,0,1
2023,6,CZ031,Jihočeský kraj,B27,Infekční mononukleóza,66010014,10–14 let,M,0,2
2023,6,CZ031,Jihočeský kraj,B27,Infekční mononukleóza,66010014,10–14 let,Z,0,1
2023,6,CZ031,Jihočeský kraj,B27,Infekční mononukleóza,66015019,15–19 let,M,0,1
2023,6,CZ031,Jihočeský kraj,B27,Infekční mononukleóza,66015019,15–19 let,Z,0,2
2023,6,CZ031,Jihočeský kraj,B27,Infekční mononukleóza,66025029,25–29 let,M,0,1
2023,6,CZ031,Jihočeský kraj,B27,Infekční mononukleóza,66030034,30–34 let,Z,0,1
2023,6,CZ031,Jihočeský kraj,B35,Dermatofytóza,66010014,10–14 let,Z,0,1
2023,6,CZ031,Jihočeský kraj,B37,Kandidóza [candidosis],66001004,1–4 roky,M,0,1
2023,6,CZ031,Jihočeský kraj,B80,Enterobióza [enterobiasis],66005009,5–9 let,M,0,1
2023,6,CZ031,Jihočeský kraj,B80,Enterobióza [enterobiasis],66005009,5–9 let,Z,0,1
2023,6,CZ031,Jihočeský kraj,B86,Svrab [scabies],66000000,0 let,Z,0,1
2023,6,CZ031,Jihočeský kraj,B86,Svrab [scabies],66001004,1–4 roky,M,0,2
2023,6,CZ031,Jihočeský kraj,B86,Svrab [scabies],66005009,5–9 let,M,0,4
2023,6,CZ031,Jihočeský kraj,B86,Svrab [scabies],66010014,10–14 let,M,0,1
2023,6,CZ031,Jihočeský kraj,B86,Svrab [scabies],66015019,15–19 let,M,0,1
2023,6,CZ031,Jihočeský kraj,B86,Svrab [scabies],66015019,15–19 let,Z,0,2
2023,6,CZ031,Jihočeský kraj,B86,Svrab [scabies],66020024,20–24 let,M,0,2
2023,6,CZ031,Jihočeský kraj,B86,Svrab [scabies],66035039,35–39 let,Z,0,2
2023,6,CZ031,Jihočeský kraj,B86,Svrab [scabies],66040044,40–44 let,M,0,1
2023,6,CZ031,Jihočeský kraj,B86,Svrab [scabies],66040044,40–44 let,Z,0,1
2023,6,CZ031,Jihočeský kraj,B86,Svrab [scabies],66045049,45–49 let,Z,0,1
2023,6,CZ031,Jihočeský kraj,B86,Svrab [scabies],66050054,50–54 let,Z,0,1
2023,6,CZ031,Jihočeský kraj,B86,Svrab [scabies],66060064,60–64 let,M,0,1
2023,6,CZ031,Jihočeský kraj,B86,Svrab [scabies],66070074,70–74 let,M,0,1
2023,6,CZ031,Jihočeský kraj,B86,Svrab [scabies],66075999,75+ let,M,0,3
2023,6,CZ031,Jihočeský kraj,J13,Zánět plic‚ původce: Streptococcus pneumoniae,66020024,20–24 let,M,0,1
2023,6,CZ031,Jihočeský kraj,J13,Zánět plic‚ původce: Streptococcus pneumoniae,66035039,35–39 let,M,0,1
2023,6,CZ031,Jihočeský kraj,J13,Zánět plic‚ původce: Streptococcus pneumoniae,66075999,75+ let,M,0,1
2023,6,CZ031,Jihočeský kraj,J13,Zánět plic‚ původce: Streptococcus pneumoniae,66075999,75+ let,Z,0,1
2023,6,CZ031,Jihočeský kraj,W54,Kousnutí nebo úder psem,66025029,25–29 let,Z,0,1
2023,6,CZ031,Jihočeský kraj,W54,Kousnutí nebo úder psem,66040044,40–44 let,Z,0,1
2023,6,CZ031,Jihočeský kraj,W54,Kousnutí nebo úder psem,66065069,65–69 let,Z,0,2
2023,6,CZ031,Jihočeský kraj,W55,Kousnutí nebo úder jinými savci,66020024,20–24 let,Z,0,1
2023,6,CZ031,Jihočeský kraj,W55,Kousnutí nebo úder jinými savci,66055059,55–59 let,M,0,1
2023,7,CZ031,Jihočeský kraj,A02,Jiné infekce způsobené salmonelami,66000000,0 let,M,0,2
2023,7,CZ031,Jihočeský kraj,A02,Jiné infekce způsobené salmonelami,66000000,0 let,Z,0,2
2023,7,CZ031,Jihočeský kraj,A02,Jiné infekce způsobené salmonelami,66001004,1–4 roky,M,0,6
2023,7,CZ031,Jihočeský kraj,A02,Jiné infekce způsobené salmonelami,66001004,1–4 roky,Z,0,10
2023,7,CZ031,Jihočeský kraj,A02,Jiné infekce způsobené salmonelami,66005009,5–9 let,M,0,7
2023,7,CZ031,Jihočeský kraj,A02,Jiné infekce způsobené salmonelami,66005009,5–9 let,Z,0,8
2023,7,CZ031,Jihočeský kraj,A02,Jiné infekce způsobené salmonelami,66010014,10–14 let,M,0,3
2023,7,CZ031,Jihočeský kraj,A02,Jiné infekce způsobené salmonelami,66010014,10–14 let,Z,0,6
2023,7,CZ031,Jihočeský kraj,A02,Jiné infekce způsobené salmonelami,66015019,15–19 let,Z,0,3
2023,7,CZ031,Jihočeský kraj,A02,Jiné infekce způsobené salmonelami,66020024,20–24 let,Z,0,2
2023,7,CZ031,Jihočeský kraj,A02,Jiné infekce způsobené salmonelami,66025029,25–29 let,M,0,1
2023,7,CZ031,Jihočeský kraj,A02,Jiné infekce způsobené salmonelami,66030034,30–34 let,M,0,1
2023,7,CZ031,Jihočeský kraj,A02,Jiné infekce způsobené salmonelami,66030034,30–34 let,Z,0,2
2023,7,CZ031,Jihočeský kraj,A02,Jiné infekce způsobené salmonelami,66035039,35–39 let,M,0,1
2023,7,CZ031,Jihočeský kraj,A02,Jiné infekce způsobené salmonelami,66035039,35–39 let,Z,0,1
2023,7,CZ031,Jihočeský kraj,A02,Jiné infekce způsobené salmonelami,66040044,40–44 let,M,0,1
2023,7,CZ031,Jihočeský kraj,A02,Jiné infekce způsobené salmonelami,66040044,40–44 let,Z,0,1
2023,7,CZ031,Jihočeský kraj,A02,Jiné infekce způsobené salmonelami,66045049,45–49 let,Z,0,1
2023,7,CZ031,Jihočeský kraj,A02,Jiné infekce způsobené salmonelami,66050054,50–54 let,M,0,1
2023,7,CZ031,Jihočeský kraj,A02,Jiné infekce způsobené salmonelami,66050054,50–54 let,Z,0,1
2023,7,CZ031,Jihočeský kraj,A02,Jiné infekce způsobené salmonelami,66055059,55–59 let,M,0,1
2023,7,CZ031,Jihočeský kraj,A02,Jiné infekce způsobené salmonelami,66055059,55–59 let,Z,0,3
2023,7,CZ031,Jihočeský kraj,A02,Jiné infekce způsobené salmonelami,66060064,60–64 let,Z,0,4
2023,7,CZ031,Jihočeský kraj,A02,Jiné infekce způsobené salmonelami,66065069,65–69 let,M,0,1
2023,7,CZ031,Jihočeský kraj,A02,Jiné infekce způsobené salmonelami,66065069,65–69 let,Z,0,1
2023,7,CZ031,Jihočeský kraj,A02,Jiné infekce způsobené salmonelami,66070074,70–74 let,M,0,1
2023,7,CZ031,Jihočeský kraj,A02,Jiné infekce způsobené salmonelami,66070074,70–74 let,Z,0,4
2023,7,CZ031,Jihočeský kraj,A02,Jiné infekce způsobené salmonelami,66075999,75+ let,M,0,1
2023,7,CZ031,Jihočeský kraj,A02,Jiné infekce způsobené salmonelami,66075999,75+ let,Z,0,1
2023,7,CZ031,Jihočeský kraj,A03,Shigelóza,66045049,45–49 let,Z,0,1
2023,7,CZ031,Jihočeský kraj,A04,Jiné bakteriální střevní infekce,66000000,0 let,M,0,2
2023,7,CZ031,Jihočeský kraj,A04,Jiné bakteriální střevní infekce,66000000,0 let,Z,0,2
2023,7,CZ031,Jihočeský kraj,A04,Jiné bakteriální střevní infekce,66001004,1–4 roky,M,0,12
2023,7,CZ031,Jihočeský kraj,A04,Jiné bakteriální střevní infekce,66001004,1–4 roky,Z,0,8
2023,7,CZ031,Jihočeský kraj,A04,Jiné bakteriální střevní infekce,66005009,5–9 let,M,0,10
2023,7,CZ031,Jihočeský kraj,A04,Jiné bakteriální střevní infekce,66005009,5–9 let,Z,0,3
2023,7,CZ031,Jihočeský kraj,A04,Jiné bakteriální střevní infekce,66010014,10–14 let,M,0,4
2023,7,CZ031,Jihočeský kraj,A04,Jiné bakteriální střevní infekce,66010014,10–14 let,Z,0,4
2023,7,CZ031,Jihočeský kraj,A04,Jiné bakteriální střevní infekce,66015019,15–19 let,M,0,5
2023,7,CZ031,Jihočeský kraj,A04,Jiné bakteriální střevní infekce,66015019,15–19 let,Z,0,4
2023,7,CZ031,Jihočeský kraj,A04,Jiné bakteriální střevní infekce,66020024,20–24 let,M,0,6
2023,7,CZ031,Jihočeský kraj,A04,Jiné bakteriální střevní infekce,66020024,20–24 let,Z,0,2
2023,7,CZ031,Jihočeský kraj,A04,Jiné bakteriální střevní infekce,66025029,25–29 let,M,0,6
2023,7,CZ031,Jihočeský kraj,A04,Jiné bakteriální střevní infekce,66025029,25–29 let,Z,0,8
2023,7,CZ031,Jihočeský kraj,A04,Jiné bakteriální střevní infekce,66030034,30–34 let,M,0,2
2023,7,CZ031,Jihočeský kraj,A04,Jiné bakteriální střevní infekce,66030034,30–34 let,Z,0,2
2023,7,CZ031,Jihočeský kraj,A04,Jiné bakteriální střevní infekce,66035039,35–39 let,M,0,3
2023,7,CZ031,Jihočeský kraj,A04,Jiné bakteriální střevní infekce,66035039,35–39 let,Z,0,2
2023,7,CZ031,Jihočeský kraj,A04,Jiné bakteriální střevní infekce,66040044,40–44 let,M,0,3
2023,7,CZ031,Jihočeský kraj,A04,Jiné bakteriální střevní infekce,66045049,45–49 let,M,0,5
2023,7,CZ031,Jihočeský kraj,A04,Jiné bakteriální střevní infekce,66045049,45–49 let,Z,0,2
2023,7,CZ031,Jihočeský kraj,A04,Jiné bakteriální střevní infekce,66050054,50–54 let,Z,0,4
2023,7,CZ031,Jihočeský kraj,A04,Jiné bakteriální střevní infekce,66055059,55–59 let,M,0,2
2023,7,CZ031,Jihočeský kraj,A04,Jiné bakteriální střevní infekce,66055059,55–59 let,Z,0,4
2023,7,CZ031,Jihočeský kraj,A04,Jiné bakteriální střevní infekce,66060064,60–64 let,M,0,2
2023,7,CZ031,Jihočeský kraj,A04,Jiné bakteriální střevní infekce,66065069,65–69 let,M,0,1
2023,7,CZ031,Jihočeský kraj,A04,Jiné bakteriální střevní infekce,66065069,65–69 let,Z,0,1
2023,7,CZ031,Jihočeský kraj,A04,Jiné bakteriální střevní infekce,66070074,70–74 let,M,0,7
2023,7,CZ031,Jihočeský kraj,A04,Jiné bakteriální střevní infekce,66070074,70–74 let,Z,0,5
2023,7,CZ031,Jihočeský kraj,A04,Jiné bakteriální střevní infekce,66075999,75+ let,M,0,7
2023,7,CZ031,Jihočeský kraj,A04,Jiné bakteriální střevní infekce,66075999,75+ let,Z,0,12
2023,7,CZ031,Jihočeský kraj,A08,Střevní infekce viry a jinými určenými mikroorganismy,66000000,0 let,M,0,5
2023,7,CZ031,Jihočeský kraj,A08,Střevní infekce viry a jinými určenými mikroorganismy,66000000,0 let,Z,0,2
2023,7,CZ031,Jihočeský kraj,A08,Střevní infekce viry a jinými určenými mikroorganismy,66001004,1–4 roky,M,0,10
2023,7,CZ031,Jihočeský kraj,A08,Střevní infekce viry a jinými určenými mikroorganismy,66001004,1–4 roky,Z,0,13
2023,7,CZ031,Jihočeský kraj,A08,Střevní infekce viry a jinými určenými mikroorganismy,66005009,5–9 let,M,0,5
2023,7,CZ031,Jihočeský kraj,A08,Střevní infekce viry a jinými určenými mikroorganismy,66005009,5–9 let,Z,0,1
2023,7,CZ031,Jihočeský kraj,A08,Střevní infekce viry a jinými určenými mikroorganismy,66010014,10–14 let,Z,0,2
2023,7,CZ031,Jihočeský kraj,A08,Střevní infekce viry a jinými určenými mikroorganismy,66015019,15–19 let,Z,0,1
2023,7,CZ031,Jihočeský kraj,A08,Střevní infekce viry a jinými určenými mikroorganismy,66020024,20–24 let,Z,0,1
2023,7,CZ031,Jihočeský kraj,A08,Střevní infekce viry a jinými určenými mikroorganismy,66025029,25–29 let,Z,0,1
2023,7,CZ031,Jihočeský kraj,A08,Střevní infekce viry a jinými určenými mikroorganismy,66030034,30–34 let,Z,0,1
2023,7,CZ031,Jihočeský kraj,A08,Střevní infekce viry a jinými určenými mikroorganismy,66040044,40–44 let,Z,0,1
2023,7,CZ031,Jihočeský kraj,A08,Střevní infekce viry a jinými určenými mikroorganismy,66055059,55–59 let,M,0,1
2023,7,CZ031,Jihočeský kraj,A08,Střevní infekce viry a jinými určenými mikroorganismy,66060064,60–64 let,M,0,1
2023,7,CZ031,Jihočeský kraj,A08,Střevní infekce viry a jinými určenými mikroorganismy,66065069,65–69 let,M,0,1
2023,7,CZ031,Jihočeský kraj,A08,Střevní infekce viry a jinými určenými mikroorganismy,66070074,70–74 let,M,0,1
2023,7,CZ031,Jihočeský kraj,A08,Střevní infekce viry a jinými určenými mikroorganismy,66075999,75+ let,M,0,1
2023,7,CZ031,Jihočeský kraj,A08,Střevní infekce viry a jinými určenými mikroorganismy,66075999,75+ let,Z,0,6
2023,7,CZ031,Jihočeský kraj,A09,Jiná gastroenteritida a kolitida infekčního a NS původu,66001004,1–4 roky,Z,0,2
2023,7,CZ031,Jihočeský kraj,A21,Tularemie,66040044,40–44 let,M,0,1
2023,7,CZ031,Jihočeský kraj,A21,Tularemie,66040044,40–44 let,Z,0,1
2023,7,CZ031,Jihočeský kraj,A21,Tularemie,66045049,45–49 let,M,0,1
2023,7,CZ031,Jihočeský kraj,A21,Tularemie,66060064,60–64 let,M,0,1
2023,7,CZ031,Jihočeský kraj,A21,Tularemie,66065069,65–69 let,M,0,1
2023,7,CZ031,Jihočeský kraj,A27,Leptospiróza,66045049,45–49 let,Z,0,1
2023,7,CZ031,Jihočeský kraj,A27,Leptospiróza,66065069,65–69 let,M,0,1
2023,7,CZ031,Jihočeský kraj,A37,Dávivý kašel [pertussis],66060064,60–64 let,M,0,1
2023,7,CZ031,Jihočeský kraj,A38,Spála [scarlatina],66001004,1–4 roky,M,0,1
2023,7,CZ031,Jihočeský kraj,A38,Spála [scarlatina],66001004,1–4 roky,Z,0,2
2023,7,CZ031,Jihočeský kraj,A38,Spála [scarlatina],66005009,5–9 let,M,0,8
2023,7,CZ031,Jihočeský kraj,A38,Spála [scarlatina],66005009,5–9 let,Z,0,8
2023,7,CZ031,Jihočeský kraj,A38,Spála [scarlatina],66010014,10–14 let,M,0,1
2023,7,CZ031,Jihočeský kraj,A40,Streptokoková sepse,66010014,10–14 let,Z,0,1
2023,7,CZ031,Jihočeský kraj,A40,Streptokoková sepse,66020024,20–24 let,M,0,1
2023,7,CZ031,Jihočeský kraj,A41,Jiná sepse,66010014,10–14 let,Z,0,1
2023,7,CZ031,Jihočeský kraj,A41,Jiná sepse,66020024,20–24 let,M,0,1
2023,7,CZ031,Jihočeský kraj,A41,Jiná sepse,66065069,65–69 let,M,0,1
2023,7,CZ031,Jihočeský kraj,A41,Jiná sepse,66065069,65–69 let,Z,0,1
2023,7,CZ031,Jihočeský kraj,A41,Jiná sepse,66070074,70–74 let,M,0,1
2023,7,CZ031,Jihočeský kraj,A41,Jiná sepse,66075999,75+ let,M,0,1
2023,7,CZ031,Jihočeský kraj,A41,Jiná sepse,66075999,75+ let,Z,0,2
2023,7,CZ031,Jihočeský kraj,A46,Růže – erysipel,66045049,45–49 let,Z,0,1
2023,7,CZ031,Jihočeský kraj,A46,Růže – erysipel,66055059,55–59 let,Z,0,2
2023,7,CZ031,Jihočeský kraj,A46,Růže – erysipel,66060064,60–64 let,M,0,2
2023,7,CZ031,Jihočeský kraj,A46,Růže – erysipel,66060064,60–64 let,Z,0,1
2023,7,CZ031,Jihočeský kraj,A46,Růže – erysipel,66065069,65–69 let,Z,0,1
2023,7,CZ031,Jihočeský kraj,A46,Růže – erysipel,66075999,75+ let,Z,0,6
2023,7,CZ031,Jihočeský kraj,A56,Jiná chlamydiová onemocnění přenášená pohlavním stykem,66030034,30–34 let,Z,0,1
2023,7,CZ031,Jihočeský kraj,A59,Trichomoniáza,66035039,35–39 let,Z,0,1
2023,7,CZ031,Jihočeský kraj,A69,Jiné spirochetové infekce,66005009,5–9 let,M,0,2
2023,7,CZ031,Jihočeský kraj,A69,Jiné spirochetové infekce,66005009,5–9 let,Z,0,2
2023,7,CZ031,Jihočeský kraj,A69,Jiné spirochetové infekce,66010014,10–14 let,Z,0,1
2023,7,CZ031,Jihočeský kraj,A69,Jiné spirochetové infekce,66015019,15–19 let,Z,0,2
2023,7,CZ031,Jihočeský kraj,A69,Jiné spirochetové infekce,66020024,20–24 let,M,0,1
2023,7,CZ031,Jihočeský kraj,A69,Jiné spirochetové infekce,66020024,20–24 let,Z,0,1
2023,7,CZ031,Jihočeský kraj,A69,Jiné spirochetové infekce,66025029,25–29 let,M,0,1
2023,7,CZ031,Jihočeský kraj,A69,Jiné spirochetové infekce,66025029,25–29 let,Z,0,2
2023,7,CZ031,Jihočeský kraj,A69,Jiné spirochetové infekce,66030034,30–34 let,M,0,4
2023,7,CZ031,Jihočeský kraj,A69,Jiné spirochetové infekce,66030034,30–34 let,Z,0,3
2023,7,CZ031,Jihočeský kraj,A69,Jiné spirochetové infekce,66035039,35–39 let,M,0,2
2023,7,CZ031,Jihočeský kraj,A69,Jiné spirochetové infekce,66035039,35–39 let,Z,0,2
2023,7,CZ031,Jihočeský kraj,A69,Jiné spirochetové infekce,66040044,40–44 let,M,0,2
2023,7,CZ031,Jihočeský kraj,A69,Jiné spirochetové infekce,66040044,40–44 let,Z,0,3
2023,7,CZ031,Jihočeský kraj,A69,Jiné spirochetové infekce,66045049,45–49 let,M,0,4
2023,7,CZ031,Jihočeský kraj,A69,Jiné spirochetové infekce,66045049,45–49 let,Z,0,3
2023,7,CZ031,Jihočeský kraj,A69,Jiné spirochetové infekce,66050054,50–54 let,M,0,3
2023,7,CZ031,Jihočeský kraj,A69,Jiné spirochetové infekce,66055059,55–59 let,M,0,3
2023,7,CZ031,Jihočeský kraj,A69,Jiné spirochetové infekce,66055059,55–59 let,Z,0,2
2023,7,CZ031,Jihočeský kraj,A69,Jiné spirochetové infekce,66060064,60–64 let,M,0,4
2023,7,CZ031,Jihočeský kraj,A69,Jiné spirochetové infekce,66060064,60–64 let,Z,0,1
2023,7,CZ031,Jihočeský kraj,A69,Jiné spirochetové infekce,66065069,65–69 let,M,0,1
2023,7,CZ031,Jihočeský kraj,A69,Jiné spirochetové infekce,66065069,65–69 let,Z,0,2
2023,7,CZ031,Jihočeský kraj,A69,Jiné spirochetové infekce,66070074,70–74 let,M,0,3
2023,7,CZ031,Jihočeský kraj,A69,Jiné spirochetové infekce,66070074,70–74 let,Z,0,3
2023,7,CZ031,Jihočeský kraj,A69,Jiné spirochetové infekce,66075999,75+ let,Z,0,2
2023,7,CZ031,Jihočeský kraj,A84,Virová encefalitida přenášená klíšťaty,66020024,20–24 let,M,0,1
2023,7,CZ031,Jihočeský kraj,A84,Virová encefalitida přenášená klíšťaty,66030034,30–34 let,M,0,2
2023,7,CZ031,Jihočeský kraj,A84,Virová encefalitida přenášená klíšťaty,66030034,30–34 let,Z,0,2
2023,7,CZ031,Jihočeský kraj,A84,Virová encefalitida přenášená klíšťaty,66035039,35–39 let,M,0,2
2023,7,CZ031,Jihočeský kraj,A84,Virová encefalitida přenášená klíšťaty,66035039,35–39 let,Z,0,1
2023,7,CZ031,Jihočeský kraj,A84,Virová encefalitida přenášená klíšťaty,66040044,40–44 let,Z,0,1
2023,7,CZ031,Jihočeský kraj,A84,Virová encefalitida přenášená klíšťaty,66045049,45–49 let,M,0,1
2023,7,CZ031,Jihočeský kraj,A84,Virová encefalitida přenášená klíšťaty,66050054,50–54 let,Z,0,1
2023,7,CZ031,Jihočeský kraj,A84,Virová encefalitida přenášená klíšťaty,66055059,55–59 let,M,0,1
2023,7,CZ031,Jihočeský kraj,A84,Virová encefalitida přenášená klíšťaty,66055059,55–59 let,Z,0,1
2023,7,CZ031,Jihočeský kraj,A84,Virová encefalitida přenášená klíšťaty,66060064,60–64 let,M,0,4
2023,7,CZ031,Jihočeský kraj,A84,Virová encefalitida přenášená klíšťaty,66065069,65–69 let,Z,0,1
2023,7,CZ031,Jihočeský kraj,A84,Virová encefalitida přenášená klíšťaty,66070074,70–74 let,M,0,1
2023,7,CZ031,Jihočeský kraj,A84,Virová encefalitida přenášená klíšťaty,66075999,75+ let,M,0,1
2023,7,CZ031,Jihočeský kraj,A87,Virová meningitida,66005009,5–9 let,M,0,1
2023,7,CZ031,Jihočeský kraj,B01,Plané neštovice [varicella],66000000,0 let,M,0,1
2023,7,CZ031,Jihočeský kraj,B01,Plané neštovice [varicella],66000000,0 let,Z,0,2
2023,7,CZ031,Jihočeský kraj,B01,Plané neštovice [varicella],66001004,1–4 roky,M,0,24
2023,7,CZ031,Jihočeský kraj,B01,Plané neštovice [varicella],66001004,1–4 roky,Z,0,31
2023,7,CZ031,Jihočeský kraj,B01,Plané neštovice [varicella],66005009,5–9 let,M,0,30
2023,7,CZ031,Jihočeský kraj,B01,Plané neštovice [varicella],66005009,5–9 let,Z,0,34
2023,7,CZ031,Jihočeský kraj,B01,Plané neštovice [varicella],66010014,10–14 let,M,0,11
2023,7,CZ031,Jihočeský kraj,B01,Plané neštovice [varicella],66010014,10–14 let,Z,0,3
2023,7,CZ031,Jihočeský kraj,B01,Plané neštovice [varicella],66015019,15–19 let,M,0,1
2023,7,CZ031,Jihočeský kraj,B01,Plané neštovice [varicella],66015019,15–19 let,Z,0,1
2023,7,CZ031,Jihočeský kraj,B01,Plané neštovice [varicella],66035039,35–39 let,Z,0,1
2023,7,CZ031,Jihočeský kraj,B01,Plané neštovice [varicella],66045049,45–49 let,Z,0,1
2023,7,CZ031,Jihočeský kraj,B02,Pásový opar [herpes zoster],66001004,1–4 roky,M,0,1
2023,7,CZ031,Jihočeský kraj,B02,Pásový opar [herpes zoster],66020024,20–24 let,M,0,1
2023,7,CZ031,Jihočeský kraj,B02,Pásový opar [herpes zoster],66025029,25–29 let,M,0,1
2023,7,CZ031,Jihočeský kraj,B02,Pásový opar [herpes zoster],66035039,35–39 let,Z,0,1
2023,7,CZ031,Jihočeský kraj,B02,Pásový opar [herpes zoster],66040044,40–44 let,Z,0,3
2023,7,CZ031,Jihočeský kraj,B02,Pásový opar [herpes zoster],66045049,45–49 let,M,0,1
2023,7,CZ031,Jihočeský kraj,B02,Pásový opar [herpes zoster],66045049,45–49 let,Z,0,1
2023,7,CZ031,Jihočeský kraj,B02,Pásový opar [herpes zoster],66060064,60–64 let,M,0,2
2023,7,CZ031,Jihočeský kraj,B02,Pásový opar [herpes zoster],66060064,60–64 let,Z,0,3
2023,7,CZ031,Jihočeský kraj,B02,Pásový opar [herpes zoster],66065069,65–69 let,M,0,2
2023,7,CZ031,Jihočeský kraj,B02,Pásový opar [herpes zoster],66065069,65–69 let,Z,0,2
2023,7,CZ031,Jihočeský kraj,B02,Pásový opar [herpes zoster],66070074,70–74 let,M,0,1
2023,7,CZ031,Jihočeský kraj,B02,Pásový opar [herpes zoster],66070074,70–74 let,Z,0,1
2023,7,CZ031,Jihočeský kraj,B02,Pásový opar [herpes zoster],66075999,75+ let,M,0,1
2023,7,CZ031,Jihočeský kraj,B02,Pásový opar [herpes zoster],66075999,75+ let,Z,0,3
2023,7,CZ031,Jihočeský kraj,B08,Jiné virové infekce charakterizované postižením kůže a sliznic NJ,66000000,0 let,M,0,4
2023,7,CZ031,Jihočeský kraj,B08,Jiné virové infekce charakterizované postižením kůže a sliznic NJ,66000000,0 let,Z,0,1
2023,7,CZ031,Jihočeský kraj,B08,Jiné virové infekce charakterizované postižením kůže a sliznic NJ,66001004,1–4 roky,M,0,15
2023,7,CZ031,Jihočeský kraj,B08,Jiné virové infekce charakterizované postižením kůže a sliznic NJ,66001004,1–4 roky,Z,0,6
2023,7,CZ031,Jihočeský kraj,B08,Jiné virové infekce charakterizované postižením kůže a sliznic NJ,66005009,5–9 let,M,0,3
2023,7,CZ031,Jihočeský kraj,B08,Jiné virové infekce charakterizované postižením kůže a sliznic NJ,66005009,5–9 let,Z,0,2
2023,7,CZ031,Jihočeský kraj,B08,Jiné virové infekce charakterizované postižením kůže a sliznic NJ,66010014,10–14 let,M,0,1
2023,7,CZ031,Jihočeský kraj,B17,Jiná akutní virová hepatitida,66055059,55–59 let,M,0,1
2023,7,CZ031,Jihočeský kraj,B17,Jiná akutní virová hepatitida,66055059,55–59 let,Z,0,1
2023,7,CZ031,Jihočeský kraj,B18,Chronická virová hepatitida,66020024,20–24 let,Z,0,1
2023,7,CZ031,Jihočeský kraj,B18,Chronická virová hepatitida,66030034,30–34 let,M,0,1
2023,7,CZ031,Jihočeský kraj,B18,Chronická virová hepatitida,66035039,35–39 let,M,0,3
2023,7,CZ031,Jihočeský kraj,B18,Chronická virová hepatitida,66040044,40–44 let,M,0,1
2023,7,CZ031,Jihočeský kraj,B18,Chronická virová hepatitida,66045049,45–49 let,M,0,1
2023,7,CZ031,Jihočeský kraj,B18,Chronická virová hepatitida,66055059,55–59 let,M,0,1
2023,7,CZ031,Jihočeský kraj,B27,Infekční mononukleóza,66001004,1–4 roky,Z,0,1
2023,7,CZ031,Jihočeský kraj,B27,Infekční mononukleóza,66005009,5–9 let,M,0,2
2023,7,CZ031,Jihočeský kraj,B27,Infekční mononukleóza,66005009,5–9 let,Z,0,1
2023,7,CZ031,Jihočeský kraj,B27,Infekční mononukleóza,66015019,15–19 let,M,0,2
2023,7,CZ031,Jihočeský kraj,B27,Infekční mononukleóza,66025029,25–29 let,Z,0,1
2023,7,CZ031,Jihočeský kraj,B27,Infekční mononukleóza,66035039,35–39 let,M,0,1
2023,7,CZ031,Jihočeský kraj,B27,Infekční mononukleóza,66050054,50–54 let,Z,0,1
2023,7,CZ031,Jihočeský kraj,B80,Enterobióza [enterobiasis],66005009,5–9 let,M,0,1
2023,7,CZ031,Jihočeský kraj,B80,Enterobióza [enterobiasis],66005009,5–9 let,Z,0,1
2023,7,CZ031,Jihočeský kraj,B80,Enterobióza [enterobiasis],66010014,10–14 let,M,0,1
2023,7,CZ031,Jihočeský kraj,B80,Enterobióza [enterobiasis],66050054,50–54 let,M,0,1
2023,7,CZ031,Jihočeský kraj,B86,Svrab [scabies],66001004,1–4 roky,Z,0,1
2023,7,CZ031,Jihočeský kraj,B86,Svrab [scabies],66005009,5–9 let,M,0,1
2023,7,CZ031,Jihočeský kraj,B86,Svrab [scabies],66015019,15–19 let,M,0,1
2023,7,CZ031,Jihočeský kraj,B86,Svrab [scabies],66020024,20–24 let,M,0,1
2023,7,CZ031,Jihočeský kraj,B86,Svrab [scabies],66020024,20–24 let,Z,0,1
2023,7,CZ031,Jihočeský kraj,B86,Svrab [scabies],66030034,30–34 let,Z,0,3
2023,7,CZ031,Jihočeský kraj,B86,Svrab [scabies],66045049,45–49 let,M,0,1
2023,7,CZ031,Jihočeský kraj,B86,Svrab [scabies],66070074,70–74 let,M,0,1
2023,7,CZ031,Jihočeský kraj,B86,Svrab [scabies],66075999,75+ let,Z,0,1
2023,7,CZ031,Jihočeský kraj,J15,Bakteriální zánět plic (pneumonie) nezařazený jinde,66005009,5–9 let,M,0,1
2023,7,CZ031,Jihočeský kraj,W54,Kousnutí nebo úder psem,66001004,1–4 roky,Z,0,1
2023,7,CZ031,Jihočeský kraj,W54,Kousnutí nebo úder psem,66005009,5–9 let,M,0,1
2023,7,CZ031,Jihočeský kraj,W54,Kousnutí nebo úder psem,66005009,5–9 let,Z,0,1
2023,7,CZ031,Jihočeský kraj,W54,Kousnutí nebo úder psem,66015019,15–19 let,Z,0,1
2023,7,CZ031,Jihočeský kraj,W54,Kousnutí nebo úder psem,66020024,20–24 let,Z,0,2
2023,7,CZ031,Jihočeský kraj,W54,Kousnutí nebo úder psem,66025029,25–29 let,Z,0,1
2023,7,CZ031,Jihočeský kraj,W54,Kousnutí nebo úder psem,66035039,35–39 let,M,0,1
2023,7,CZ031,Jihočeský kraj,W54,Kousnutí nebo úder psem,66045049,45–49 let,M,0,1
2023,7,CZ031,Jihočeský kraj,W55,Kousnutí nebo úder jinými savci,66060064,60–64 let,M,0,1
2023,8,CZ031,Jihočeský kraj,A02,Jiné infekce způsobené salmonelami,66000000,0 let,M,0,2
2023,8,CZ031,Jihočeský kraj,A02,Jiné infekce způsobené salmonelami,66001004,1–4 roky,M,0,11
2023,8,CZ031,Jihočeský kraj,A02,Jiné infekce způsobené salmonelami,66001004,1–4 roky,Z,0,9
2023,8,CZ031,Jihočeský kraj,A02,Jiné infekce způsobené salmonelami,66005009,5–9 let,M,0,7
2023,8,CZ031,Jihočeský kraj,A02,Jiné infekce způsobené salmonelami,66005009,5–9 let,Z,0,6
2023,8,CZ031,Jihočeský kraj,A02,Jiné infekce způsobené salmonelami,66010014,10–14 let,M,0,3
2023,8,CZ031,Jihočeský kraj,A02,Jiné infekce způsobené salmonelami,66010014,10–14 let,Z,0,3
2023,8,CZ031,Jihočeský kraj,A02,Jiné infekce způsobené salmonelami,66015019,15–19 let,M,0,1
2023,8,CZ031,Jihočeský kraj,A02,Jiné infekce způsobené salmonelami,66015019,15–19 let,Z,0,3
2023,8,CZ031,Jihočeský kraj,A02,Jiné infekce způsobené salmonelami,66020024,20–24 let,Z,0,1
2023,8,CZ031,Jihočeský kraj,A02,Jiné infekce způsobené salmonelami,66025029,25–29 let,M,0,1
2023,8,CZ031,Jihočeský kraj,A02,Jiné infekce způsobené salmonelami,66030034,30–34 let,Z,0,2
2023,8,CZ031,Jihočeský kraj,A02,Jiné infekce způsobené salmonelami,66040044,40–44 let,M,0,1
2023,8,CZ031,Jihočeský kraj,A02,Jiné infekce způsobené salmonelami,66045049,45–49 let,M,0,2
2023,8,CZ031,Jihočeský kraj,A02,Jiné infekce způsobené salmonelami,66045049,45–49 let,Z,0,1
2023,8,CZ031,Jihočeský kraj,A02,Jiné infekce způsobené salmonelami,66050054,50–54 let,M,0,1
2023,8,CZ031,Jihočeský kraj,A02,Jiné infekce způsobené salmonelami,66055059,55–59 let,M,0,1
2023,8,CZ031,Jihočeský kraj,A02,Jiné infekce způsobené salmonelami,66055059,55–59 let,Z,0,1
2023,8,CZ031,Jihočeský kraj,A02,Jiné infekce způsobené salmonelami,66060064,60–64 let,M,0,1
2023,8,CZ031,Jihočeský kraj,A02,Jiné infekce způsobené salmonelami,66060064,60–64 let,Z,0,4
2022,5,CZ051,Liberecký kraj,A08,Střevní infekce viry a jinými určenými mikroorganismy,66025029,25–29 let,Z,0,1
2022,5,CZ051,Liberecký kraj,A08,Střevní infekce viry a jinými určenými mikroorganismy,66030034,30–34 let,M,0,1
2022,5,CZ051,Liberecký kraj,A08,Střevní infekce viry a jinými určenými mikroorganismy,66030034,30–34 let,Z,0,2
2022,5,CZ051,Liberecký kraj,A08,Střevní infekce viry a jinými určenými mikroorganismy,66035039,35–39 let,Z,0,1
2022,5,CZ051,Liberecký kraj,A08,Střevní infekce viry a jinými určenými mikroorganismy,66040044,40–44 let,Z,0,1
2022,5,CZ051,Liberecký kraj,A08,Střevní infekce viry a jinými určenými mikroorganismy,66050054,50–54 let,M,0,1
2022,5,CZ051,Liberecký kraj,A08,Střevní infekce viry a jinými určenými mikroorganismy,66055059,55–59 let,Z,0,1
2022,5,CZ051,Liberecký kraj,A08,Střevní infekce viry a jinými určenými mikroorganismy,66065069,65–69 let,M,0,1
2022,5,CZ051,Liberecký kraj,A08,Střevní infekce viry a jinými určenými mikroorganismy,66075999,75+ let,M,0,8
2022,5,CZ051,Liberecký kraj,A08,Střevní infekce viry a jinými určenými mikroorganismy,66075999,75+ let,Z,0,4
2022,5,CZ051,Liberecký kraj,A37,Dávivý kašel [pertussis],66045049,45–49 let,M,0,1
2022,5,CZ051,Liberecký kraj,A38,Spála [scarlatina],66005009,5–9 let,M,0,1
2022,5,CZ051,Liberecký kraj,A38,Spála [scarlatina],66010014,10–14 let,M,0,1
2022,5,CZ051,Liberecký kraj,A38,Spála [scarlatina],66010014,10–14 let,Z,0,1
2022,5,CZ051,Liberecký kraj,A40,Streptokoková sepse,66050054,50–54 let,M,0,2
2022,5,CZ051,Liberecký kraj,A40,Streptokoková sepse,66065069,65–69 let,Z,0,1
2022,5,CZ051,Liberecký kraj,A40,Streptokoková sepse,66070074,70–74 let,M,0,1
2022,5,CZ051,Liberecký kraj,A40,Streptokoková sepse,66075999,75+ let,Z,0,1
2022,5,CZ051,Liberecký kraj,A41,Jiná sepse,66060064,60–64 let,M,0,2
2022,5,CZ051,Liberecký kraj,A41,Jiná sepse,66065069,65–69 let,M,0,2
2022,5,CZ051,Liberecký kraj,A41,Jiná sepse,66065069,65–69 let,Z,0,1
2022,5,CZ051,Liberecký kraj,A41,Jiná sepse,66070074,70–74 let,M,0,1
2022,5,CZ051,Liberecký kraj,A41,Jiná sepse,66070074,70–74 let,Z,0,2
2022,5,CZ051,Liberecký kraj,A41,Jiná sepse,66075999,75+ let,M,0,2
2022,5,CZ051,Liberecký kraj,A41,Jiná sepse,66075999,75+ let,Z,0,4
2022,5,CZ051,Liberecký kraj,A46,Růže – erysipel,66060064,60–64 let,M,0,1
2022,5,CZ051,Liberecký kraj,A48,Jiné bakteriální nemoci nezařazené jinde,66010014,10–14 let,M,0,1
2022,5,CZ051,Liberecký kraj,A56,Jiná chlamydiová onemocnění přenášená pohlavním stykem,66015019,15–19 let,M,0,2
2022,5,CZ051,Liberecký kraj,A56,Jiná chlamydiová onemocnění přenášená pohlavním stykem,66015019,15–19 let,Z,0,2
2022,5,CZ051,Liberecký kraj,A56,Jiná chlamydiová onemocnění přenášená pohlavním stykem,66020024,20–24 let,M,0,1
2022,5,CZ051,Liberecký kraj,A56,Jiná chlamydiová onemocnění přenášená pohlavním stykem,66020024,20–24 let,Z,0,1
2022,5,CZ051,Liberecký kraj,A56,Jiná chlamydiová onemocnění přenášená pohlavním stykem,66025029,25–29 let,Z,0,3
2022,5,CZ051,Liberecký kraj,A56,Jiná chlamydiová onemocnění přenášená pohlavním stykem,66030034,30–34 let,M,0,3
2022,5,CZ051,Liberecký kraj,A69,Jiné spirochetové infekce,66001004,1–4 roky,M,0,1
2022,5,CZ051,Liberecký kraj,A69,Jiné spirochetové infekce,66010014,10–14 let,M,0,2
2022,5,CZ051,Liberecký kraj,A69,Jiné spirochetové infekce,66010014,10–14 let,Z,0,1
2022,5,CZ051,Liberecký kraj,A69,Jiné spirochetové infekce,66015019,15–19 let,Z,0,1
2022,5,CZ051,Liberecký kraj,A69,Jiné spirochetové infekce,66045049,45–49 let,Z,0,1
2022,5,CZ051,Liberecký kraj,A69,Jiné spirochetové infekce,66050054,50–54 let,Z,0,1
2022,5,CZ051,Liberecký kraj,A69,Jiné spirochetové infekce,66055059,55–59 let,M,0,1
2022,5,CZ051,Liberecký kraj,A69,Jiné spirochetové infekce,66055059,55–59 let,Z,0,1
2022,5,CZ051,Liberecký kraj,A69,Jiné spirochetové infekce,66065069,65–69 let,M,0,1
2022,5,CZ051,Liberecký kraj,A84,Virová encefalitida přenášená klíšťaty,66035039,35–39 let,M,0,1
2022,5,CZ051,Liberecký kraj,B00,Infekce virem Herpes simplex,66035039,35–39 let,Z,0,1
2022,5,CZ051,Liberecký kraj,B01,Plané neštovice [varicella],66000000,0 let,M,0,7
2022,5,CZ051,Liberecký kraj,B01,Plané neštovice [varicella],66000000,0 let,Z,0,4
2022,5,CZ051,Liberecký kraj,B01,Plané neštovice [varicella],66001004,1–4 roky,M,0,114
2022,5,CZ051,Liberecký kraj,B01,Plané neštovice [varicella],66001004,1–4 roky,Z,0,143
2022,5,CZ051,Liberecký kraj,B01,Plané neštovice [varicella],66005009,5–9 let,M,0,140
2022,5,CZ051,Liberecký kraj,B01,Plané neštovice [varicella],66005009,5–9 let,Z,0,143
2022,5,CZ051,Liberecký kraj,B01,Plané neštovice [varicella],66010014,10–14 let,M,0,10
2022,5,CZ051,Liberecký kraj,B01,Plané neštovice [varicella],66010014,10–14 let,Z,0,10
2022,5,CZ051,Liberecký kraj,B01,Plané neštovice [varicella],66015019,15–19 let,M,0,1
2022,5,CZ051,Liberecký kraj,B01,Plané neštovice [varicella],66015019,15–19 let,Z,0,4
2022,5,CZ051,Liberecký kraj,B01,Plané neštovice [varicella],66030034,30–34 let,Z,0,1
2022,5,CZ051,Liberecký kraj,B01,Plané neštovice [varicella],66035039,35–39 let,M,0,1
2022,5,CZ051,Liberecký kraj,B01,Plané neštovice [varicella],66035039,35–39 let,Z,0,1
2022,5,CZ051,Liberecký kraj,B01,Plané neštovice [varicella],66070074,70–74 let,M,0,1
2022,5,CZ051,Liberecký kraj,B02,Pásový opar [herpes zoster],66030034,30–34 let,M,0,1
2022,5,CZ051,Liberecký kraj,B02,Pásový opar [herpes zoster],66035039,35–39 let,Z,0,1
2022,5,CZ051,Liberecký kraj,B02,Pásový opar [herpes zoster],66040044,40–44 let,M,0,1
2022,5,CZ051,Liberecký kraj,B02,Pásový opar [herpes zoster],66040044,40–44 let,Z,0,1
2022,5,CZ051,Liberecký kraj,B02,Pásový opar [herpes zoster],66045049,45–49 let,Z,0,1
2022,5,CZ051,Liberecký kraj,B02,Pásový opar [herpes zoster],66050054,50–54 let,Z,0,1
2022,5,CZ051,Liberecký kraj,B02,Pásový opar [herpes zoster],66055059,55–59 let,Z,0,1
2022,5,CZ051,Liberecký kraj,B02,Pásový opar [herpes zoster],66060064,60–64 let,Z,0,1
2022,5,CZ051,Liberecký kraj,B02,Pásový opar [herpes zoster],66065069,65–69 let,M,0,2
2022,5,CZ051,Liberecký kraj,B02,Pásový opar [herpes zoster],66070074,70–74 let,Z,0,1
2022,5,CZ051,Liberecký kraj,B02,Pásový opar [herpes zoster],66075999,75+ let,M,0,2
2022,5,CZ051,Liberecký kraj,B02,Pásový opar [herpes zoster],66075999,75+ let,Z,0,1
2022,5,CZ051,Liberecký kraj,B08,Jiné virové infekce charakterizované postižením kůže a sliznic NJ,66000000,0 let,M,0,1
2022,5,CZ051,Liberecký kraj,B08,Jiné virové infekce charakterizované postižením kůže a sliznic NJ,66001004,1–4 roky,M,0,1
2022,5,CZ051,Liberecký kraj,B08,Jiné virové infekce charakterizované postižením kůže a sliznic NJ,66001004,1–4 roky,Z,0,3
2022,5,CZ051,Liberecký kraj,B15,Akutní hepatitida A,66015019,15–19 let,M,0,1
2022,5,CZ051,Liberecký kraj,B15,Akutní hepatitida A,66040044,40–44 let,Z,0,1
2022,5,CZ051,Liberecký kraj,B15,Akutní hepatitida A,66065069,65–69 let,Z,0,1
2022,5,CZ051,Liberecký kraj,B17,Jiná akutní virová hepatitida,66075999,75+ let,M,0,1
2022,5,CZ051,Liberecký kraj,B18,Chronická virová hepatitida,66025029,25–29 let,M,0,1
2022,5,CZ051,Liberecký kraj,B18,Chronická virová hepatitida,66030034,30–34 let,M,0,1
2022,5,CZ051,Liberecký kraj,B18,Chronická virová hepatitida,66050054,50–54 let,Z,0,1
2022,5,CZ051,Liberecký kraj,B25,Cytomegalovirová nemoc,66000000,0 let,Z,0,1
2022,5,CZ051,Liberecký kraj,B27,Infekční mononukleóza,66001004,1–4 roky,M,0,1
2022,5,CZ051,Liberecký kraj,B27,Infekční mononukleóza,66005009,5–9 let,M,0,1
2022,5,CZ051,Liberecký kraj,B27,Infekční mononukleóza,66015019,15–19 let,M,0,2
2022,5,CZ051,Liberecký kraj,B27,Infekční mononukleóza,66015019,15–19 let,Z,0,2
2022,5,CZ051,Liberecký kraj,B27,Infekční mononukleóza,66020024,20–24 let,M,0,1
2022,5,CZ051,Liberecký kraj,B27,Infekční mononukleóza,66020024,20–24 let,Z,0,1
2022,5,CZ051,Liberecký kraj,B35,Dermatofytóza,66030034,30–34 let,M,0,1
2022,5,CZ051,Liberecký kraj,B35,Dermatofytóza,66040044,40–44 let,M,0,1
2022,5,CZ051,Liberecký kraj,B35,Dermatofytóza,66045049,45–49 let,M,0,1
2022,5,CZ051,Liberecký kraj,B35,Dermatofytóza,66070074,70–74 let,M,0,1
2022,5,CZ051,Liberecký kraj,B80,Enterobióza [enterobiasis],66000000,0 let,Z,0,1
2022,5,CZ051,Liberecký kraj,B80,Enterobióza [enterobiasis],66005009,5–9 let,M,0,1
2022,5,CZ051,Liberecký kraj,B85,"Zavšivení – pedikulóza [pediculosis], ftiriáza [phthiriasis]",66001004,1–4 roky,Z,0,1
2022,5,CZ051,Liberecký kraj,B86,Svrab [scabies],66001004,1–4 roky,M,0,2
2022,5,CZ051,Liberecký kraj,B86,Svrab [scabies],66005009,5–9 let,Z,0,4
2022,5,CZ051,Liberecký kraj,B86,Svrab [scabies],66010014,10–14 let,M,0,1
2022,5,CZ051,Liberecký kraj,B86,Svrab [scabies],66010014,10–14 let,Z,0,3
2022,5,CZ051,Liberecký kraj,B86,Svrab [scabies],66015019,15–19 let,M,0,4
2022,5,CZ051,Liberecký kraj,B86,Svrab [scabies],66015019,15–19 let,Z,0,3
2022,5,CZ051,Liberecký kraj,B86,Svrab [scabies],66020024,20–24 let,M,0,3
2022,5,CZ051,Liberecký kraj,B86,Svrab [scabies],66020024,20–24 let,Z,0,1
2022,5,CZ051,Liberecký kraj,B86,Svrab [scabies],66025029,25–29 let,M,0,1
2022,5,CZ051,Liberecký kraj,B86,Svrab [scabies],66030034,30–34 let,M,0,1
2022,5,CZ051,Liberecký kraj,B86,Svrab [scabies],66030034,30–34 let,Z,0,1
2022,5,CZ051,Liberecký kraj,B86,Svrab [scabies],66035039,35–39 let,Z,0,1
2022,5,CZ051,Liberecký kraj,B86,Svrab [scabies],66040044,40–44 let,M,0,1
2022,5,CZ051,Liberecký kraj,B86,Svrab [scabies],66040044,40–44 let,Z,0,2
2022,5,CZ051,Liberecký kraj,B86,Svrab [scabies],66060064,60–64 let,M,0,1
2022,5,CZ051,Liberecký kraj,B86,Svrab [scabies],66065069,65–69 let,M,0,1
2022,5,CZ051,Liberecký kraj,B86,Svrab [scabies],66075999,75+ let,Z,0,2
2022,5,CZ051,Liberecký kraj,J13,Zánět plic‚ původce: Streptococcus pneumoniae,66035039,35–39 let,M,0,1
2022,5,CZ051,Liberecký kraj,J13,Zánět plic‚ původce: Streptococcus pneumoniae,66060064,60–64 let,M,0,1
2022,5,CZ051,Liberecký kraj,J13,Zánět plic‚ původce: Streptococcus pneumoniae,66070074,70–74 let,Z,0,1
2022,6,CZ051,Liberecký kraj,A02,Jiné infekce způsobené salmonelami,66001004,1–4 roky,M,0,3
2022,6,CZ051,Liberecký kraj,A02,Jiné infekce způsobené salmonelami,66001004,1–4 roky,Z,0,2
2022,6,CZ051,Liberecký kraj,A02,Jiné infekce způsobené salmonelami,66005009,5–9 let,M,0,1
2022,6,CZ051,Liberecký kraj,A02,Jiné infekce způsobené salmonelami,66005009,5–9 let,Z,0,1
2022,6,CZ051,Liberecký kraj,A02,Jiné infekce způsobené salmonelami,66015019,15–19 let,M,0,3
2022,6,CZ051,Liberecký kraj,A02,Jiné infekce způsobené salmonelami,66040044,40–44 let,Z,0,1
2022,6,CZ051,Liberecký kraj,A02,Jiné infekce způsobené salmonelami,66070074,70–74 let,Z,0,1
2022,6,CZ051,Liberecký kraj,A02,Jiné infekce způsobené salmonelami,66075999,75+ let,M,0,1
2022,6,CZ051,Liberecký kraj,A02,Jiné infekce způsobené salmonelami,66075999,75+ let,Z,0,1
2022,6,CZ051,Liberecký kraj,A03,Shigelóza,66025029,25–29 let,M,0,1
2022,6,CZ051,Liberecký kraj,A04,Jiné bakteriální střevní infekce,66000000,0 let,Z,0,1
2022,6,CZ051,Liberecký kraj,A04,Jiné bakteriální střevní infekce,66001004,1–4 roky,M,0,3
2022,6,CZ051,Liberecký kraj,A04,Jiné bakteriální střevní infekce,66001004,1–4 roky,Z,0,4
2022,6,CZ051,Liberecký kraj,A04,Jiné bakteriální střevní infekce,66005009,5–9 let,M,0,7
2022,6,CZ051,Liberecký kraj,A04,Jiné bakteriální střevní infekce,66005009,5–9 let,Z,0,1
2022,6,CZ051,Liberecký kraj,A04,Jiné bakteriální střevní infekce,66010014,10–14 let,M,0,3
2022,6,CZ051,Liberecký kraj,A04,Jiné bakteriální střevní infekce,66010014,10–14 let,Z,0,5
2022,6,CZ051,Liberecký kraj,A04,Jiné bakteriální střevní infekce,66015019,15–19 let,M,0,2
2022,6,CZ051,Liberecký kraj,A04,Jiné bakteriální střevní infekce,66015019,15–19 let,Z,0,6
2022,6,CZ051,Liberecký kraj,A04,Jiné bakteriální střevní infekce,66020024,20–24 let,M,0,1
2022,6,CZ051,Liberecký kraj,A04,Jiné bakteriální střevní infekce,66025029,25–29 let,M,0,2
2022,6,CZ051,Liberecký kraj,A04,Jiné bakteriální střevní infekce,66025029,25–29 let,Z,0,2
2022,6,CZ051,Liberecký kraj,A04,Jiné bakteriální střevní infekce,66030034,30–34 let,M,0,1
2022,6,CZ051,Liberecký kraj,A04,Jiné bakteriální střevní infekce,66030034,30–34 let,Z,0,2
2022,6,CZ051,Liberecký kraj,A04,Jiné bakteriální střevní infekce,66040044,40–44 let,M,0,3
2022,6,CZ051,Liberecký kraj,A04,Jiné bakteriální střevní infekce,66045049,45–49 let,M,0,2
2022,6,CZ051,Liberecký kraj,A04,Jiné bakteriální střevní infekce,66045049,45–49 let,Z,0,1
2022,6,CZ051,Liberecký kraj,A04,Jiné bakteriální střevní infekce,66050054,50–54 let,Z,0,3
2022,6,CZ051,Liberecký kraj,A04,Jiné bakteriální střevní infekce,66055059,55–59 let,M,0,1
2022,6,CZ051,Liberecký kraj,A04,Jiné bakteriální střevní infekce,66065069,65–69 let,M,0,4
2022,6,CZ051,Liberecký kraj,A04,Jiné bakteriální střevní infekce,66065069,65–69 let,Z,0,1
2022,6,CZ051,Liberecký kraj,A04,Jiné bakteriální střevní infekce,66070074,70–74 let,M,0,3
2022,6,CZ051,Liberecký kraj,A04,Jiné bakteriální střevní infekce,66070074,70–74 let,Z,0,1
2022,6,CZ051,Liberecký kraj,A04,Jiné bakteriální střevní infekce,66075999,75+ let,M,0,5
2022,6,CZ051,Liberecký kraj,A04,Jiné bakteriální střevní infekce,66075999,75+ let,Z,0,5
2022,6,CZ051,Liberecký kraj,A08,Střevní infekce viry a jinými určenými mikroorganismy,66000000,0 let,M,0,7
2022,6,CZ051,Liberecký kraj,A08,Střevní infekce viry a jinými určenými mikroorganismy,66000000,0 let,Z,0,7
2022,6,CZ051,Liberecký kraj,A08,Střevní infekce viry a jinými určenými mikroorganismy,66001004,1–4 roky,M,0,22
2022,6,CZ051,Liberecký kraj,A08,Střevní infekce viry a jinými určenými mikroorganismy,66001004,1–4 roky,Z,0,18
2022,6,CZ051,Liberecký kraj,A08,Střevní infekce viry a jinými určenými mikroorganismy,66005009,5–9 let,M,0,15
2022,6,CZ051,Liberecký kraj,A08,Střevní infekce viry a jinými určenými mikroorganismy,66005009,5–9 let,Z,0,12
2022,6,CZ051,Liberecký kraj,A08,Střevní infekce viry a jinými určenými mikroorganismy,66010014,10–14 let,M,0,3
2022,6,CZ051,Liberecký kraj,A08,Střevní infekce viry a jinými určenými mikroorganismy,66015019,15–19 let,Z,0,2
2022,6,CZ051,Liberecký kraj,A08,Střevní infekce viry a jinými určenými mikroorganismy,66020024,20–24 let,Z,0,1
2022,6,CZ051,Liberecký kraj,A08,Střevní infekce viry a jinými určenými mikroorganismy,66025029,25–29 let,Z,0,2
2022,6,CZ051,Liberecký kraj,A08,Střevní infekce viry a jinými určenými mikroorganismy,66045049,45–49 let,Z,0,1
2022,6,CZ051,Liberecký kraj,A08,Střevní infekce viry a jinými určenými mikroorganismy,66055059,55–59 let,Z,0,1
2022,6,CZ051,Liberecký kraj,A08,Střevní infekce viry a jinými určenými mikroorganismy,66065069,65–69 let,Z,0,1
2022,6,CZ051,Liberecký kraj,A08,Střevní infekce viry a jinými určenými mikroorganismy,66070074,70–74 let,M,0,1
2022,6,CZ051,Liberecký kraj,A08,Střevní infekce viry a jinými určenými mikroorganismy,66075999,75+ let,M,0,2
2022,6,CZ051,Liberecký kraj,A08,Střevní infekce viry a jinými určenými mikroorganismy,66075999,75+ let,Z,0,6
2022,6,CZ051,Liberecký kraj,A09,Jiná gastroenteritida a kolitida infekčního a NS původu,66050054,50–54 let,Z,0,2
2022,6,CZ051,Liberecký kraj,A09,Jiná gastroenteritida a kolitida infekčního a NS původu,66055059,55–59 let,M,0,2
2022,6,CZ051,Liberecký kraj,A09,Jiná gastroenteritida a kolitida infekčního a NS původu,66060064,60–64 let,M,0,2
2022,6,CZ051,Liberecký kraj,A09,Jiná gastroenteritida a kolitida infekčního a NS původu,66060064,60–64 let,Z,0,2
2022,6,CZ051,Liberecký kraj,A09,Jiná gastroenteritida a kolitida infekčního a NS původu,66065069,65–69 let,M,0,4
2022,6,CZ051,Liberecký kraj,A09,Jiná gastroenteritida a kolitida infekčního a NS původu,66070074,70–74 let,M,0,6
2022,6,CZ051,Liberecký kraj,A09,Jiná gastroenteritida a kolitida infekčního a NS původu,66075999,75+ let,M,0,16
2022,6,CZ051,Liberecký kraj,A09,Jiná gastroenteritida a kolitida infekčního a NS původu,66075999,75+ let,Z,0,52
2022,6,CZ051,Liberecký kraj,A37,Dávivý kašel [pertussis],66035039,35–39 let,M,0,1
2022,6,CZ051,Liberecký kraj,A38,Spála [scarlatina],66001004,1–4 roky,Z,0,2
2022,6,CZ051,Liberecký kraj,A38,Spála [scarlatina],66005009,5–9 let,M,0,1
2022,6,CZ051,Liberecký kraj,A38,Spála [scarlatina],66005009,5–9 let,Z,0,2
2022,6,CZ051,Liberecký kraj,A40,Streptokoková sepse,66050054,50–54 let,Z,0,1
2022,6,CZ051,Liberecký kraj,A40,Streptokoková sepse,66060064,60–64 let,M,0,2
2022,6,CZ051,Liberecký kraj,A40,Streptokoková sepse,66060064,60–64 let,Z,0,1
2022,6,CZ051,Liberecký kraj,A40,Streptokoková sepse,66070074,70–74 let,M,0,1
2022,6,CZ051,Liberecký kraj,A41,Jiná sepse,66050054,50–54 let,M,0,1
2022,6,CZ051,Liberecký kraj,A41,Jiná sepse,66065069,65–69 let,Z,0,1
2022,6,CZ051,Liberecký kraj,A41,Jiná sepse,66070074,70–74 let,Z,0,1
2022,6,CZ051,Liberecký kraj,A41,Jiná sepse,66075999,75+ let,M,0,3
2022,6,CZ051,Liberecký kraj,A41,Jiná sepse,66075999,75+ let,Z,0,1
2022,6,CZ051,Liberecký kraj,A42,Aktinomykóza – actinomycosis,66040044,40–44 let,Z,0,1
2022,6,CZ051,Liberecký kraj,A46,Růže – erysipel,66055059,55–59 let,M,0,1
2022,6,CZ051,Liberecký kraj,A46,Růže – erysipel,66060064,60–64 let,M,0,1
2022,6,CZ051,Liberecký kraj,A46,Růže – erysipel,66070074,70–74 let,M,0,2
2022,6,CZ051,Liberecký kraj,A56,Jiná chlamydiová onemocnění přenášená pohlavním stykem,66015019,15–19 let,Z,0,2
2022,6,CZ051,Liberecký kraj,A56,Jiná chlamydiová onemocnění přenášená pohlavním stykem,66020024,20–24 let,M,0,2
2022,6,CZ051,Liberecký kraj,A56,Jiná chlamydiová onemocnění přenášená pohlavním stykem,66020024,20–24 let,Z,0,1
2022,6,CZ051,Liberecký kraj,A56,Jiná chlamydiová onemocnění přenášená pohlavním stykem,66025029,25–29 let,M,0,2
2022,6,CZ051,Liberecký kraj,A56,Jiná chlamydiová onemocnění přenášená pohlavním stykem,66025029,25–29 let,Z,0,4
2022,6,CZ051,Liberecký kraj,A56,Jiná chlamydiová onemocnění přenášená pohlavním stykem,66030034,30–34 let,M,0,2
2022,6,CZ051,Liberecký kraj,A56,Jiná chlamydiová onemocnění přenášená pohlavním stykem,66040044,40–44 let,M,0,3
2022,6,CZ051,Liberecký kraj,A56,Jiná chlamydiová onemocnění přenášená pohlavním stykem,66050054,50–54 let,Z,0,1
2022,6,CZ051,Liberecký kraj,A59,Trichomoniáza,66035039,35–39 let,Z,0,1
2022,6,CZ051,Liberecký kraj,A63,"Jiné, převážně pohlavním stykem přenášené nemoci nezařazené jinde",66025029,25–29 let,M,0,1
2022,6,CZ051,Liberecký kraj,A69,Jiné spirochetové infekce,66001004,1–4 roky,M,0,2
2022,6,CZ051,Liberecký kraj,A69,Jiné spirochetové infekce,66001004,1–4 roky,Z,0,2
2022,6,CZ051,Liberecký kraj,A69,Jiné spirochetové infekce,66005009,5–9 let,M,0,2
2022,6,CZ051,Liberecký kraj,A69,Jiné spirochetové infekce,66005009,5–9 let,Z,0,5
2022,6,CZ051,Liberecký kraj,A69,Jiné spirochetové infekce,66010014,10–14 let,M,0,2
2022,6,CZ051,Liberecký kraj,A69,Jiné spirochetové infekce,66010014,10–14 let,Z,0,3
2022,6,CZ051,Liberecký kraj,A69,Jiné spirochetové infekce,66015019,15–19 let,M,0,1
2022,6,CZ051,Liberecký kraj,A69,Jiné spirochetové infekce,66035039,35–39 let,M,0,2
2022,6,CZ051,Liberecký kraj,A69,Jiné spirochetové infekce,66035039,35–39 let,Z,0,1
2022,6,CZ051,Liberecký kraj,A69,Jiné spirochetové infekce,66040044,40–44 let,M,0,1
2022,6,CZ051,Liberecký kraj,A69,Jiné spirochetové infekce,66045049,45–49 let,M,0,2
2022,6,CZ051,Liberecký kraj,A69,Jiné spirochetové infekce,66045049,45–49 let,Z,0,1
2022,6,CZ051,Liberecký kraj,A69,Jiné spirochetové infekce,66050054,50–54 let,Z,0,1
2022,6,CZ051,Liberecký kraj,A69,Jiné spirochetové infekce,66065069,65–69 let,Z,0,1
2022,6,CZ051,Liberecký kraj,A69,Jiné spirochetové infekce,66070074,70–74 let,M,0,1
2022,6,CZ051,Liberecký kraj,A69,Jiné spirochetové infekce,66070074,70–74 let,Z,0,2
2022,6,CZ051,Liberecký kraj,A69,Jiné spirochetové infekce,66075999,75+ let,Z,0,1
2022,6,CZ051,Liberecký kraj,A81,Atypické virové infekce centrální nervové soustavy,66070074,70–74 let,M,0,1
2022,6,CZ051,Liberecký kraj,A84,Virová encefalitida přenášená klíšťaty,66045049,45–49 let,Z,0,1
2022,6,CZ051,Liberecký kraj,A84,Virová encefalitida přenášená klíšťaty,66055059,55–59 let,M,0,1
2022,6,CZ051,Liberecký kraj,B01,Plané neštovice [varicella],66000000,0 let,M,0,10
2022,6,CZ051,Liberecký kraj,B01,Plané neštovice [varicella],66000000,0 let,Z,0,8
2022,6,CZ051,Liberecký kraj,B01,Plané neštovice [varicella],66001004,1–4 roky,M,0,170
2022,6,CZ051,Liberecký kraj,B01,Plané neštovice [varicella],66001004,1–4 roky,Z,0,167
2022,6,CZ051,Liberecký kraj,B01,Plané neštovice [varicella],66005009,5–9 let,M,0,203
2022,6,CZ051,Liberecký kraj,B01,Plané neštovice [varicella],66005009,5–9 let,Z,0,184
2022,6,CZ051,Liberecký kraj,B01,Plané neštovice [varicella],66010014,10–14 let,M,0,19
2022,6,CZ051,Liberecký kraj,B01,Plané neštovice [varicella],66010014,10–14 let,Z,0,14
2022,6,CZ051,Liberecký kraj,B01,Plané neštovice [varicella],66015019,15–19 let,M,0,2
2022,6,CZ051,Liberecký kraj,B01,Plané neštovice [varicella],66025029,25–29 let,M,0,1
2022,6,CZ051,Liberecký kraj,B01,Plané neštovice [varicella],66035039,35–39 let,M,0,1
2022,6,CZ051,Liberecký kraj,B01,Plané neštovice [varicella],66035039,35–39 let,Z,0,2
2022,6,CZ051,Liberecký kraj,B01,Plané neštovice [varicella],66040044,40–44 let,M,0,1
2022,6,CZ051,Liberecký kraj,B02,Pásový opar [herpes zoster],66005009,5–9 let,Z,0,1
2022,6,CZ051,Liberecký kraj,B02,Pásový opar [herpes zoster],66020024,20–24 let,M,0,1
2022,6,CZ051,Liberecký kraj,B02,Pásový opar [herpes zoster],66025029,25–29 let,Z,0,1
2022,6,CZ051,Liberecký kraj,B02,Pásový opar [herpes zoster],66030034,30–34 let,M,0,1
2022,6,CZ051,Liberecký kraj,B02,Pásový opar [herpes zoster],66040044,40–44 let,Z,0,1
2022,6,CZ051,Liberecký kraj,B02,Pásový opar [herpes zoster],66045049,45–49 let,M,0,1
2022,6,CZ051,Liberecký kraj,B02,Pásový opar [herpes zoster],66045049,45–49 let,Z,0,2
2022,6,CZ051,Liberecký kraj,B02,Pásový opar [herpes zoster],66050054,50–54 let,Z,0,1
2022,6,CZ051,Liberecký kraj,B02,Pásový opar [herpes zoster],66055059,55–59 let,Z,0,1
2022,6,CZ051,Liberecký kraj,B02,Pásový opar [herpes zoster],66065069,65–69 let,M,0,1
2022,6,CZ051,Liberecký kraj,B02,Pásový opar [herpes zoster],66065069,65–69 let,Z,0,2
2022,6,CZ051,Liberecký kraj,B02,Pásový opar [herpes zoster],66070074,70–74 let,Z,0,1
2022,6,CZ051,Liberecký kraj,B02,Pásový opar [herpes zoster],66075999,75+ let,Z,0,1
2022,6,CZ051,Liberecký kraj,B08,Jiné virové infekce charakterizované postižením kůže a sliznic NJ,66000000,0 let,M,0,1
2022,6,CZ051,Liberecký kraj,B08,Jiné virové infekce charakterizované postižením kůže a sliznic NJ,66000000,0 let,Z,0,3
2022,6,CZ051,Liberecký kraj,B08,Jiné virové infekce charakterizované postižením kůže a sliznic NJ,66001004,1–4 roky,M,0,4
2022,6,CZ051,Liberecký kraj,B08,Jiné virové infekce charakterizované postižením kůže a sliznic NJ,66001004,1–4 roky,Z,0,3
2022,6,CZ051,Liberecký kraj,B08,Jiné virové infekce charakterizované postižením kůže a sliznic NJ,66005009,5–9 let,M,0,2
2022,6,CZ051,Liberecký kraj,B08,Jiné virové infekce charakterizované postižením kůže a sliznic NJ,66005009,5–9 let,Z,0,1
2022,6,CZ051,Liberecký kraj,B08,Jiné virové infekce charakterizované postižením kůže a sliznic NJ,66010014,10–14 let,M,0,1
2022,6,CZ051,Liberecký kraj,B08,Jiné virové infekce charakterizované postižením kůže a sliznic NJ,66030034,30–34 let,Z,0,1
2022,6,CZ051,Liberecký kraj,B16,Akutní hepatitida B,66000000,0 let,M,0,1
2022,6,CZ051,Liberecký kraj,B17,Jiná akutní virová hepatitida,66025029,25–29 let,M,0,2
2022,6,CZ051,Liberecký kraj,B17,Jiná akutní virová hepatitida,66030034,30–34 let,M,0,1
2022,6,CZ051,Liberecký kraj,B18,Chronická virová hepatitida,66035039,35–39 let,M,0,1
2022,6,CZ051,Liberecký kraj,B18,Chronická virová hepatitida,66050054,50–54 let,M,0,1
2022,6,CZ051,Liberecký kraj,B25,Cytomegalovirová nemoc,66030034,30–34 let,M,0,1
2022,6,CZ051,Liberecký kraj,B27,Infekční mononukleóza,66001004,1–4 roky,M,0,1
2022,6,CZ051,Liberecký kraj,B27,Infekční mononukleóza,66001004,1–4 roky,Z,0,1
2022,6,CZ051,Liberecký kraj,B27,Infekční mononukleóza,66005009,5–9 let,M,0,3
2022,6,CZ051,Liberecký kraj,B27,Infekční mononukleóza,66005009,5–9 let,Z,0,3
2022,6,CZ051,Liberecký kraj,B27,Infekční mononukleóza,66015019,15–19 let,Z,0,3
2022,6,CZ051,Liberecký kraj,B27,Infekční mononukleóza,66020024,20–24 let,M,0,1
2022,6,CZ051,Liberecký kraj,B35,Dermatofytóza,66030034,30–34 let,Z,0,1
2022,6,CZ051,Liberecký kraj,B35,Dermatofytóza,66035039,35–39 let,M,0,2
2022,6,CZ051,Liberecký kraj,B35,Dermatofytóza,66035039,35–39 let,Z,0,1
2022,6,CZ051,Liberecký kraj,B35,Dermatofytóza,66045049,45–49 let,M,0,1
2022,6,CZ051,Liberecký kraj,B35,Dermatofytóza,66045049,45–49 let,Z,0,2
2022,6,CZ051,Liberecký kraj,B35,Dermatofytóza,66060064,60–64 let,M,0,1
2022,6,CZ051,Liberecký kraj,B35,Dermatofytóza,66060064,60–64 let,Z,0,1
2022,6,CZ051,Liberecký kraj,B35,Dermatofytóza,66065069,65–69 let,Z,0,1
2022,6,CZ051,Liberecký kraj,B35,Dermatofytóza,66070074,70–74 let,M,0,1
2022,6,CZ051,Liberecký kraj,B35,Dermatofytóza,66070074,70–74 let,Z,0,1
2022,6,CZ051,Liberecký kraj,B35,Dermatofytóza,66075999,75+ let,M,0,1
2022,6,CZ051,Liberecký kraj,B85,"Zavšivení – pedikulóza [pediculosis], ftiriáza [phthiriasis]",66001004,1–4 roky,Z,0,1
2022,6,CZ051,Liberecký kraj,B86,Svrab [scabies],66005009,5–9 let,M,0,4
2022,6,CZ051,Liberecký kraj,B86,Svrab [scabies],66005009,5–9 let,Z,0,3
2022,6,CZ051,Liberecký kraj,B86,Svrab [scabies],66010014,10–14 let,M,0,2
2022,6,CZ051,Liberecký kraj,B86,Svrab [scabies],66010014,10–14 let,Z,0,2
2022,6,CZ051,Liberecký kraj,B86,Svrab [scabies],66015019,15–19 let,M,0,2
2022,6,CZ051,Liberecký kraj,B86,Svrab [scabies],66015019,15–19 let,Z,0,3
2022,6,CZ051,Liberecký kraj,B86,Svrab [scabies],66020024,20–24 let,M,0,2
2022,6,CZ051,Liberecký kraj,B86,Svrab [scabies],66025029,25–29 let,M,0,1
2022,6,CZ051,Liberecký kraj,B86,Svrab [scabies],66030034,30–34 let,Z,0,1
2022,6,CZ051,Liberecký kraj,B86,Svrab [scabies],66035039,35–39 let,M,0,1
2022,6,CZ051,Liberecký kraj,B86,Svrab [scabies],66040044,40–44 let,M,0,1
2022,6,CZ051,Liberecký kraj,B86,Svrab [scabies],66040044,40–44 let,Z,0,1
2022,6,CZ051,Liberecký kraj,B86,Svrab [scabies],66045049,45–49 let,M,0,1
2022,6,CZ051,Liberecký kraj,B86,Svrab [scabies],66050054,50–54 let,M,0,1
2022,6,CZ051,Liberecký kraj,B86,Svrab [scabies],66075999,75+ let,Z,0,1
2022,6,CZ051,Liberecký kraj,G00,Bakteriální zánět mozkových a míšních plen (bakter. meningitida) NJ,66040044,40–44 let,Z,0,1
2022,6,CZ051,Liberecký kraj,J13,Zánět plic‚ původce: Streptococcus pneumoniae,66070074,70–74 let,M,0,1
2022,7,CZ051,Liberecký kraj,A02,Jiné infekce způsobené salmonelami,66001004,1–4 roky,M,0,2
2022,7,CZ051,Liberecký kraj,A02,Jiné infekce způsobené salmonelami,66001004,1–4 roky,Z,0,3
2022,7,CZ051,Liberecký kraj,A02,Jiné infekce způsobené salmonelami,66005009,5–9 let,Z,0,2
2022,7,CZ051,Liberecký kraj,A02,Jiné infekce způsobené salmonelami,66025029,25–29 let,M,0,1
2022,7,CZ051,Liberecký kraj,A02,Jiné infekce způsobené salmonelami,66030034,30–34 let,M,0,1
2022,7,CZ051,Liberecký kraj,A02,Jiné infekce způsobené salmonelami,66030034,30–34 let,Z,0,2
2022,7,CZ051,Liberecký kraj,A02,Jiné infekce způsobené salmonelami,66035039,35–39 let,M,0,1
2022,7,CZ051,Liberecký kraj,A02,Jiné infekce způsobené salmonelami,66035039,35–39 let,Z,0,1
2022,7,CZ051,Liberecký kraj,A02,Jiné infekce způsobené salmonelami,66040044,40–44 let,M,0,1
2022,7,CZ051,Liberecký kraj,A02,Jiné infekce způsobené salmonelami,66050054,50–54 let,Z,0,2
2022,7,CZ051,Liberecký kraj,A02,Jiné infekce způsobené salmonelami,66055059,55–59 let,M,0,1
2022,7,CZ051,Liberecký kraj,A02,Jiné infekce způsobené salmonelami,66055059,55–59 let,Z,0,1
2022,7,CZ051,Liberecký kraj,A02,Jiné infekce způsobené salmonelami,66065069,65–69 let,M,0,1
2022,7,CZ051,Liberecký kraj,A02,Jiné infekce způsobené salmonelami,66065069,65–69 let,Z,0,2
2022,7,CZ051,Liberecký kraj,A02,Jiné infekce způsobené salmonelami,66070074,70–74 let,M,0,1
2022,7,CZ051,Liberecký kraj,A02,Jiné infekce způsobené salmonelami,66075999,75+ let,Z,0,3
2022,7,CZ051,Liberecký kraj,A03,Shigelóza,66045049,45–49 let,Z,0,1
2022,7,CZ051,Liberecký kraj,A04,Jiné bakteriální střevní infekce,66000000,0 let,M,0,2
2022,7,CZ051,Liberecký kraj,A04,Jiné bakteriální střevní infekce,66000000,0 let,Z,0,2
2022,7,CZ051,Liberecký kraj,A04,Jiné bakteriální střevní infekce,66001004,1–4 roky,M,0,11
2022,7,CZ051,Liberecký kraj,A04,Jiné bakteriální střevní infekce,66001004,1–4 roky,Z,0,4
2022,7,CZ051,Liberecký kraj,A04,Jiné bakteriální střevní infekce,66005009,5–9 let,M,0,6
2022,7,CZ051,Liberecký kraj,A04,Jiné bakteriální střevní infekce,66005009,5–9 let,Z,0,3
2022,7,CZ051,Liberecký kraj,A04,Jiné bakteriální střevní infekce,66010014,10–14 let,Z,0,1
2022,7,CZ051,Liberecký kraj,A04,Jiné bakteriální střevní infekce,66015019,15–19 let,M,0,1
2022,7,CZ051,Liberecký kraj,A04,Jiné bakteriální střevní infekce,66015019,15–19 let,Z,0,2
2022,7,CZ051,Liberecký kraj,A04,Jiné bakteriální střevní infekce,66020024,20–24 let,M,0,2
2022,7,CZ051,Liberecký kraj,A04,Jiné bakteriální střevní infekce,66020024,20–24 let,Z,0,4
2022,7,CZ051,Liberecký kraj,A04,Jiné bakteriální střevní infekce,66025029,25–29 let,M,0,1
2022,7,CZ051,Liberecký kraj,A04,Jiné bakteriální střevní infekce,66025029,25–29 let,Z,0,2
2022,7,CZ051,Liberecký kraj,A04,Jiné bakteriální střevní infekce,66030034,30–34 let,M,0,1
2022,7,CZ051,Liberecký kraj,A04,Jiné bakteriální střevní infekce,66030034,30–34 let,Z,0,2
2022,7,CZ051,Liberecký kraj,A04,Jiné bakteriální střevní infekce,66035039,35–39 let,M,0,2
2022,7,CZ051,Liberecký kraj,A04,Jiné bakteriální střevní infekce,66045049,45–49 let,Z,0,3
2022,7,CZ051,Liberecký kraj,A04,Jiné bakteriální střevní infekce,66050054,50–54 let,M,0,1
2022,7,CZ051,Liberecký kraj,A04,Jiné bakteriální střevní infekce,66060064,60–64 let,M,0,5
2022,7,CZ051,Liberecký kraj,A04,Jiné bakteriální střevní infekce,66060064,60–64 let,Z,0,3
2022,7,CZ051,Liberecký kraj,A04,Jiné bakteriální střevní infekce,66065069,65–69 let,M,0,3
2022,7,CZ051,Liberecký kraj,A04,Jiné bakteriální střevní infekce,66070074,70–74 let,Z,0,1
2022,7,CZ051,Liberecký kraj,A04,Jiné bakteriální střevní infekce,66075999,75+ let,M,0,4
2022,7,CZ051,Liberecký kraj,A04,Jiné bakteriální střevní infekce,66075999,75+ let,Z,0,1
2022,7,CZ051,Liberecký kraj,A08,Střevní infekce viry a jinými určenými mikroorganismy,66000000,0 let,M,0,6
2022,7,CZ051,Liberecký kraj,A08,Střevní infekce viry a jinými určenými mikroorganismy,66000000,0 let,Z,0,7
2022,7,CZ051,Liberecký kraj,A08,Střevní infekce viry a jinými určenými mikroorganismy,66001004,1–4 roky,M,0,6
2022,7,CZ051,Liberecký kraj,A08,Střevní infekce viry a jinými určenými mikroorganismy,66001004,1–4 roky,Z,0,6
2022,7,CZ051,Liberecký kraj,A08,Střevní infekce viry a jinými určenými mikroorganismy,66005009,5–9 let,M,0,5
2022,7,CZ051,Liberecký kraj,A08,Střevní infekce viry a jinými určenými mikroorganismy,66005009,5–9 let,Z,0,2
2022,7,CZ051,Liberecký kraj,A08,Střevní infekce viry a jinými určenými mikroorganismy,66010014,10–14 let,M,0,2
2022,7,CZ051,Liberecký kraj,A08,Střevní infekce viry a jinými určenými mikroorganismy,66010014,10–14 let,Z,0,1
2022,7,CZ051,Liberecký kraj,A08,Střevní infekce viry a jinými určenými mikroorganismy,66020024,20–24 let,M,0,1
2022,7,CZ051,Liberecký kraj,A08,Střevní infekce viry a jinými určenými mikroorganismy,66025029,25–29 let,M,0,1
2022,7,CZ051,Liberecký kraj,A08,Střevní infekce viry a jinými určenými mikroorganismy,66030034,30–34 let,M,0,1
2022,7,CZ051,Liberecký kraj,A08,Střevní infekce viry a jinými určenými mikroorganismy,66035039,35–39 let,M,0,1
2022,7,CZ051,Liberecký kraj,A08,Střevní infekce viry a jinými určenými mikroorganismy,66055059,55–59 let,Z,0,1
2022,7,CZ051,Liberecký kraj,A08,Střevní infekce viry a jinými určenými mikroorganismy,66065069,65–69 let,Z,0,2
2022,7,CZ051,Liberecký kraj,A08,Střevní infekce viry a jinými určenými mikroorganismy,66075999,75+ let,M,0,1
2022,7,CZ051,Liberecký kraj,A08,Střevní infekce viry a jinými určenými mikroorganismy,66075999,75+ let,Z,0,2
2022,7,CZ051,Liberecký kraj,A09,Jiná gastroenteritida a kolitida infekčního a NS původu,66005009,5–9 let,M,0,2
2022,7,CZ051,Liberecký kraj,A09,Jiná gastroenteritida a kolitida infekčního a NS původu,66010014,10–14 let,M,0,6
2022,7,CZ051,Liberecký kraj,A28,Další bakteriální zoonózy nezařazené jinde,66035039,35–39 let,M,0,1
2022,7,CZ051,Liberecký kraj,A38,Spála [scarlatina],66001004,1–4 roky,M,0,1
2022,7,CZ051,Liberecký kraj,A38,Spála [scarlatina],66005009,5–9 let,M,0,1
2022,7,CZ051,Liberecký kraj,A40,Streptokoková sepse,66060064,60–64 let,Z,0,1
2022,7,CZ051,Liberecký kraj,A41,Jiná sepse,66000000,0 let,M,0,1
2022,7,CZ051,Liberecký kraj,A41,Jiná sepse,66045049,45–49 let,M,0,1
2022,7,CZ051,Liberecký kraj,A41,Jiná sepse,66065069,65–69 let,M,0,2
2022,7,CZ051,Liberecký kraj,A41,Jiná sepse,66070074,70–74 let,M,0,1
2022,7,CZ051,Liberecký kraj,A41,Jiná sepse,66070074,70–74 let,Z,0,1
2022,7,CZ051,Liberecký kraj,A41,Jiná sepse,66075999,75+ let,M,0,4
2022,7,CZ051,Liberecký kraj,A41,Jiná sepse,66075999,75+ let,Z,0,6
2022,7,CZ051,Liberecký kraj,A46,Růže – erysipel,66075999,75+ let,M,0,1
2022,7,CZ051,Liberecký kraj,A48,Jiné bakteriální nemoci nezařazené jinde,66075999,75+ let,Z,0,1
2022,7,CZ051,Liberecký kraj,A56,Jiná chlamydiová onemocnění přenášená pohlavním stykem,66015019,15–19 let,M,0,1
2022,7,CZ051,Liberecký kraj,A56,Jiná chlamydiová onemocnění přenášená pohlavním stykem,66015019,15–19 let,Z,0,7
2022,7,CZ051,Liberecký kraj,A56,Jiná chlamydiová onemocnění přenášená pohlavním stykem,66020024,20–24 let,M,0,4
2022,7,CZ051,Liberecký kraj,A56,Jiná chlamydiová onemocnění přenášená pohlavním stykem,66020024,20–24 let,Z,0,1
2022,7,CZ051,Liberecký kraj,A56,Jiná chlamydiová onemocnění přenášená pohlavním stykem,66025029,25–29 let,Z,0,1
2022,7,CZ051,Liberecký kraj,A56,Jiná chlamydiová onemocnění přenášená pohlavním stykem,66030034,30–34 let,M,0,2
2022,7,CZ051,Liberecký kraj,A56,Jiná chlamydiová onemocnění přenášená pohlavním stykem,66035039,35–39 let,M,0,2
2022,7,CZ051,Liberecký kraj,A56,Jiná chlamydiová onemocnění přenášená pohlavním stykem,66045049,45–49 let,M,0,1
2022,7,CZ051,Liberecký kraj,A56,Jiná chlamydiová onemocnění přenášená pohlavním stykem,66050054,50–54 let,Z,0,1
2022,7,CZ051,Liberecký kraj,A59,Trichomoniáza,66025029,25–29 let,Z,0,1
2022,7,CZ051,Liberecký kraj,A59,Trichomoniáza,66030034,30–34 let,Z,0,1
2022,7,CZ051,Liberecký kraj,A63,"Jiné, převážně pohlavním stykem přenášené nemoci nezařazené jinde",66020024,20–24 let,Z,0,1
2022,7,CZ051,Liberecký kraj,A63,"Jiné, převážně pohlavním stykem přenášené nemoci nezařazené jinde",66030034,30–34 let,M,0,1
2022,7,CZ051,Liberecký kraj,A63,"Jiné, převážně pohlavním stykem přenášené nemoci nezařazené jinde",66030034,30–34 let,Z,0,1
2022,7,CZ051,Liberecký kraj,A69,Jiné spirochetové infekce,66001004,1–4 roky,M,0,3
2022,7,CZ051,Liberecký kraj,A69,Jiné spirochetové infekce,66001004,1–4 roky,Z,0,6
2022,7,CZ051,Liberecký kraj,A69,Jiné spirochetové infekce,66005009,5–9 let,M,0,1
2022,7,CZ051,Liberecký kraj,A69,Jiné spirochetové infekce,66005009,5–9 let,Z,0,2
2022,7,CZ051,Liberecký kraj,A69,Jiné spirochetové infekce,66010014,10–14 let,M,0,1
2022,7,CZ051,Liberecký kraj,A69,Jiné spirochetové infekce,66015019,15–19 let,Z,0,1
2022,7,CZ051,Liberecký kraj,A69,Jiné spirochetové infekce,66020024,20–24 let,M,0,1
2022,7,CZ051,Liberecký kraj,A69,Jiné spirochetové infekce,66020024,20–24 let,Z,0,2
2022,7,CZ051,Liberecký kraj,A69,Jiné spirochetové infekce,66030034,30–34 let,M,0,1
2022,7,CZ051,Liberecký kraj,A69,Jiné spirochetové infekce,66030034,30–34 let,Z,0,1
2022,7,CZ051,Liberecký kraj,A69,Jiné spirochetové infekce,66040044,40–44 let,M,0,1
2022,7,CZ051,Liberecký kraj,A69,Jiné spirochetové infekce,66040044,40–44 let,Z,0,1
2022,7,CZ051,Liberecký kraj,A69,Jiné spirochetové infekce,66050054,50–54 let,M,0,3
2022,7,CZ051,Liberecký kraj,A69,Jiné spirochetové infekce,66050054,50–54 let,Z,0,2
2022,7,CZ051,Liberecký kraj,A69,Jiné spirochetové infekce,66055059,55–59 let,M,0,1
2022,7,CZ051,Liberecký kraj,A69,Jiné spirochetové infekce,66055059,55–59 let,Z,0,1
2022,7,CZ051,Liberecký kraj,A69,Jiné spirochetové infekce,66060064,60–64 let,Z,0,2
2022,7,CZ051,Liberecký kraj,A69,Jiné spirochetové infekce,66065069,65–69 let,Z,0,3
2022,7,CZ051,Liberecký kraj,A69,Jiné spirochetové infekce,66070074,70–74 let,M,0,2
2022,7,CZ051,Liberecký kraj,A69,Jiné spirochetové infekce,66075999,75+ let,M,0,1
2022,7,CZ051,Liberecký kraj,A69,Jiné spirochetové infekce,66075999,75+ let,Z,0,1
2022,7,CZ051,Liberecký kraj,A84,Virová encefalitida přenášená klíšťaty,66005009,5–9 let,M,0,1
2022,7,CZ051,Liberecký kraj,A84,Virová encefalitida přenášená klíšťaty,66010014,10–14 let,M,0,1
2022,7,CZ051,Liberecký kraj,A84,Virová encefalitida přenášená klíšťaty,66030034,30–34 let,M,0,1
2022,7,CZ051,Liberecký kraj,A84,Virová encefalitida přenášená klíšťaty,66045049,45–49 let,Z,0,1
2022,7,CZ051,Liberecký kraj,A84,Virová encefalitida přenášená klíšťaty,66050054,50–54 let,M,0,1
2022,7,CZ051,Liberecký kraj,A84,Virová encefalitida přenášená klíšťaty,66070074,70–74 let,Z,0,1
2022,7,CZ051,Liberecký kraj,B00,Infekce virem Herpes simplex,66075999,75+ let,Z,0,1
2022,7,CZ051,Liberecký kraj,B01,Plané neštovice [varicella],66000000,0 let,M,0,6
2022,7,CZ051,Liberecký kraj,B01,Plané neštovice [varicella],66000000,0 let,Z,0,2
2022,7,CZ051,Liberecký kraj,B01,Plané neštovice [varicella],66001004,1–4 roky,M,0,55
2022,7,CZ051,Liberecký kraj,B01,Plané neštovice [varicella],66001004,1–4 roky,Z,0,73
2022,7,CZ051,Liberecký kraj,B01,Plané neštovice [varicella],66005009,5–9 let,M,0,83
2022,7,CZ051,Liberecký kraj,B01,Plané neštovice [varicella],66005009,5–9 let,Z,0,70
2022,7,CZ051,Liberecký kraj,B01,Plané neštovice [varicella],66010014,10–14 let,M,0,4
2022,7,CZ051,Liberecký kraj,B01,Plané neštovice [varicella],66010014,10–14 let,Z,0,9
2022,7,CZ051,Liberecký kraj,B01,Plané neštovice [varicella],66015019,15–19 let,Z,0,1
2022,7,CZ051,Liberecký kraj,B01,Plané neštovice [varicella],66030034,30–34 let,Z,0,1
2022,7,CZ051,Liberecký kraj,B02,Pásový opar [herpes zoster],66025029,25–29 let,M,0,1
2022,7,CZ051,Liberecký kraj,B02,Pásový opar [herpes zoster],66040044,40–44 let,M,0,1
2022,7,CZ051,Liberecký kraj,B02,Pásový opar [herpes zoster],66045049,45–49 let,Z,0,1
2022,7,CZ051,Liberecký kraj,B02,Pásový opar [herpes zoster],66055059,55–59 let,M,0,2
2022,7,CZ051,Liberecký kraj,B02,Pásový opar [herpes zoster],66055059,55–59 let,Z,0,3
2022,7,CZ051,Liberecký kraj,B02,Pásový opar [herpes zoster],66060064,60–64 let,Z,0,1
2022,7,CZ051,Liberecký kraj,B02,Pásový opar [herpes zoster],66070074,70–74 let,Z,0,1
2022,7,CZ051,Liberecký kraj,B08,Jiné virové infekce charakterizované postižením kůže a sliznic NJ,66001004,1–4 roky,M,0,9
2022,7,CZ051,Liberecký kraj,B08,Jiné virové infekce charakterizované postižením kůže a sliznic NJ,66001004,1–4 roky,Z,0,10
2022,7,CZ051,Liberecký kraj,B08,Jiné virové infekce charakterizované postižením kůže a sliznic NJ,66005009,5–9 let,M,0,4
2022,7,CZ051,Liberecký kraj,B08,Jiné virové infekce charakterizované postižením kůže a sliznic NJ,66005009,5–9 let,Z,0,5
2022,7,CZ051,Liberecký kraj,B08,Jiné virové infekce charakterizované postižením kůže a sliznic NJ,66015019,15–19 let,M,0,1
2022,7,CZ051,Liberecký kraj,B08,Jiné virové infekce charakterizované postižením kůže a sliznic NJ,66025029,25–29 let,Z,0,1
2022,7,CZ051,Liberecký kraj,B08,Jiné virové infekce charakterizované postižením kůže a sliznic NJ,66035039,35–39 let,M,0,1
2022,7,CZ051,Liberecký kraj,B17,Jiná akutní virová hepatitida,66055059,55–59 let,Z,0,1
2022,7,CZ051,Liberecký kraj,B17,Jiná akutní virová hepatitida,66070074,70–74 let,M,0,1
2022,7,CZ051,Liberecký kraj,B18,Chronická virová hepatitida,66030034,30–34 let,M,0,1
2022,7,CZ051,Liberecký kraj,B18,Chronická virová hepatitida,66030034,30–34 let,Z,0,1
2022,7,CZ051,Liberecký kraj,B18,Chronická virová hepatitida,66075999,75+ let,Z,0,1
2022,7,CZ051,Liberecký kraj,B27,Infekční mononukleóza,66001004,1–4 roky,Z,0,1
2022,7,CZ051,Liberecký kraj,B27,Infekční mononukleóza,66005009,5–9 let,M,0,1
2022,7,CZ051,Liberecký kraj,B27,Infekční mononukleóza,66005009,5–9 let,Z,0,1
2022,7,CZ051,Liberecký kraj,B27,Infekční mononukleóza,66010014,10–14 let,Z,0,1
2022,7,CZ051,Liberecký kraj,B27,Infekční mononukleóza,66015019,15–19 let,M,0,2
2022,7,CZ051,Liberecký kraj,B27,Infekční mononukleóza,66030034,30–34 let,Z,0,1
2022,7,CZ051,Liberecký kraj,B35,Dermatofytóza,66001004,1–4 roky,Z,0,1
2022,7,CZ051,Liberecký kraj,B35,Dermatofytóza,66025029,25–29 let,Z,0,1
2022,7,CZ051,Liberecký kraj,B35,Dermatofytóza,66030034,30–34 let,M,0,1
2022,7,CZ051,Liberecký kraj,B35,Dermatofytóza,66040044,40–44 let,M,0,1
2022,7,CZ051,Liberecký kraj,B35,Dermatofytóza,66040044,40–44 let,Z,0,2
2022,7,CZ051,Liberecký kraj,B35,Dermatofytóza,66045049,45–49 let,M,0,1
2022,7,CZ051,Liberecký kraj,B35,Dermatofytóza,66050054,50–54 let,Z,0,1
2022,7,CZ051,Liberecký kraj,B35,Dermatofytóza,66055059,55–59 let,M,0,1
2022,7,CZ051,Liberecký kraj,B35,Dermatofytóza,66060064,60–64 let,M,0,1
2022,7,CZ051,Liberecký kraj,B35,Dermatofytóza,66065069,65–69 let,M,0,3
2022,7,CZ051,Liberecký kraj,B35,Dermatofytóza,66075999,75+ let,M,0,1
2022,7,CZ051,Liberecký kraj,B35,Dermatofytóza,66075999,75+ let,Z,0,1
2022,7,CZ051,Liberecký kraj,B86,Svrab [scabies],66005009,5–9 let,Z,0,2
2022,7,CZ051,Liberecký kraj,B86,Svrab [scabies],66010014,10–14 let,M,0,1
2022,7,CZ051,Liberecký kraj,B86,Svrab [scabies],66010014,10–14 let,Z,0,2
2023,6,CZ051,Liberecký kraj,B08,Jiné virové infekce charakterizované postižením kůže a sliznic NJ,66000000,0 let,M,0,1
2023,6,CZ051,Liberecký kraj,B08,Jiné virové infekce charakterizované postižením kůže a sliznic NJ,66001004,1–4 roky,M,0,4
2023,6,CZ051,Liberecký kraj,B08,Jiné virové infekce charakterizované postižením kůže a sliznic NJ,66001004,1–4 roky,Z,0,3
2023,6,CZ051,Liberecký kraj,B08,Jiné virové infekce charakterizované postižením kůže a sliznic NJ,66005009,5–9 let,M,0,12
2023,6,CZ051,Liberecký kraj,B08,Jiné virové infekce charakterizované postižením kůže a sliznic NJ,66005009,5–9 let,Z,0,6
2023,6,CZ051,Liberecký kraj,B08,Jiné virové infekce charakterizované postižením kůže a sliznic NJ,66010014,10–14 let,M,0,6
2023,6,CZ051,Liberecký kraj,B08,Jiné virové infekce charakterizované postižením kůže a sliznic NJ,66010014,10–14 let,Z,0,1
2023,6,CZ051,Liberecký kraj,B17,Jiná akutní virová hepatitida,66020024,20–24 let,M,0,1
2023,6,CZ051,Liberecký kraj,B17,Jiná akutní virová hepatitida,66035039,35–39 let,M,0,1
2023,6,CZ051,Liberecký kraj,B17,Jiná akutní virová hepatitida,66040044,40–44 let,M,0,1
2023,6,CZ051,Liberecký kraj,B17,Jiná akutní virová hepatitida,66040044,40–44 let,Z,0,1
2023,6,CZ051,Liberecký kraj,B17,Jiná akutní virová hepatitida,66055059,55–59 let,Z,0,1
2023,6,CZ051,Liberecký kraj,B17,Jiná akutní virová hepatitida,66065069,65–69 let,M,0,2
2023,6,CZ051,Liberecký kraj,B17,Jiná akutní virová hepatitida,66075999,75+ let,Z,0,2
2023,6,CZ051,Liberecký kraj,B18,Chronická virová hepatitida,66025029,25–29 let,Z,0,1
2023,6,CZ051,Liberecký kraj,B18,Chronická virová hepatitida,66030034,30–34 let,Z,0,1
2023,6,CZ051,Liberecký kraj,B18,Chronická virová hepatitida,66040044,40–44 let,Z,0,2
2023,6,CZ051,Liberecký kraj,B18,Chronická virová hepatitida,66045049,45–49 let,Z,0,1
2023,6,CZ051,Liberecký kraj,B18,Chronická virová hepatitida,66055059,55–59 let,Z,0,1
2023,6,CZ051,Liberecký kraj,B27,Infekční mononukleóza,66001004,1–4 roky,M,0,1
2023,6,CZ051,Liberecký kraj,B27,Infekční mononukleóza,66001004,1–4 roky,Z,0,1
2023,6,CZ051,Liberecký kraj,B27,Infekční mononukleóza,66005009,5–9 let,M,0,1
2023,6,CZ051,Liberecký kraj,B27,Infekční mononukleóza,66005009,5–9 let,Z,0,1
2023,6,CZ051,Liberecký kraj,B27,Infekční mononukleóza,66010014,10–14 let,Z,0,3
2023,6,CZ051,Liberecký kraj,B27,Infekční mononukleóza,66015019,15–19 let,M,0,1
2023,6,CZ051,Liberecký kraj,B27,Infekční mononukleóza,66015019,15–19 let,Z,0,1
2023,6,CZ051,Liberecký kraj,B27,Infekční mononukleóza,66020024,20–24 let,M,0,1
2023,6,CZ051,Liberecký kraj,B27,Infekční mononukleóza,66025029,25–29 let,M,0,1
2023,6,CZ051,Liberecký kraj,B35,Dermatofytóza,66001004,1–4 roky,M,0,1
2023,6,CZ051,Liberecký kraj,B35,Dermatofytóza,66015019,15–19 let,M,0,1
2023,6,CZ051,Liberecký kraj,B35,Dermatofytóza,66030034,30–34 let,M,0,2
2023,6,CZ051,Liberecký kraj,B35,Dermatofytóza,66060064,60–64 let,M,0,1
2023,6,CZ051,Liberecký kraj,B35,Dermatofytóza,66070074,70–74 let,M,0,3
2023,6,CZ051,Liberecký kraj,B35,Dermatofytóza,66075999,75+ let,M,0,1
2023,6,CZ051,Liberecký kraj,B80,Enterobióza [enterobiasis],66001004,1–4 roky,M,0,2
2023,6,CZ051,Liberecký kraj,B80,Enterobióza [enterobiasis],66001004,1–4 roky,Z,0,1
2023,6,CZ051,Liberecký kraj,B80,Enterobióza [enterobiasis],66010014,10–14 let,M,0,1
2023,6,CZ051,Liberecký kraj,B86,Svrab [scabies],66001004,1–4 roky,M,0,1
2023,6,CZ051,Liberecký kraj,B86,Svrab [scabies],66005009,5–9 let,M,0,2
2023,6,CZ051,Liberecký kraj,B86,Svrab [scabies],66010014,10–14 let,M,0,1
2023,6,CZ051,Liberecký kraj,B86,Svrab [scabies],66010014,10–14 let,Z,0,3
2023,6,CZ051,Liberecký kraj,B86,Svrab [scabies],66015019,15–19 let,M,0,6
2023,6,CZ051,Liberecký kraj,B86,Svrab [scabies],66015019,15–19 let,Z,0,4
2023,6,CZ051,Liberecký kraj,B86,Svrab [scabies],66020024,20–24 let,M,0,1
2023,6,CZ051,Liberecký kraj,B86,Svrab [scabies],66020024,20–24 let,Z,0,1
2023,6,CZ051,Liberecký kraj,B86,Svrab [scabies],66025029,25–29 let,Z,0,1
2023,6,CZ051,Liberecký kraj,B86,Svrab [scabies],66030034,30–34 let,M,0,1
2023,6,CZ051,Liberecký kraj,B86,Svrab [scabies],66030034,30–34 let,Z,0,1
2023,6,CZ051,Liberecký kraj,B86,Svrab [scabies],66035039,35–39 let,M,0,1
2023,6,CZ051,Liberecký kraj,B86,Svrab [scabies],66035039,35–39 let,Z,0,2
2023,6,CZ051,Liberecký kraj,B86,Svrab [scabies],66040044,40–44 let,M,0,1
2023,6,CZ051,Liberecký kraj,B86,Svrab [scabies],66040044,40–44 let,Z,0,3
2023,6,CZ051,Liberecký kraj,B86,Svrab [scabies],66045049,45–49 let,M,0,1
2023,6,CZ051,Liberecký kraj,B86,Svrab [scabies],66045049,45–49 let,Z,0,2
2023,6,CZ051,Liberecký kraj,B86,Svrab [scabies],66065069,65–69 let,Z,0,1
2023,6,CZ051,Liberecký kraj,B86,Svrab [scabies],66070074,70–74 let,M,0,1
2023,6,CZ051,Liberecký kraj,B86,Svrab [scabies],66075999,75+ let,M,0,2
2023,6,CZ051,Liberecký kraj,B86,Svrab [scabies],66075999,75+ let,Z,0,4
2023,6,CZ051,Liberecký kraj,W54,Kousnutí nebo úder psem,66055059,55–59 let,Z,0,1
2023,6,CZ051,Liberecký kraj,W55,Kousnutí nebo úder jinými savci,66035039,35–39 let,Z,0,1
2023,7,CZ051,Liberecký kraj,A02,Jiné infekce způsobené salmonelami,66001004,1–4 roky,M,0,2
2023,7,CZ051,Liberecký kraj,A02,Jiné infekce způsobené salmonelami,66001004,1–4 roky,Z,0,1
2023,7,CZ051,Liberecký kraj,A02,Jiné infekce způsobené salmonelami,66005009,5–9 let,M,0,1
2023,7,CZ051,Liberecký kraj,A02,Jiné infekce způsobené salmonelami,66005009,5–9 let,Z,0,1
2023,7,CZ051,Liberecký kraj,A02,Jiné infekce způsobené salmonelami,66015019,15–19 let,M,0,1
2023,7,CZ051,Liberecký kraj,A02,Jiné infekce způsobené salmonelami,66015019,15–19 let,Z,0,2
2023,7,CZ051,Liberecký kraj,A02,Jiné infekce způsobené salmonelami,66020024,20–24 let,M,0,1
2023,7,CZ051,Liberecký kraj,A02,Jiné infekce způsobené salmonelami,66025029,25–29 let,M,0,1
2023,7,CZ051,Liberecký kraj,A02,Jiné infekce způsobené salmonelami,66030034,30–34 let,Z,0,1
2023,7,CZ051,Liberecký kraj,A02,Jiné infekce způsobené salmonelami,66035039,35–39 let,Z,0,1
2023,7,CZ051,Liberecký kraj,A02,Jiné infekce způsobené salmonelami,66040044,40–44 let,M,0,1
2023,7,CZ051,Liberecký kraj,A02,Jiné infekce způsobené salmonelami,66040044,40–44 let,Z,0,1
2023,7,CZ051,Liberecký kraj,A02,Jiné infekce způsobené salmonelami,66050054,50–54 let,Z,0,1
2023,7,CZ051,Liberecký kraj,A02,Jiné infekce způsobené salmonelami,66055059,55–59 let,M,0,2
2023,7,CZ051,Liberecký kraj,A02,Jiné infekce způsobené salmonelami,66055059,55–59 let,Z,0,1
2023,7,CZ051,Liberecký kraj,A02,Jiné infekce způsobené salmonelami,66060064,60–64 let,M,0,1
2023,7,CZ051,Liberecký kraj,A02,Jiné infekce způsobené salmonelami,66065069,65–69 let,M,0,1
2023,7,CZ051,Liberecký kraj,A02,Jiné infekce způsobené salmonelami,66065069,65–69 let,Z,0,2
2023,7,CZ051,Liberecký kraj,A02,Jiné infekce způsobené salmonelami,66070074,70–74 let,M,0,1
2023,7,CZ051,Liberecký kraj,A02,Jiné infekce způsobené salmonelami,66075999,75+ let,M,0,1
2023,7,CZ051,Liberecký kraj,A02,Jiné infekce způsobené salmonelami,66075999,75+ let,Z,0,1
2023,7,CZ051,Liberecký kraj,A04,Jiné bakteriální střevní infekce,66000000,0 let,M,0,1
2023,7,CZ051,Liberecký kraj,A04,Jiné bakteriální střevní infekce,66000000,0 let,Z,0,2
2023,7,CZ051,Liberecký kraj,A04,Jiné bakteriální střevní infekce,66001004,1–4 roky,M,0,5
2023,7,CZ051,Liberecký kraj,A04,Jiné bakteriální střevní infekce,66001004,1–4 roky,Z,0,1
2023,7,CZ051,Liberecký kraj,A04,Jiné bakteriální střevní infekce,66005009,5–9 let,M,0,5
2023,7,CZ051,Liberecký kraj,A04,Jiné bakteriální střevní infekce,66010014,10–14 let,M,0,8
2023,7,CZ051,Liberecký kraj,A04,Jiné bakteriální střevní infekce,66010014,10–14 let,Z,0,3
2023,7,CZ051,Liberecký kraj,A04,Jiné bakteriální střevní infekce,66015019,15–19 let,M,0,1
2023,7,CZ051,Liberecký kraj,A04,Jiné bakteriální střevní infekce,66020024,20–24 let,Z,0,2
2023,7,CZ051,Liberecký kraj,A04,Jiné bakteriální střevní infekce,66025029,25–29 let,M,0,2
2023,7,CZ051,Liberecký kraj,A04,Jiné bakteriální střevní infekce,66025029,25–29 let,Z,0,3
2023,7,CZ051,Liberecký kraj,A04,Jiné bakteriální střevní infekce,66030034,30–34 let,M,0,1
2023,7,CZ051,Liberecký kraj,A04,Jiné bakteriální střevní infekce,66030034,30–34 let,Z,0,1
2023,7,CZ051,Liberecký kraj,A04,Jiné bakteriální střevní infekce,66035039,35–39 let,M,0,1
2023,7,CZ051,Liberecký kraj,A04,Jiné bakteriální střevní infekce,66040044,40–44 let,M,0,2
2023,7,CZ051,Liberecký kraj,A04,Jiné bakteriální střevní infekce,66045049,45–49 let,Z,0,1
2023,7,CZ051,Liberecký kraj,A04,Jiné bakteriální střevní infekce,66050054,50–54 let,M,0,1
2023,7,CZ051,Liberecký kraj,A04,Jiné bakteriální střevní infekce,66050054,50–54 let,Z,0,2
2023,7,CZ051,Liberecký kraj,A04,Jiné bakteriální střevní infekce,66055059,55–59 let,M,0,1
2023,7,CZ051,Liberecký kraj,A04,Jiné bakteriální střevní infekce,66055059,55–59 let,Z,0,3
2023,7,CZ051,Liberecký kraj,A04,Jiné bakteriální střevní infekce,66060064,60–64 let,Z,0,1
2023,7,CZ051,Liberecký kraj,A04,Jiné bakteriální střevní infekce,66065069,65–69 let,M,0,1
2023,7,CZ051,Liberecký kraj,A04,Jiné bakteriální střevní infekce,66065069,65–69 let,Z,0,1
2023,7,CZ051,Liberecký kraj,A04,Jiné bakteriální střevní infekce,66070074,70–74 let,M,0,1
2023,7,CZ051,Liberecký kraj,A04,Jiné bakteriální střevní infekce,66075999,75+ let,M,0,3
2023,7,CZ051,Liberecký kraj,A04,Jiné bakteriální střevní infekce,66075999,75+ let,Z,0,4
2023,7,CZ051,Liberecký kraj,A08,Střevní infekce viry a jinými určenými mikroorganismy,66000000,0 let,M,0,2
2023,7,CZ051,Liberecký kraj,A08,Střevní infekce viry a jinými určenými mikroorganismy,66000000,0 let,Z,0,1
2023,7,CZ051,Liberecký kraj,A08,Střevní infekce viry a jinými určenými mikroorganismy,66001004,1–4 roky,M,0,11
2023,7,CZ051,Liberecký kraj,A08,Střevní infekce viry a jinými určenými mikroorganismy,66001004,1–4 roky,Z,0,3
2023,7,CZ051,Liberecký kraj,A08,Střevní infekce viry a jinými určenými mikroorganismy,66005009,5–9 let,M,0,9
2023,7,CZ051,Liberecký kraj,A08,Střevní infekce viry a jinými určenými mikroorganismy,66005009,5–9 let,Z,0,4
2023,7,CZ051,Liberecký kraj,A08,Střevní infekce viry a jinými určenými mikroorganismy,66010014,10–14 let,M,0,2
2023,7,CZ051,Liberecký kraj,A08,Střevní infekce viry a jinými určenými mikroorganismy,66010014,10–14 let,Z,0,1
2023,7,CZ051,Liberecký kraj,A08,Střevní infekce viry a jinými určenými mikroorganismy,66015019,15–19 let,M,0,1
2023,7,CZ051,Liberecký kraj,A08,Střevní infekce viry a jinými určenými mikroorganismy,66015019,15–19 let,Z,0,1
2023,7,CZ051,Liberecký kraj,A08,Střevní infekce viry a jinými určenými mikroorganismy,66020024,20–24 let,M,0,1
2023,7,CZ051,Liberecký kraj,A08,Střevní infekce viry a jinými určenými mikroorganismy,66040044,40–44 let,Z,0,1
2023,7,CZ051,Liberecký kraj,A08,Střevní infekce viry a jinými určenými mikroorganismy,66050054,50–54 let,M,0,3
2023,7,CZ051,Liberecký kraj,A08,Střevní infekce viry a jinými určenými mikroorganismy,66055059,55–59 let,M,0,1
2023,7,CZ051,Liberecký kraj,A08,Střevní infekce viry a jinými určenými mikroorganismy,66055059,55–59 let,Z,0,4
2023,7,CZ051,Liberecký kraj,A08,Střevní infekce viry a jinými určenými mikroorganismy,66060064,60–64 let,M,0,1
2023,7,CZ051,Liberecký kraj,A08,Střevní infekce viry a jinými určenými mikroorganismy,66065069,65–69 let,Z,0,1
2023,7,CZ051,Liberecký kraj,A08,Střevní infekce viry a jinými určenými mikroorganismy,66070074,70–74 let,M,0,2
2023,7,CZ051,Liberecký kraj,A08,Střevní infekce viry a jinými určenými mikroorganismy,66075999,75+ let,M,0,3
2023,7,CZ051,Liberecký kraj,A08,Střevní infekce viry a jinými určenými mikroorganismy,66075999,75+ let,Z,0,7
2023,7,CZ051,Liberecký kraj,A09,Jiná gastroenteritida a kolitida infekčního a NS původu,66005009,5–9 let,Z,0,4
2023,7,CZ051,Liberecký kraj,A09,Jiná gastroenteritida a kolitida infekčního a NS původu,66010014,10–14 let,Z,0,2
2023,7,CZ051,Liberecký kraj,A09,Jiná gastroenteritida a kolitida infekčního a NS původu,66035039,35–39 let,Z,0,4
2023,7,CZ051,Liberecký kraj,A09,Jiná gastroenteritida a kolitida infekčního a NS původu,66040044,40–44 let,M,0,2
2023,7,CZ051,Liberecký kraj,A09,Jiná gastroenteritida a kolitida infekčního a NS původu,66060064,60–64 let,M,0,2
2023,7,CZ051,Liberecký kraj,A38,Spála [scarlatina],66001004,1–4 roky,M,0,4
2023,7,CZ051,Liberecký kraj,A38,Spála [scarlatina],66001004,1–4 roky,Z,0,3
2023,7,CZ051,Liberecký kraj,A38,Spála [scarlatina],66005009,5–9 let,M,0,9
2023,7,CZ051,Liberecký kraj,A38,Spála [scarlatina],66005009,5–9 let,Z,0,3
2023,7,CZ051,Liberecký kraj,A38,Spála [scarlatina],66010014,10–14 let,M,0,2
2023,7,CZ051,Liberecký kraj,A40,Streptokoková sepse,66000000,0 let,M,0,1
2023,7,CZ051,Liberecký kraj,A40,Streptokoková sepse,66050054,50–54 let,M,0,2
2023,7,CZ051,Liberecký kraj,A40,Streptokoková sepse,66065069,65–69 let,Z,0,1
2023,7,CZ051,Liberecký kraj,A40,Streptokoková sepse,66075999,75+ let,M,0,3
2023,7,CZ051,Liberecký kraj,A41,Jiná sepse,66045049,45–49 let,M,0,1
2023,7,CZ051,Liberecký kraj,A41,Jiná sepse,66060064,60–64 let,M,0,1
2023,7,CZ051,Liberecký kraj,A41,Jiná sepse,66065069,65–69 let,M,0,2
2023,7,CZ051,Liberecký kraj,A41,Jiná sepse,66070074,70–74 let,M,0,3
2023,7,CZ051,Liberecký kraj,A41,Jiná sepse,66075999,75+ let,M,0,2
2023,7,CZ051,Liberecký kraj,A41,Jiná sepse,66075999,75+ let,Z,0,1
2023,7,CZ051,Liberecký kraj,A46,Růže – erysipel,66045049,45–49 let,M,0,1
2023,7,CZ051,Liberecký kraj,A46,Růže – erysipel,66050054,50–54 let,Z,0,1
2023,7,CZ051,Liberecký kraj,A46,Růže – erysipel,66070074,70–74 let,M,0,1
2023,7,CZ051,Liberecký kraj,A46,Růže – erysipel,66075999,75+ let,Z,0,2
2023,7,CZ051,Liberecký kraj,A48,Jiné bakteriální nemoci nezařazené jinde,66030034,30–34 let,M,0,1
2023,7,CZ051,Liberecký kraj,A56,Jiná chlamydiová onemocnění přenášená pohlavním stykem,66015019,15–19 let,Z,0,1
2023,7,CZ051,Liberecký kraj,A56,Jiná chlamydiová onemocnění přenášená pohlavním stykem,66020024,20–24 let,Z,0,1
2023,7,CZ051,Liberecký kraj,A56,Jiná chlamydiová onemocnění přenášená pohlavním stykem,66025029,25–29 let,M,0,2
2023,7,CZ051,Liberecký kraj,A56,Jiná chlamydiová onemocnění přenášená pohlavním stykem,66030034,30–34 let,M,0,1
2023,7,CZ051,Liberecký kraj,A56,Jiná chlamydiová onemocnění přenášená pohlavním stykem,66030034,30–34 let,Z,0,2
2023,7,CZ051,Liberecký kraj,A56,Jiná chlamydiová onemocnění přenášená pohlavním stykem,66035039,35–39 let,Z,0,1
2023,7,CZ051,Liberecký kraj,A59,Trichomoniáza,66020024,20–24 let,Z,0,1
2023,7,CZ051,Liberecký kraj,A59,Trichomoniáza,66030034,30–34 let,Z,0,1
2023,7,CZ051,Liberecký kraj,A59,Trichomoniáza,66035039,35–39 let,Z,0,1
2023,7,CZ051,Liberecký kraj,A59,Trichomoniáza,66065069,65–69 let,Z,0,1
2023,7,CZ051,Liberecký kraj,A69,Jiné spirochetové infekce,66001004,1–4 roky,M,0,1
2023,7,CZ051,Liberecký kraj,A69,Jiné spirochetové infekce,66001004,1–4 roky,Z,0,3
2023,7,CZ051,Liberecký kraj,A69,Jiné spirochetové infekce,66005009,5–9 let,M,0,4
2023,7,CZ051,Liberecký kraj,A69,Jiné spirochetové infekce,66005009,5–9 let,Z,0,3
2023,7,CZ051,Liberecký kraj,A69,Jiné spirochetové infekce,66015019,15–19 let,M,0,1
2023,7,CZ051,Liberecký kraj,A69,Jiné spirochetové infekce,66015019,15–19 let,Z,0,3
2023,7,CZ051,Liberecký kraj,A69,Jiné spirochetové infekce,66025029,25–29 let,M,0,1
2023,7,CZ051,Liberecký kraj,A69,Jiné spirochetové infekce,66030034,30–34 let,Z,0,1
2023,7,CZ051,Liberecký kraj,A69,Jiné spirochetové infekce,66035039,35–39 let,Z,0,1
2023,7,CZ051,Liberecký kraj,A69,Jiné spirochetové infekce,66045049,45–49 let,M,0,1
2023,7,CZ051,Liberecký kraj,A69,Jiné spirochetové infekce,66050054,50–54 let,M,0,2
2023,7,CZ051,Liberecký kraj,A69,Jiné spirochetové infekce,66060064,60–64 let,M,0,2
2023,7,CZ051,Liberecký kraj,A69,Jiné spirochetové infekce,66060064,60–64 let,Z,0,1
2023,7,CZ051,Liberecký kraj,A69,Jiné spirochetové infekce,66065069,65–69 let,Z,0,1
2023,7,CZ051,Liberecký kraj,A69,Jiné spirochetové infekce,66070074,70–74 let,Z,0,1
2023,7,CZ051,Liberecký kraj,A69,Jiné spirochetové infekce,66075999,75+ let,M,0,1
2023,7,CZ051,Liberecký kraj,A69,Jiné spirochetové infekce,66075999,75+ let,Z,0,1
2023,7,CZ051,Liberecký kraj,A81,Atypické virové infekce centrální nervové soustavy,66075999,75+ let,Z,0,1
2023,7,CZ051,Liberecký kraj,A84,Virová encefalitida přenášená klíšťaty,66015019,15–19 let,Z,0,1
2023,7,CZ051,Liberecký kraj,A84,Virová encefalitida přenášená klíšťaty,66055059,55–59 let,M,0,1
2023,7,CZ051,Liberecký kraj,A84,Virová encefalitida přenášená klíšťaty,66075999,75+ let,Z,0,1
2023,7,CZ051,Liberecký kraj,B00,Infekce virem Herpes simplex,66010014,10–14 let,M,0,1
2023,7,CZ051,Liberecký kraj,B00,Infekce virem Herpes simplex,66015019,15–19 let,Z,0,1
2023,7,CZ051,Liberecký kraj,B01,Plané neštovice [varicella],66000000,0 let,M,0,3
2023,7,CZ051,Liberecký kraj,B01,Plané neštovice [varicella],66000000,0 let,Z,0,4
2023,7,CZ051,Liberecký kraj,B01,Plané neštovice [varicella],66001004,1–4 roky,M,0,34
2023,7,CZ051,Liberecký kraj,B01,Plané neštovice [varicella],66001004,1–4 roky,Z,0,35
2023,7,CZ051,Liberecký kraj,B01,Plané neštovice [varicella],66005009,5–9 let,M,0,40
2023,7,CZ051,Liberecký kraj,B01,Plané neštovice [varicella],66005009,5–9 let,Z,0,42
2023,7,CZ051,Liberecký kraj,B01,Plané neštovice [varicella],66010014,10–14 let,M,0,4
2023,7,CZ051,Liberecký kraj,B01,Plané neštovice [varicella],66010014,10–14 let,Z,0,3
2023,7,CZ051,Liberecký kraj,B01,Plané neštovice [varicella],66025029,25–29 let,Z,0,1
2023,7,CZ051,Liberecký kraj,B01,Plané neštovice [varicella],66035039,35–39 let,M,0,1
2023,7,CZ051,Liberecký kraj,B01,Plané neštovice [varicella],66040044,40–44 let,Z,0,1
2023,7,CZ051,Liberecký kraj,B02,Pásový opar [herpes zoster],66010014,10–14 let,M,0,1
2023,7,CZ051,Liberecký kraj,B02,Pásový opar [herpes zoster],66015019,15–19 let,M,0,3
2023,7,CZ051,Liberecký kraj,B02,Pásový opar [herpes zoster],66015019,15–19 let,Z,0,1
2023,7,CZ051,Liberecký kraj,B02,Pásový opar [herpes zoster],66025029,25–29 let,M,0,1
2023,7,CZ051,Liberecký kraj,B02,Pásový opar [herpes zoster],66030034,30–34 let,Z,0,1
2023,7,CZ051,Liberecký kraj,B02,Pásový opar [herpes zoster],66045049,45–49 let,M,0,1
2023,7,CZ051,Liberecký kraj,B02,Pásový opar [herpes zoster],66050054,50–54 let,M,0,1
2023,7,CZ051,Liberecký kraj,B02,Pásový opar [herpes zoster],66055059,55–59 let,Z,0,1
2023,7,CZ051,Liberecký kraj,B02,Pásový opar [herpes zoster],66060064,60–64 let,M,0,1
2023,7,CZ051,Liberecký kraj,B02,Pásový opar [herpes zoster],66060064,60–64 let,Z,0,1
2023,7,CZ051,Liberecký kraj,B02,Pásový opar [herpes zoster],66065069,65–69 let,Z,0,2
2023,7,CZ051,Liberecký kraj,B02,Pásový opar [herpes zoster],66070074,70–74 let,Z,0,1
2023,7,CZ051,Liberecký kraj,B02,Pásový opar [herpes zoster],66075999,75+ let,M,0,1
2023,7,CZ051,Liberecký kraj,B02,Pásový opar [herpes zoster],66075999,75+ let,Z,0,2
2023,7,CZ051,Liberecký kraj,B08,Jiné virové infekce charakterizované postižením kůže a sliznic NJ,66000000,0 let,M,0,3
2023,7,CZ051,Liberecký kraj,B08,Jiné virové infekce charakterizované postižením kůže a sliznic NJ,66000000,0 let,Z,0,1
2023,7,CZ051,Liberecký kraj,B08,Jiné virové infekce charakterizované postižením kůže a sliznic NJ,66001004,1–4 roky,M,0,1
2023,7,CZ051,Liberecký kraj,B08,Jiné virové infekce charakterizované postižením kůže a sliznic NJ,66001004,1–4 roky,Z,0,4
2023,7,CZ051,Liberecký kraj,B08,Jiné virové infekce charakterizované postižením kůže a sliznic NJ,66005009,5–9 let,M,0,3
2023,7,CZ051,Liberecký kraj,B08,Jiné virové infekce charakterizované postižením kůže a sliznic NJ,66005009,5–9 let,Z,0,1
2023,7,CZ051,Liberecký kraj,B17,Jiná akutní virová hepatitida,66045049,45–49 let,Z,0,2
2023,7,CZ051,Liberecký kraj,B17,Jiná akutní virová hepatitida,66070074,70–74 let,M,0,2
2023,7,CZ051,Liberecký kraj,B17,Jiná akutní virová hepatitida,66075999,75+ let,M,0,1
2023,7,CZ051,Liberecký kraj,B17,Jiná akutní virová hepatitida,66075999,75+ let,Z,0,1
2023,7,CZ051,Liberecký kraj,B18,Chronická virová hepatitida,66050054,50–54 let,M,0,1
2023,7,CZ051,Liberecký kraj,B18,Chronická virová hepatitida,66065069,65–69 let,M,0,1
2023,7,CZ051,Liberecký kraj,B27,Infekční mononukleóza,66001004,1–4 roky,Z,0,1
2023,7,CZ051,Liberecký kraj,B27,Infekční mononukleóza,66005009,5–9 let,Z,0,3
2023,7,CZ051,Liberecký kraj,B27,Infekční mononukleóza,66010014,10–14 let,Z,0,2
2023,7,CZ051,Liberecký kraj,B27,Infekční mononukleóza,66030034,30–34 let,M,0,1
2023,7,CZ051,Liberecký kraj,B35,Dermatofytóza,66015019,15–19 let,M,0,2
2023,7,CZ051,Liberecký kraj,B35,Dermatofytóza,66030034,30–34 let,Z,0,1
2023,7,CZ051,Liberecký kraj,B35,Dermatofytóza,66040044,40–44 let,M,0,1
2023,7,CZ051,Liberecký kraj,B35,Dermatofytóza,66045049,45–49 let,M,0,1
2023,7,CZ051,Liberecký kraj,B35,Dermatofytóza,66045049,45–49 let,Z,0,2
2023,7,CZ051,Liberecký kraj,B35,Dermatofytóza,66055059,55–59 let,Z,0,2
2023,7,CZ051,Liberecký kraj,B35,Dermatofytóza,66060064,60–64 let,M,0,1
2023,7,CZ051,Liberecký kraj,B35,Dermatofytóza,66060064,60–64 let,Z,0,1
2023,7,CZ051,Liberecký kraj,B35,Dermatofytóza,66065069,65–69 let,M,0,1
2023,7,CZ051,Liberecký kraj,B35,Dermatofytóza,66075999,75+ let,M,0,3
2023,7,CZ051,Liberecký kraj,B58,Toxoplazmóza [toxoplasmosis],66045049,45–49 let,Z,0,1
2023,7,CZ051,Liberecký kraj,B85,"Zavšivení – pedikulóza [pediculosis], ftiriáza [phthiriasis]",66005009,5–9 let,M,0,1
2023,7,CZ051,Liberecký kraj,B86,Svrab [scabies],66001004,1–4 roky,M,0,2
2023,7,CZ051,Liberecký kraj,B86,Svrab [scabies],66001004,1–4 roky,Z,0,3
2023,7,CZ051,Liberecký kraj,B86,Svrab [scabies],66005009,5–9 let,M,0,2
2023,7,CZ051,Liberecký kraj,B86,Svrab [scabies],66005009,5–9 let,Z,0,2
2023,7,CZ051,Liberecký kraj,B86,Svrab [scabies],66010014,10–14 let,M,0,1
2023,7,CZ051,Liberecký kraj,B86,Svrab [scabies],66010014,10–14 let,Z,0,4
2023,7,CZ051,Liberecký kraj,B86,Svrab [scabies],66015019,15–19 let,M,0,4
2023,7,CZ051,Liberecký kraj,B86,Svrab [scabies],66015019,15–19 let,Z,0,4
2023,7,CZ051,Liberecký kraj,B86,Svrab [scabies],66020024,20–24 let,M,0,1
2023,7,CZ051,Liberecký kraj,B86,Svrab [scabies],66020024,20–24 let,Z,0,3
2023,7,CZ051,Liberecký kraj,B86,Svrab [scabies],66025029,25–29 let,Z,0,1
2023,7,CZ051,Liberecký kraj,B86,Svrab [scabies],66030034,30–34 let,Z,0,2
2023,7,CZ051,Liberecký kraj,B86,Svrab [scabies],66035039,35–39 let,M,0,1
2023,7,CZ051,Liberecký kraj,B86,Svrab [scabies],66035039,35–39 let,Z,0,1
2023,7,CZ051,Liberecký kraj,B86,Svrab [scabies],66040044,40–44 let,Z,0,1
2023,7,CZ051,Liberecký kraj,B86,Svrab [scabies],66050054,50–54 let,M,0,2
2023,7,CZ051,Liberecký kraj,B86,Svrab [scabies],66050054,50–54 let,Z,0,2
2023,7,CZ051,Liberecký kraj,B86,Svrab [scabies],66055059,55–59 let,Z,0,1
2023,7,CZ051,Liberecký kraj,B86,Svrab [scabies],66060064,60–64 let,Z,0,1
2023,7,CZ051,Liberecký kraj,B86,Svrab [scabies],66065069,65–69 let,M,0,1
2023,7,CZ051,Liberecký kraj,B86,Svrab [scabies],66070074,70–74 let,M,0,1
2023,7,CZ051,Liberecký kraj,B86,Svrab [scabies],66075999,75+ let,Z,0,3
2023,7,CZ051,Liberecký kraj,J13,Zánět plic‚ původce: Streptococcus pneumoniae,66075999,75+ let,Z,0,1
2023,8,CZ051,Liberecký kraj,A02,Jiné infekce způsobené salmonelami,66000000,0 let,M,0,1
2023,8,CZ051,Liberecký kraj,A02,Jiné infekce způsobené salmonelami,66000000,0 let,Z,0,1
2023,8,CZ051,Liberecký kraj,A02,Jiné infekce způsobené salmonelami,66001004,1–4 roky,M,0,3
2023,8,CZ051,Liberecký kraj,A02,Jiné infekce způsobené salmonelami,66001004,1–4 roky,Z,0,5
2023,8,CZ051,Liberecký kraj,A02,Jiné infekce způsobené salmonelami,66005009,5–9 let,M,0,2
2023,8,CZ051,Liberecký kraj,A02,Jiné infekce způsobené salmonelami,66005009,5–9 let,Z,0,4
2023,8,CZ051,Liberecký kraj,A02,Jiné infekce způsobené salmonelami,66010014,10–14 let,M,0,2
2023,8,CZ051,Liberecký kraj,A02,Jiné infekce způsobené salmonelami,66015019,15–19 let,Z,0,1
2023,8,CZ051,Liberecký kraj,A02,Jiné infekce způsobené salmonelami,66020024,20–24 let,M,0,1
2023,8,CZ051,Liberecký kraj,A02,Jiné infekce způsobené salmonelami,66040044,40–44 let,Z,0,1
2023,8,CZ051,Liberecký kraj,A02,Jiné infekce způsobené salmonelami,66045049,45–49 let,M,0,1
2023,8,CZ051,Liberecký kraj,A02,Jiné infekce způsobené salmonelami,66070074,70–74 let,Z,0,1
2023,8,CZ051,Liberecký kraj,A02,Jiné infekce způsobené salmonelami,66075999,75+ let,M,0,1
2023,8,CZ051,Liberecký kraj,A04,Jiné bakteriální střevní infekce,66000000,0 let,M,0,2
2023,8,CZ051,Liberecký kraj,A04,Jiné bakteriální střevní infekce,66000000,0 let,Z,0,2
2023,8,CZ051,Liberecký kraj,A04,Jiné bakteriální střevní infekce,66001004,1–4 roky,M,0,5
2023,8,CZ051,Liberecký kraj,A04,Jiné bakteriální střevní infekce,66001004,1–4 roky,Z,0,6
2023,8,CZ051,Liberecký kraj,A04,Jiné bakteriální střevní infekce,66005009,5–9 let,Z,0,3
2023,8,CZ051,Liberecký kraj,A04,Jiné bakteriální střevní infekce,66010014,10–14 let,M,0,9
2023,8,CZ051,Liberecký kraj,A04,Jiné bakteriální střevní infekce,66010014,10–14 let,Z,0,1
2023,8,CZ051,Liberecký kraj,A04,Jiné bakteriální střevní infekce,66015019,15–19 let,M,0,5
2023,8,CZ051,Liberecký kraj,A04,Jiné bakteriální střevní infekce,66015019,15–19 let,Z,0,5
2023,8,CZ051,Liberecký kraj,A04,Jiné bakteriální střevní infekce,66020024,20–24 let,M,0,1
2023,8,CZ051,Liberecký kraj,A04,Jiné bakteriální střevní infekce,66025029,25–29 let,M,0,4
2023,8,CZ051,Liberecký kraj,A04,Jiné bakteriální střevní infekce,66030034,30–34 let,M,0,1
2023,8,CZ051,Liberecký kraj,A04,Jiné bakteriální střevní infekce,66030034,30–34 let,Z,0,1
2023,8,CZ051,Liberecký kraj,A04,Jiné bakteriální střevní infekce,66035039,35–39 let,M,0,2
2023,8,CZ051,Liberecký kraj,A04,Jiné bakteriální střevní infekce,66040044,40–44 let,Z,0,2
2023,8,CZ051,Liberecký kraj,A04,Jiné bakteriální střevní infekce,66045049,45–49 let,M,0,1
2023,8,CZ051,Liberecký kraj,A04,Jiné bakteriální střevní infekce,66045049,45–49 let,Z,0,3
2023,8,CZ051,Liberecký kraj,A04,Jiné bakteriální střevní infekce,66050054,50–54 let,M,0,1
2023,8,CZ051,Liberecký kraj,A04,Jiné bakteriální střevní infekce,66050054,50–54 let,Z,0,1
2023,8,CZ051,Liberecký kraj,A04,Jiné bakteriální střevní infekce,66055059,55–59 let,M,0,1
2023,8,CZ051,Liberecký kraj,A04,Jiné bakteriální střevní infekce,66055059,55–59 let,Z,0,2
2023,8,CZ051,Liberecký kraj,A04,Jiné bakteriální střevní infekce,66060064,60–64 let,M,0,3
2023,8,CZ051,Liberecký kraj,A04,Jiné bakteriální střevní infekce,66065069,65–69 let,M,0,2
2023,8,CZ051,Liberecký kraj,A04,Jiné bakteriální střevní infekce,66065069,65–69 let,Z,0,5
2023,8,CZ051,Liberecký kraj,A04,Jiné bakteriální střevní infekce,66070074,70–74 let,M,0,3
2023,8,CZ051,Liberecký kraj,A04,Jiné bakteriální střevní infekce,66070074,70–74 let,Z,0,4
2023,8,CZ051,Liberecký kraj,A04,Jiné bakteriální střevní infekce,66075999,75+ let,M,0,5
2023,8,CZ051,Liberecký kraj,A04,Jiné bakteriální střevní infekce,66075999,75+ let,Z,0,5
2023,8,CZ051,Liberecký kraj,A08,Střevní infekce viry a jinými určenými mikroorganismy,66000000,0 let,M,0,3
2023,8,CZ051,Liberecký kraj,A08,Střevní infekce viry a jinými určenými mikroorganismy,66000000,0 let,Z,0,6
2023,8,CZ051,Liberecký kraj,A08,Střevní infekce viry a jinými určenými mikroorganismy,66001004,1–4 roky,M,0,18
2023,8,CZ051,Liberecký kraj,A08,Střevní infekce viry a jinými určenými mikroorganismy,66001004,1–4 roky,Z,0,7
2023,8,CZ051,Liberecký kraj,A08,Střevní infekce viry a jinými určenými mikroorganismy,66005009,5–9 let,M,0,2
2023,8,CZ051,Liberecký kraj,A08,Střevní infekce viry a jinými určenými mikroorganismy,66005009,5–9 let,Z,0,3
2023,8,CZ051,Liberecký kraj,A08,Střevní infekce viry a jinými určenými mikroorganismy,66010014,10–14 let,Z,0,1
2023,8,CZ051,Liberecký kraj,A08,Střevní infekce viry a jinými určenými mikroorganismy,66015019,15–19 let,Z,0,1
2023,8,CZ051,Liberecký kraj,A08,Střevní infekce viry a jinými určenými mikroorganismy,66020024,20–24 let,M,0,1
2023,8,CZ051,Liberecký kraj,A08,Střevní infekce viry a jinými určenými mikroorganismy,66020024,20–24 let,Z,0,2
2023,8,CZ051,Liberecký kraj,A08,Střevní infekce viry a jinými určenými mikroorganismy,66050054,50–54 let,M,0,1
2023,8,CZ051,Liberecký kraj,A08,Střevní infekce viry a jinými určenými mikroorganismy,66065069,65–69 let,M,0,2
2023,8,CZ051,Liberecký kraj,A08,Střevní infekce viry a jinými určenými mikroorganismy,66065069,65–69 let,Z,0,1
2023,8,CZ051,Liberecký kraj,A08,Střevní infekce viry a jinými určenými mikroorganismy,66075999,75+ let,M,0,1
2023,8,CZ051,Liberecký kraj,A08,Střevní infekce viry a jinými určenými mikroorganismy,66075999,75+ let,Z,0,3
2023,8,CZ051,Liberecký kraj,A38,Spála [scarlatina],66005009,5–9 let,M,0,5
2023,8,CZ051,Liberecký kraj,A38,Spála [scarlatina],66005009,5–9 let,Z,0,1
2023,8,CZ051,Liberecký kraj,A38,Spála [scarlatina],66010014,10–14 let,M,0,3
2023,8,CZ051,Liberecký kraj,A38,Spála [scarlatina],66070074,70–74 let,Z,0,1
2023,8,CZ051,Liberecký kraj,A40,Streptokoková sepse,66005009,5–9 let,M,0,1
2023,8,CZ051,Liberecký kraj,A40,Streptokoková sepse,66015019,15–19 let,M,0,1
2023,8,CZ051,Liberecký kraj,A40,Streptokoková sepse,66065069,65–69 let,Z,0,1
2023,8,CZ051,Liberecký kraj,A41,Jiná sepse,66055059,55–59 let,M,0,1
2023,8,CZ051,Liberecký kraj,A41,Jiná sepse,66065069,65–69 let,M,0,1
2023,8,CZ051,Liberecký kraj,A41,Jiná sepse,66075999,75+ let,M,0,1
2023,8,CZ051,Liberecký kraj,A41,Jiná sepse,66075999,75+ let,Z,0,2
2023,8,CZ051,Liberecký kraj,A46,Růže – erysipel,66040044,40–44 let,M,0,1
2023,8,CZ051,Liberecký kraj,A46,Růže – erysipel,66075999,75+ let,M,0,2
2023,8,CZ051,Liberecký kraj,A46,Růže – erysipel,66075999,75+ let,Z,0,2
2023,8,CZ051,Liberecký kraj,A48,Jiné bakteriální nemoci nezařazené jinde,66030034,30–34 let,M,0,1
2023,8,CZ051,Liberecký kraj,A48,Jiné bakteriální nemoci nezařazené jinde,66065069,65–69 let,M,0,1
2023,8,CZ051,Liberecký kraj,A48,Jiné bakteriální nemoci nezařazené jinde,66070074,70–74 let,M,0,1
2023,8,CZ051,Liberecký kraj,A56,Jiná chlamydiová onemocnění přenášená pohlavním stykem,66015019,15–19 let,Z,0,2
2023,8,CZ051,Liberecký kraj,A56,Jiná chlamydiová onemocnění přenášená pohlavním stykem,66020024,20–24 let,Z,0,2
2023,8,CZ051,Liberecký kraj,A56,Jiná chlamydiová onemocnění přenášená pohlavním stykem,66025029,25–29 let,M,0,2
2023,8,CZ051,Liberecký kraj,A56,Jiná chlamydiová onemocnění přenášená pohlavním stykem,66030034,30–34 let,Z,0,1
2023,8,CZ051,Liberecký kraj,A56,Jiná chlamydiová onemocnění přenášená pohlavním stykem,66045049,45–49 let,M,0,1
2023,8,CZ051,Liberecký kraj,A59,Trichomoniáza,66020024,20–24 let,Z,0,2
2023,8,CZ051,Liberecký kraj,A59,Trichomoniáza,66030034,30–34 let,Z,0,1
2023,8,CZ051,Liberecký kraj,A63,"Jiné, převážně pohlavním stykem přenášené nemoci nezařazené jinde",66015019,15–19 let,Z,0,2
2023,8,CZ051,Liberecký kraj,A63,"Jiné, převážně pohlavním stykem přenášené nemoci nezařazené jinde",66020024,20–24 let,Z,0,1
2023,8,CZ051,Liberecký kraj,A63,"Jiné, převážně pohlavním stykem přenášené nemoci nezařazené jinde",66025029,25–29 let,M,0,1
2023,8,CZ051,Liberecký kraj,A69,Jiné spirochetové infekce,66001004,1–4 roky,M,0,4
2023,8,CZ051,Liberecký kraj,A69,Jiné spirochetové infekce,66001004,1–4 roky,Z,0,1
2023,8,CZ051,Liberecký kraj,A69,Jiné spirochetové infekce,66005009,5–9 let,M,0,2
2023,8,CZ051,Liberecký kraj,A69,Jiné spirochetové infekce,66005009,5–9 let,Z,0,1
2023,8,CZ051,Liberecký kraj,A69,Jiné spirochetové infekce,66010014,10–14 let,M,0,4
2023,8,CZ051,Liberecký kraj,A69,Jiné spirochetové infekce,66010014,10–14 let,Z,0,1
2023,8,CZ051,Liberecký kraj,A69,Jiné spirochetové infekce,66015019,15–19 let,Z,0,1
2023,8,CZ051,Liberecký kraj,A69,Jiné spirochetové infekce,66020024,20–24 let,M,0,1
2023,8,CZ051,Liberecký kraj,A69,Jiné spirochetové infekce,66020024,20–24 let,Z,0,1
2023,8,CZ051,Liberecký kraj,A69,Jiné spirochetové infekce,66030034,30–34 let,M,0,1
2023,8,CZ051,Liberecký kraj,A69,Jiné spirochetové infekce,66035039,35–39 let,M,0,2
2023,8,CZ051,Liberecký kraj,A69,Jiné spirochetové infekce,66035039,35–39 let,Z,0,2
2023,8,CZ051,Liberecký kraj,A69,Jiné spirochetové infekce,66040044,40–44 let,M,0,2
2023,8,CZ051,Liberecký kraj,A69,Jiné spirochetové infekce,66040044,40–44 let,Z,0,1
2023,8,CZ051,Liberecký kraj,A69,Jiné spirochetové infekce,66045049,45–49 let,M,0,3
2023,8,CZ051,Liberecký kraj,A69,Jiné spirochetové infekce,66045049,45–49 let,Z,0,1
2023,8,CZ051,Liberecký kraj,A69,Jiné spirochetové infekce,66050054,50–54 let,M,0,4
2023,8,CZ051,Liberecký kraj,A69,Jiné spirochetové infekce,66050054,50–54 let,Z,0,2
2023,8,CZ051,Liberecký kraj,A69,Jiné spirochetové infekce,66055059,55–59 let,M,0,1
2023,8,CZ051,Liberecký kraj,A69,Jiné spirochetové infekce,66055059,55–59 let,Z,0,1
2023,8,CZ051,Liberecký kraj,A69,Jiné spirochetové infekce,66065069,65–69 let,Z,0,3
2023,8,CZ051,Liberecký kraj,A69,Jiné spirochetové infekce,66070074,70–74 let,Z,0,1
2023,8,CZ051,Liberecký kraj,A69,Jiné spirochetové infekce,66075999,75+ let,Z,0,2
2023,8,CZ051,Liberecký kraj,A74,Jiné nemoci způsobené chlamydiemi,66020024,20–24 let,M,0,1
2023,8,CZ051,Liberecký kraj,A84,Virová encefalitida přenášená klíšťaty,66015019,15–19 let,M,0,1
2023,8,CZ051,Liberecký kraj,A84,Virová encefalitida přenášená klíšťaty,66025029,25–29 let,Z,0,1
2023,8,CZ051,Liberecký kraj,A84,Virová encefalitida přenášená klíšťaty,66035039,35–39 let,M,0,1
2023,8,CZ051,Liberecký kraj,A84,Virová encefalitida přenášená klíšťaty,66040044,40–44 let,M,0,1
2023,8,CZ051,Liberecký kraj,A84,Virová encefalitida přenášená klíšťaty,66045049,45–49 let,Z,0,2
2023,8,CZ051,Liberecký kraj,A84,Virová encefalitida přenášená klíšťaty,66050054,50–54 let,M,0,1
2023,8,CZ051,Liberecký kraj,A84,Virová encefalitida přenášená klíšťaty,66050054,50–54 let,Z,0,1
2023,8,CZ051,Liberecký kraj,A84,Virová encefalitida přenášená klíšťaty,66060064,60–64 let,M,0,1
2023,8,CZ051,Liberecký kraj,A84,Virová encefalitida přenášená klíšťaty,66060064,60–64 let,Z,0,2
2023,8,CZ051,Liberecký kraj,A87,Virová meningitida,66010014,10–14 let,M,0,1
2023,8,CZ051,Liberecký kraj,A87,Virová meningitida,66015019,15–19 let,Z,0,1
2023,8,CZ051,Liberecký kraj,A97,Dengue,66045049,45–49 let,Z,0,1
2023,8,CZ051,Liberecký kraj,B01,Plané neštovice [varicella],66001004,1–4 roky,M,0,17
2023,8,CZ051,Liberecký kraj,B01,Plané neštovice [varicella],66001004,1–4 roky,Z,0,12
2023,8,CZ051,Liberecký kraj,B01,Plané neštovice [varicella],66005009,5–9 let,M,0,10
2023,8,CZ051,Liberecký kraj,B01,Plané neštovice [varicella],66005009,5–9 let,Z,0,19
2023,8,CZ051,Liberecký kraj,B01,Plané neštovice [varicella],66010014,10–14 let,M,0,1
2023,8,CZ051,Liberecký kraj,B01,Plané neštovice [varicella],66010014,10–14 let,Z,0,4
2023,8,CZ051,Liberecký kraj,B01,Plané neštovice [varicella],66015019,15–19 let,M,0,1
2023,8,CZ051,Liberecký kraj,B01,Plané neštovice [varicella],66045049,45–49 let,M,0,1
2023,8,CZ051,Liberecký kraj,B02,Pásový opar [herpes zoster],66001004,1–4 roky,M,0,1
2023,8,CZ051,Liberecký kraj,B02,Pásový opar [herpes zoster],66005009,5–9 let,M,0,1
2023,8,CZ051,Liberecký kraj,B02,Pásový opar [herpes zoster],66015019,15–19 let,M,0,1
2023,8,CZ051,Liberecký kraj,B02,Pásový opar [herpes zoster],66015019,15–19 let,Z,0,1
2023,8,CZ051,Liberecký kraj,B02,Pásový opar [herpes zoster],66020024,20–24 let,M,0,1
2023,8,CZ051,Liberecký kraj,B02,Pásový opar [herpes zoster],66040044,40–44 let,Z,0,1
2023,8,CZ051,Liberecký kraj,B02,Pásový opar [herpes zoster],66045049,45–49 let,M,0,1
2023,8,CZ051,Liberecký kraj,B02,Pásový opar [herpes zoster],66045049,45–49 let,Z,0,2
2023,8,CZ051,Liberecký kraj,B02,Pásový opar [herpes zoster],66050054,50–54 let,Z,0,2
2023,8,CZ051,Liberecký kraj,B02,Pásový opar [herpes zoster],66055059,55–59 let,Z,0,2
2023,8,CZ051,Liberecký kraj,B02,Pásový opar [herpes zoster],66060064,60–64 let,Z,0,3
2023,8,CZ051,Liberecký kraj,B02,Pásový opar [herpes zoster],66065069,65–69 let,M,0,2
2023,8,CZ051,Liberecký kraj,B02,Pásový opar [herpes zoster],66065069,65–69 let,Z,0,2
2023,8,CZ051,Liberecký kraj,B02,Pásový opar [herpes zoster],66070074,70–74 let,M,0,3
2023,8,CZ051,Liberecký kraj,B02,Pásový opar [herpes zoster],66070074,70–74 let,Z,0,1
2023,8,CZ051,Liberecký kraj,B02,Pásový opar [herpes zoster],66075999,75+ let,M,0,2
2023,8,CZ051,Liberecký kraj,B02,Pásový opar [herpes zoster],66075999,75+ let,Z,0,1
2023,8,CZ051,Liberecký kraj,B08,Jiné virové infekce charakterizované postižením kůže a sliznic NJ,66000000,0 let,M,0,1
2023,8,CZ051,Liberecký kraj,B08,Jiné virové infekce charakterizované postižením kůže a sliznic NJ,66000000,0 let,Z,0,1
2023,8,CZ051,Liberecký kraj,B08,Jiné virové infekce charakterizované postižením kůže a sliznic NJ,66001004,1–4 roky,M,0,1
2023,8,CZ051,Liberecký kraj,B08,Jiné virové infekce charakterizované postižením kůže a sliznic NJ,66001004,1–4 roky,Z,0,2
2023,8,CZ051,Liberecký kraj,B08,Jiné virové infekce charakterizované postižením kůže a sliznic NJ,66005009,5–9 let,M,0,1
2023,8,CZ051,Liberecký kraj,B08,Jiné virové infekce charakterizované postižením kůže a sliznic NJ,66070074,70–74 let,M,0,1
2023,8,CZ051,Liberecký kraj,B18,Chronická virová hepatitida,66030034,30–34 let,Z,0,1
2023,8,CZ051,Liberecký kraj,B18,Chronická virová hepatitida,66045049,45–49 let,M,0,1
2023,8,CZ051,Liberecký kraj,B18,Chronická virová hepatitida,66045049,45–49 let,Z,0,1
2023,8,CZ051,Liberecký kraj,B18,Chronická virová hepatitida,66050054,50–54 let,M,0,1
2023,8,CZ051,Liberecký kraj,B18,Chronická virová hepatitida,66055059,55–59 let,Z,0,1
2023,8,CZ051,Liberecký kraj,B18,Chronická virová hepatitida,66075999,75+ let,Z,0,1
2023,8,CZ051,Liberecký kraj,B27,Infekční mononukleóza,66001004,1–4 roky,M,0,1
2023,8,CZ051,Liberecký kraj,B27,Infekční mononukleóza,66005009,5–9 let,Z,0,1
2023,8,CZ051,Liberecký kraj,B27,Infekční mononukleóza,66010014,10–14 let,M,0,1
2023,8,CZ051,Liberecký kraj,B27,Infekční mononukleóza,66010014,10–14 let,Z,0,1
2023,8,CZ051,Liberecký kraj,B27,Infekční mononukleóza,66015019,15–19 let,M,0,4
2023,8,CZ051,Liberecký kraj,B27,Infekční mononukleóza,66015019,15–19 let,Z,0,1
2023,8,CZ051,Liberecký kraj,B27,Infekční mononukleóza,66020024,20–24 let,Z,0,1
2023,8,CZ051,Liberecký kraj,B27,Infekční mononukleóza,66040044,40–44 let,Z,0,1
2023,8,CZ051,Liberecký kraj,B27,Infekční mononukleóza,66065069,65–69 let,M,0,1
2023,8,CZ051,Liberecký kraj,B35,Dermatofytóza,66020024,20–24 let,M,0,1
2023,8,CZ051,Liberecký kraj,B35,Dermatofytóza,66030034,30–34 let,Z,0,1
2023,8,CZ051,Liberecký kraj,B35,Dermatofytóza,66050054,50–54 let,Z,0,1
2023,8,CZ051,Liberecký kraj,B35,Dermatofytóza,66055059,55–59 let,M,0,2
2023,8,CZ051,Liberecký kraj,B35,Dermatofytóza,66065069,65–69 let,M,0,3
2023,8,CZ051,Liberecký kraj,B35,Dermatofytóza,66065069,65–69 let,Z,0,1
2023,8,CZ051,Liberecký kraj,B35,Dermatofytóza,66070074,70–74 let,M,0,3
2023,8,CZ051,Liberecký kraj,B35,Dermatofytóza,66075999,75+ let,M,0,2
2023,8,CZ051,Liberecký kraj,B80,Enterobióza [enterobiasis],66015019,15–19 let,Z,0,1
2023,8,CZ051,Liberecký kraj,B86,Svrab [scabies],66001004,1–4 roky,M,0,2
2023,8,CZ051,Liberecký kraj,B86,Svrab [scabies],66005009,5–9 let,M,0,5
2023,8,CZ051,Liberecký kraj,B86,Svrab [scabies],66005009,5–9 let,Z,0,1
2023,8,CZ051,Liberecký kraj,B86,Svrab [scabies],66010014,10–14 let,M,0,3
2023,8,CZ051,Liberecký kraj,B86,Svrab [scabies],66010014,10–14 let,Z,0,2
2023,8,CZ051,Liberecký kraj,B86,Svrab [scabies],66015019,15–19 let,M,0,4
2023,8,CZ051,Liberecký kraj,B86,Svrab [scabies],66015019,15–19 let,Z,0,4
2023,8,CZ051,Liberecký kraj,B86,Svrab [scabies],66020024,20–24 let,M,0,3
2023,8,CZ051,Liberecký kraj,B86,Svrab [scabies],66020024,20–24 let,Z,0,1
2023,8,CZ051,Liberecký kraj,B86,Svrab [scabies],66025029,25–29 let,Z,0,1
2023,8,CZ051,Liberecký kraj,B86,Svrab [scabies],66030034,30–34 let,Z,0,1
2023,8,CZ051,Liberecký kraj,B86,Svrab [scabies],66035039,35–39 let,M,0,2
2023,8,CZ051,Liberecký kraj,B86,Svrab [scabies],66035039,35–39 let,Z,0,1
2023,8,CZ051,Liberecký kraj,B86,Svrab [scabies],66040044,40–44 let,Z,0,2
2023,8,CZ051,Liberecký kraj,B86,Svrab [scabies],66045049,45–49 let,M,0,2
2023,8,CZ051,Liberecký kraj,B86,Svrab [scabies],66045049,45–49 let,Z,0,2
2023,8,CZ051,Liberecký kraj,B86,Svrab [scabies],66050054,50–54 let,Z,0,1
2023,8,CZ051,Liberecký kraj,B86,Svrab [scabies],66055059,55–59 let,M,0,1
2023,8,CZ051,Liberecký kraj,B86,Svrab [scabies],66055059,55–59 let,Z,0,2
2023,8,CZ051,Liberecký kraj,B86,Svrab [scabies],66070074,70–74 let,Z,0,1
2023,8,CZ051,Liberecký kraj,B86,Svrab [scabies],66075999,75+ let,M,0,1
2023,8,CZ051,Liberecký kraj,W54,Kousnutí nebo úder psem,66001004,1–4 roky,M,0,1
2023,8,CZ051,Liberecký kraj,W54,Kousnutí nebo úder psem,66001004,1–4 roky,Z,0,2
2023,8,CZ051,Liberecký kraj,W54,Kousnutí nebo úder psem,66005009,5–9 let,Z,0,1
2023,8,CZ051,Liberecký kraj,W54,Kousnutí nebo úder psem,66010014,10–14 let,M,0,4
2023,8,CZ051,Liberecký kraj,W54,Kousnutí nebo úder psem,66010014,10–14 let,Z,0,1
2023,8,CZ051,Liberecký kraj,W54,Kousnutí nebo úder psem,66015019,15–19 let,M,0,1
2023,8,CZ051,Liberecký kraj,W54,Kousnutí nebo úder psem,66020024,20–24 let,M,0,2
2023,8,CZ051,Liberecký kraj,W54,Kousnutí nebo úder psem,66020024,20–24 let,Z,0,2
2023,8,CZ051,Liberecký kraj,W54,Kousnutí nebo úder psem,66025029,25–29 let,M,0,3
2023,8,CZ051,Liberecký kraj,W54,Kousnutí nebo úder psem,66025029,25–29 let,Z,0,1
2022,7,CZ020,Středočeský kraj,A46,Růže – erysipel,66065069,65–69 let,M,0,2
2022,7,CZ020,Středočeský kraj,A46,Růže – erysipel,66065069,65–69 let,Z,0,1
2022,7,CZ020,Středočeský kraj,A46,Růže – erysipel,66070074,70–74 let,M,0,2
2022,7,CZ020,Středočeský kraj,A46,Růže – erysipel,66070074,70–74 let,Z,0,2
2022,7,CZ020,Středočeský kraj,A46,Růže – erysipel,66075999,75+ let,M,0,4
2022,7,CZ020,Středočeský kraj,A46,Růže – erysipel,66075999,75+ let,Z,0,6
2022,7,CZ020,Středočeský kraj,A48,Jiné bakteriální nemoci nezařazené jinde,66050054,50–54 let,Z,0,1
2022,7,CZ020,Středočeský kraj,A48,Jiné bakteriální nemoci nezařazené jinde,66055059,55–59 let,M,0,1
2022,7,CZ020,Středočeský kraj,A48,Jiné bakteriální nemoci nezařazené jinde,66060064,60–64 let,M,0,1
2022,7,CZ020,Středočeský kraj,A48,Jiné bakteriální nemoci nezařazené jinde,66065069,65–69 let,M,0,3
2022,7,CZ020,Středočeský kraj,A48,Jiné bakteriální nemoci nezařazené jinde,66070074,70–74 let,M,0,3
2022,7,CZ020,Středočeský kraj,A56,Jiná chlamydiová onemocnění přenášená pohlavním stykem,66015019,15–19 let,Z,0,5
2022,7,CZ020,Středočeský kraj,A56,Jiná chlamydiová onemocnění přenášená pohlavním stykem,66020024,20–24 let,Z,0,1
2022,7,CZ020,Středočeský kraj,A56,Jiná chlamydiová onemocnění přenášená pohlavním stykem,66025029,25–29 let,M,0,1
2022,7,CZ020,Středočeský kraj,A56,Jiná chlamydiová onemocnění přenášená pohlavním stykem,66025029,25–29 let,Z,0,2
2022,7,CZ020,Středočeský kraj,A56,Jiná chlamydiová onemocnění přenášená pohlavním stykem,66030034,30–34 let,M,0,1
2022,7,CZ020,Středočeský kraj,A56,Jiná chlamydiová onemocnění přenášená pohlavním stykem,66035039,35–39 let,M,0,1
2022,7,CZ020,Středočeský kraj,A56,Jiná chlamydiová onemocnění přenášená pohlavním stykem,66035039,35–39 let,Z,0,2
2022,7,CZ020,Středočeský kraj,A69,Jiné spirochetové infekce,66001004,1–4 roky,Z,0,1
2022,7,CZ020,Středočeský kraj,A69,Jiné spirochetové infekce,66005009,5–9 let,Z,0,1
2022,7,CZ020,Středočeský kraj,A69,Jiné spirochetové infekce,66010014,10–14 let,M,0,1
2022,7,CZ020,Středočeský kraj,A69,Jiné spirochetové infekce,66015019,15–19 let,M,0,1
2022,7,CZ020,Středočeský kraj,A69,Jiné spirochetové infekce,66025029,25–29 let,M,0,1
2022,7,CZ020,Středočeský kraj,A69,Jiné spirochetové infekce,66025029,25–29 let,Z,0,2
2022,7,CZ020,Středočeský kraj,A69,Jiné spirochetové infekce,66030034,30–34 let,M,0,1
2022,7,CZ020,Středočeský kraj,A69,Jiné spirochetové infekce,66030034,30–34 let,Z,0,1
2022,7,CZ020,Středočeský kraj,A69,Jiné spirochetové infekce,66040044,40–44 let,M,0,4
2022,7,CZ020,Středočeský kraj,A69,Jiné spirochetové infekce,66040044,40–44 let,Z,0,4
2022,7,CZ020,Středočeský kraj,A69,Jiné spirochetové infekce,66045049,45–49 let,M,0,6
2022,7,CZ020,Středočeský kraj,A69,Jiné spirochetové infekce,66045049,45–49 let,Z,0,1
2022,7,CZ020,Středočeský kraj,A69,Jiné spirochetové infekce,66050054,50–54 let,M,0,3
2022,7,CZ020,Středočeský kraj,A69,Jiné spirochetové infekce,66050054,50–54 let,Z,0,3
2022,7,CZ020,Středočeský kraj,A69,Jiné spirochetové infekce,66055059,55–59 let,M,0,1
2022,7,CZ020,Středočeský kraj,A69,Jiné spirochetové infekce,66055059,55–59 let,Z,0,3
2022,7,CZ020,Středočeský kraj,A69,Jiné spirochetové infekce,66060064,60–64 let,M,0,3
2022,7,CZ020,Středočeský kraj,A69,Jiné spirochetové infekce,66060064,60–64 let,Z,0,3
2022,7,CZ020,Středočeský kraj,A69,Jiné spirochetové infekce,66065069,65–69 let,M,0,2
2022,7,CZ020,Středočeský kraj,A69,Jiné spirochetové infekce,66070074,70–74 let,M,0,3
2022,7,CZ020,Středočeský kraj,A69,Jiné spirochetové infekce,66070074,70–74 let,Z,0,4
2022,7,CZ020,Středočeský kraj,A69,Jiné spirochetové infekce,66075999,75+ let,M,0,2
2022,7,CZ020,Středočeský kraj,A69,Jiné spirochetové infekce,66075999,75+ let,Z,0,4
2022,7,CZ020,Středočeský kraj,A84,Virová encefalitida přenášená klíšťaty,66060064,60–64 let,M,0,1
2022,7,CZ020,Středočeský kraj,A84,Virová encefalitida přenášená klíšťaty,66060064,60–64 let,Z,0,2
2022,7,CZ020,Středočeský kraj,A84,Virová encefalitida přenášená klíšťaty,66070074,70–74 let,M,0,1
2022,7,CZ020,Středočeský kraj,A84,Virová encefalitida přenášená klíšťaty,66075999,75+ let,M,0,1
2022,7,CZ020,Středočeský kraj,A87,Virová meningitida,66005009,5–9 let,M,0,1
2022,7,CZ020,Středočeský kraj,B01,Plané neštovice [varicella],66000000,0 let,M,0,18
2022,7,CZ020,Středočeský kraj,B01,Plané neštovice [varicella],66000000,0 let,Z,0,10
2022,7,CZ020,Středočeský kraj,B01,Plané neštovice [varicella],66001004,1–4 roky,M,0,183
2022,7,CZ020,Středočeský kraj,B01,Plané neštovice [varicella],66001004,1–4 roky,Z,0,156
2022,7,CZ020,Středočeský kraj,B01,Plané neštovice [varicella],66005009,5–9 let,M,0,200
2022,7,CZ020,Středočeský kraj,B01,Plané neštovice [varicella],66005009,5–9 let,Z,0,178
2022,7,CZ020,Středočeský kraj,B01,Plané neštovice [varicella],66010014,10–14 let,M,0,22
2022,7,CZ020,Středočeský kraj,B01,Plané neštovice [varicella],66010014,10–14 let,Z,0,15
2022,7,CZ020,Středočeský kraj,B01,Plané neštovice [varicella],66015019,15–19 let,M,0,1
2022,7,CZ020,Středočeský kraj,B01,Plané neštovice [varicella],66015019,15–19 let,Z,0,2
2022,7,CZ020,Středočeský kraj,B01,Plané neštovice [varicella],66020024,20–24 let,M,0,1
2022,7,CZ020,Středočeský kraj,B01,Plané neštovice [varicella],66025029,25–29 let,Z,0,1
2022,7,CZ020,Středočeský kraj,B01,Plané neštovice [varicella],66035039,35–39 let,M,0,2
2022,7,CZ020,Středočeský kraj,B01,Plané neštovice [varicella],66050054,50–54 let,M,0,1
2022,7,CZ020,Středočeský kraj,B01,Plané neštovice [varicella],66055059,55–59 let,Z,0,1
2022,7,CZ020,Středočeský kraj,B01,Plané neštovice [varicella],66065069,65–69 let,Z,0,1
2022,7,CZ020,Středočeský kraj,B02,Pásový opar [herpes zoster],66010014,10–14 let,Z,0,1
2022,7,CZ020,Středočeský kraj,B02,Pásový opar [herpes zoster],66020024,20–24 let,Z,0,1
2022,7,CZ020,Středočeský kraj,B02,Pásový opar [herpes zoster],66030034,30–34 let,M,0,2
2022,7,CZ020,Středočeský kraj,B02,Pásový opar [herpes zoster],66045049,45–49 let,M,0,2
2022,7,CZ020,Středočeský kraj,B02,Pásový opar [herpes zoster],66045049,45–49 let,Z,0,2
2022,7,CZ020,Středočeský kraj,B02,Pásový opar [herpes zoster],66050054,50–54 let,M,0,1
2022,7,CZ020,Středočeský kraj,B02,Pásový opar [herpes zoster],66050054,50–54 let,Z,0,1
2022,7,CZ020,Středočeský kraj,B02,Pásový opar [herpes zoster],66055059,55–59 let,M,0,1
2022,7,CZ020,Středočeský kraj,B02,Pásový opar [herpes zoster],66055059,55–59 let,Z,0,2
2022,7,CZ020,Středočeský kraj,B02,Pásový opar [herpes zoster],66060064,60–64 let,M,0,1
2022,7,CZ020,Středočeský kraj,B02,Pásový opar [herpes zoster],66060064,60–64 let,Z,0,1
2022,7,CZ020,Středočeský kraj,B02,Pásový opar [herpes zoster],66065069,65–69 let,M,0,1
2022,7,CZ020,Středočeský kraj,B02,Pásový opar [herpes zoster],66065069,65–69 let,Z,0,1
2022,7,CZ020,Středočeský kraj,B02,Pásový opar [herpes zoster],66070074,70–74 let,M,0,2
2022,7,CZ020,Středočeský kraj,B02,Pásový opar [herpes zoster],66070074,70–74 let,Z,0,1
2022,7,CZ020,Středočeský kraj,B02,Pásový opar [herpes zoster],66075999,75+ let,M,0,3
2022,7,CZ020,Středočeský kraj,B02,Pásový opar [herpes zoster],66075999,75+ let,Z,0,3
2022,7,CZ020,Středočeský kraj,B04,Opičí neštovice,66035039,35–39 let,M,0,2
2022,7,CZ020,Středočeský kraj,B08,Jiné virové infekce charakterizované postižením kůže a sliznic NJ,66000000,0 let,M,0,2
2022,7,CZ020,Středočeský kraj,B08,Jiné virové infekce charakterizované postižením kůže a sliznic NJ,66000000,0 let,Z,0,2
2022,7,CZ020,Středočeský kraj,B08,Jiné virové infekce charakterizované postižením kůže a sliznic NJ,66001004,1–4 roky,M,0,3
2022,7,CZ020,Středočeský kraj,B08,Jiné virové infekce charakterizované postižením kůže a sliznic NJ,66001004,1–4 roky,Z,0,2
2022,7,CZ020,Středočeský kraj,B08,Jiné virové infekce charakterizované postižením kůže a sliznic NJ,66005009,5–9 let,M,0,2
2022,7,CZ020,Středočeský kraj,B08,Jiné virové infekce charakterizované postižením kůže a sliznic NJ,66005009,5–9 let,Z,0,1
2022,7,CZ020,Středočeský kraj,B08,Jiné virové infekce charakterizované postižením kůže a sliznic NJ,66010014,10–14 let,Z,0,2
2022,7,CZ020,Středočeský kraj,B17,Jiná akutní virová hepatitida,66025029,25–29 let,M,0,4
2022,7,CZ020,Středočeský kraj,B17,Jiná akutní virová hepatitida,66030034,30–34 let,Z,0,1
2022,7,CZ020,Středočeský kraj,B17,Jiná akutní virová hepatitida,66035039,35–39 let,Z,0,1
2022,7,CZ020,Středočeský kraj,B17,Jiná akutní virová hepatitida,66040044,40–44 let,M,0,1
2022,7,CZ020,Středočeský kraj,B17,Jiná akutní virová hepatitida,66065069,65–69 let,M,0,1
2022,7,CZ020,Středočeský kraj,B17,Jiná akutní virová hepatitida,66075999,75+ let,Z,0,1
2022,7,CZ020,Středočeský kraj,B18,Chronická virová hepatitida,66025029,25–29 let,M,0,1
2022,7,CZ020,Středočeský kraj,B18,Chronická virová hepatitida,66025029,25–29 let,Z,0,1
2022,7,CZ020,Středočeský kraj,B18,Chronická virová hepatitida,66030034,30–34 let,M,0,1
2022,7,CZ020,Středočeský kraj,B18,Chronická virová hepatitida,66030034,30–34 let,Z,0,1
2022,7,CZ020,Středočeský kraj,B18,Chronická virová hepatitida,66035039,35–39 let,M,0,1
2022,7,CZ020,Středočeský kraj,B18,Chronická virová hepatitida,66045049,45–49 let,M,0,1
2022,7,CZ020,Středočeský kraj,B18,Chronická virová hepatitida,66050054,50–54 let,Z,0,1
2022,7,CZ020,Středočeský kraj,B18,Chronická virová hepatitida,66055059,55–59 let,M,0,1
2022,7,CZ020,Středočeský kraj,B26,Příušnice [parotitis epidemica],66040044,40–44 let,Z,0,1
2022,7,CZ020,Středočeský kraj,B27,Infekční mononukleóza,66000000,0 let,Z,0,1
2022,7,CZ020,Středočeský kraj,B27,Infekční mononukleóza,66005009,5–9 let,M,0,1
2022,7,CZ020,Středočeský kraj,B27,Infekční mononukleóza,66005009,5–9 let,Z,0,1
2022,7,CZ020,Středočeský kraj,B27,Infekční mononukleóza,66010014,10–14 let,M,0,1
2022,7,CZ020,Středočeský kraj,B27,Infekční mononukleóza,66010014,10–14 let,Z,0,2
2022,7,CZ020,Středočeský kraj,B27,Infekční mononukleóza,66015019,15–19 let,M,0,3
2022,7,CZ020,Středočeský kraj,B27,Infekční mononukleóza,66015019,15–19 let,Z,0,3
2022,7,CZ020,Středočeský kraj,B58,Toxoplazmóza [toxoplasmosis],66035039,35–39 let,Z,0,1
2022,7,CZ020,Středočeský kraj,B58,Toxoplazmóza [toxoplasmosis],66045049,45–49 let,Z,0,1
2022,7,CZ020,Středočeský kraj,B80,Enterobióza [enterobiasis],66001004,1–4 roky,Z,0,1
2022,7,CZ020,Středočeský kraj,B80,Enterobióza [enterobiasis],66005009,5–9 let,Z,0,1
2022,7,CZ020,Středočeský kraj,B80,Enterobióza [enterobiasis],66045049,45–49 let,M,0,1
2022,7,CZ020,Středočeský kraj,B86,Svrab [scabies],66015019,15–19 let,M,0,2
2022,7,CZ020,Středočeský kraj,B86,Svrab [scabies],66015019,15–19 let,Z,0,1
2022,7,CZ020,Středočeský kraj,B86,Svrab [scabies],66020024,20–24 let,M,0,1
2022,7,CZ020,Středočeský kraj,B86,Svrab [scabies],66020024,20–24 let,Z,0,1
2022,7,CZ020,Středočeský kraj,B86,Svrab [scabies],66045049,45–49 let,M,0,1
2022,7,CZ020,Středočeský kraj,B86,Svrab [scabies],66050054,50–54 let,M,0,1
2022,7,CZ020,Středočeský kraj,B86,Svrab [scabies],66050054,50–54 let,Z,0,2
2022,7,CZ020,Středočeský kraj,B86,Svrab [scabies],66075999,75+ let,M,0,1
2022,7,CZ020,Středočeský kraj,G00,Bakteriální zánět mozkových a míšních plen (bakter. meningitida) NJ,66000000,0 let,M,0,1
2022,7,CZ020,Středočeský kraj,W55,Kousnutí nebo úder jinými savci,66010014,10–14 let,M,0,1
2022,7,CZ020,Středočeský kraj,W55,Kousnutí nebo úder jinými savci,66010014,10–14 let,Z,0,1
2022,7,CZ020,Středočeský kraj,W55,Kousnutí nebo úder jinými savci,66055059,55–59 let,Z,0,1
2022,8,CZ020,Středočeský kraj,A02,Jiné infekce způsobené salmonelami,66000000,0 let,M,0,3
2022,8,CZ020,Středočeský kraj,A02,Jiné infekce způsobené salmonelami,66001004,1–4 roky,M,0,14
2022,8,CZ020,Středočeský kraj,A02,Jiné infekce způsobené salmonelami,66001004,1–4 roky,Z,0,14
2022,8,CZ020,Středočeský kraj,A02,Jiné infekce způsobené salmonelami,66005009,5–9 let,M,0,11
2022,8,CZ020,Středočeský kraj,A02,Jiné infekce způsobené salmonelami,66005009,5–9 let,Z,0,10
2022,8,CZ020,Středočeský kraj,A02,Jiné infekce způsobené salmonelami,66010014,10–14 let,M,0,5
2022,8,CZ020,Středočeský kraj,A02,Jiné infekce způsobené salmonelami,66010014,10–14 let,Z,0,4
2022,8,CZ020,Středočeský kraj,A02,Jiné infekce způsobené salmonelami,66015019,15–19 let,M,0,3
2022,8,CZ020,Středočeský kraj,A02,Jiné infekce způsobené salmonelami,66015019,15–19 let,Z,0,4
2022,8,CZ020,Středočeský kraj,A02,Jiné infekce způsobené salmonelami,66020024,20–24 let,M,0,2
2022,8,CZ020,Středočeský kraj,A02,Jiné infekce způsobené salmonelami,66020024,20–24 let,Z,0,1
2022,8,CZ020,Středočeský kraj,A02,Jiné infekce způsobené salmonelami,66025029,25–29 let,M,0,5
2022,8,CZ020,Středočeský kraj,A02,Jiné infekce způsobené salmonelami,66025029,25–29 let,Z,0,3
2022,8,CZ020,Středočeský kraj,A02,Jiné infekce způsobené salmonelami,66030034,30–34 let,M,0,2
2022,8,CZ020,Středočeský kraj,A02,Jiné infekce způsobené salmonelami,66030034,30–34 let,Z,0,2
2022,8,CZ020,Středočeský kraj,A02,Jiné infekce způsobené salmonelami,66035039,35–39 let,M,0,1
2022,8,CZ020,Středočeský kraj,A02,Jiné infekce způsobené salmonelami,66035039,35–39 let,Z,0,1
2022,8,CZ020,Středočeský kraj,A02,Jiné infekce způsobené salmonelami,66040044,40–44 let,M,0,1
2022,8,CZ020,Středočeský kraj,A02,Jiné infekce způsobené salmonelami,66040044,40–44 let,Z,0,2
2022,8,CZ020,Středočeský kraj,A02,Jiné infekce způsobené salmonelami,66045049,45–49 let,M,0,2
2022,8,CZ020,Středočeský kraj,A02,Jiné infekce způsobené salmonelami,66045049,45–49 let,Z,0,4
2022,8,CZ020,Středočeský kraj,A02,Jiné infekce způsobené salmonelami,66050054,50–54 let,M,0,3
2022,8,CZ020,Středočeský kraj,A02,Jiné infekce způsobené salmonelami,66050054,50–54 let,Z,0,1
2022,8,CZ020,Středočeský kraj,A02,Jiné infekce způsobené salmonelami,66055059,55–59 let,M,0,1
2022,8,CZ020,Středočeský kraj,A02,Jiné infekce způsobené salmonelami,66060064,60–64 let,Z,0,3
2022,8,CZ020,Středočeský kraj,A02,Jiné infekce způsobené salmonelami,66065069,65–69 let,M,0,2
2022,8,CZ020,Středočeský kraj,A02,Jiné infekce způsobené salmonelami,66070074,70–74 let,M,0,2
2022,8,CZ020,Středočeský kraj,A02,Jiné infekce způsobené salmonelami,66070074,70–74 let,Z,0,1
2022,8,CZ020,Středočeský kraj,A02,Jiné infekce způsobené salmonelami,66075999,75+ let,M,0,3
2022,8,CZ020,Středočeský kraj,A02,Jiné infekce způsobené salmonelami,66075999,75+ let,Z,0,8
2022,8,CZ020,Středočeský kraj,A03,Shigelóza,66030034,30–34 let,M,0,1
2022,8,CZ020,Středočeský kraj,A04,Jiné bakteriální střevní infekce,66000000,0 let,M,0,13
2022,8,CZ020,Středočeský kraj,A04,Jiné bakteriální střevní infekce,66000000,0 let,Z,0,10
2022,8,CZ020,Středočeský kraj,A04,Jiné bakteriální střevní infekce,66001004,1–4 roky,M,0,32
2022,8,CZ020,Středočeský kraj,A04,Jiné bakteriální střevní infekce,66001004,1–4 roky,Z,0,37
2022,8,CZ020,Středočeský kraj,A04,Jiné bakteriální střevní infekce,66005009,5–9 let,M,0,17
2022,8,CZ020,Středočeský kraj,A04,Jiné bakteriální střevní infekce,66005009,5–9 let,Z,0,15
2022,8,CZ020,Středočeský kraj,A04,Jiné bakteriální střevní infekce,66010014,10–14 let,M,0,13
2022,8,CZ020,Středočeský kraj,A04,Jiné bakteriální střevní infekce,66010014,10–14 let,Z,0,5
2022,8,CZ020,Středočeský kraj,A04,Jiné bakteriální střevní infekce,66015019,15–19 let,M,0,11
2022,8,CZ020,Středočeský kraj,A04,Jiné bakteriální střevní infekce,66015019,15–19 let,Z,0,11
2022,8,CZ020,Středočeský kraj,A04,Jiné bakteriální střevní infekce,66020024,20–24 let,M,0,4
2022,8,CZ020,Středočeský kraj,A04,Jiné bakteriální střevní infekce,66020024,20–24 let,Z,0,4
2022,8,CZ020,Středočeský kraj,A04,Jiné bakteriální střevní infekce,66025029,25–29 let,M,0,8
2022,8,CZ020,Středočeský kraj,A04,Jiné bakteriální střevní infekce,66025029,25–29 let,Z,0,4
2022,8,CZ020,Středočeský kraj,A04,Jiné bakteriální střevní infekce,66030034,30–34 let,M,0,1
2022,8,CZ020,Středočeský kraj,A04,Jiné bakteriální střevní infekce,66030034,30–34 let,Z,0,3
2022,8,CZ020,Středočeský kraj,A04,Jiné bakteriální střevní infekce,66035039,35–39 let,M,0,5
2022,8,CZ020,Středočeský kraj,A04,Jiné bakteriální střevní infekce,66035039,35–39 let,Z,0,1
2022,8,CZ020,Středočeský kraj,A04,Jiné bakteriální střevní infekce,66040044,40–44 let,M,0,2
2022,8,CZ020,Středočeský kraj,A04,Jiné bakteriální střevní infekce,66040044,40–44 let,Z,0,9
2022,8,CZ020,Středočeský kraj,A04,Jiné bakteriální střevní infekce,66045049,45–49 let,M,0,8
2022,8,CZ020,Středočeský kraj,A04,Jiné bakteriální střevní infekce,66045049,45–49 let,Z,0,2
2022,8,CZ020,Středočeský kraj,A04,Jiné bakteriální střevní infekce,66050054,50–54 let,M,0,8
2022,8,CZ020,Středočeský kraj,A04,Jiné bakteriální střevní infekce,66050054,50–54 let,Z,0,4
2022,8,CZ020,Středočeský kraj,A04,Jiné bakteriální střevní infekce,66055059,55–59 let,M,0,5
2022,8,CZ020,Středočeský kraj,A04,Jiné bakteriální střevní infekce,66055059,55–59 let,Z,0,4
2022,8,CZ020,Středočeský kraj,A04,Jiné bakteriální střevní infekce,66060064,60–64 let,M,0,6
2022,8,CZ020,Středočeský kraj,A04,Jiné bakteriální střevní infekce,66060064,60–64 let,Z,0,1
2022,8,CZ020,Středočeský kraj,A04,Jiné bakteriální střevní infekce,66065069,65–69 let,M,0,7
2022,8,CZ020,Středočeský kraj,A04,Jiné bakteriální střevní infekce,66065069,65–69 let,Z,0,3
2022,8,CZ020,Středočeský kraj,A04,Jiné bakteriální střevní infekce,66070074,70–74 let,M,0,3
2022,8,CZ020,Středočeský kraj,A04,Jiné bakteriální střevní infekce,66070074,70–74 let,Z,0,7
2022,8,CZ020,Středočeský kraj,A04,Jiné bakteriální střevní infekce,66075999,75+ let,M,0,5
2022,8,CZ020,Středočeský kraj,A04,Jiné bakteriální střevní infekce,66075999,75+ let,Z,0,23
2022,8,CZ020,Středočeský kraj,A08,Střevní infekce viry a jinými určenými mikroorganismy,66000000,0 let,M,0,9
2022,8,CZ020,Středočeský kraj,A08,Střevní infekce viry a jinými určenými mikroorganismy,66000000,0 let,Z,0,5
2022,8,CZ020,Středočeský kraj,A08,Střevní infekce viry a jinými určenými mikroorganismy,66001004,1–4 roky,M,0,32
2022,8,CZ020,Středočeský kraj,A08,Střevní infekce viry a jinými určenými mikroorganismy,66001004,1–4 roky,Z,0,30
2022,8,CZ020,Středočeský kraj,A08,Střevní infekce viry a jinými určenými mikroorganismy,66005009,5–9 let,M,0,5
2022,8,CZ020,Středočeský kraj,A08,Střevní infekce viry a jinými určenými mikroorganismy,66005009,5–9 let,Z,0,9
2022,8,CZ020,Středočeský kraj,A08,Střevní infekce viry a jinými určenými mikroorganismy,66010014,10–14 let,M,0,3
2022,8,CZ020,Středočeský kraj,A08,Střevní infekce viry a jinými určenými mikroorganismy,66020024,20–24 let,Z,0,1
2022,8,CZ020,Středočeský kraj,A08,Střevní infekce viry a jinými určenými mikroorganismy,66025029,25–29 let,Z,0,1
2022,8,CZ020,Středočeský kraj,A08,Střevní infekce viry a jinými určenými mikroorganismy,66030034,30–34 let,M,0,1
2022,8,CZ020,Středočeský kraj,A08,Střevní infekce viry a jinými určenými mikroorganismy,66035039,35–39 let,M,0,1
2022,8,CZ020,Středočeský kraj,A08,Střevní infekce viry a jinými určenými mikroorganismy,66050054,50–54 let,Z,0,1
2022,8,CZ020,Středočeský kraj,A08,Střevní infekce viry a jinými určenými mikroorganismy,66060064,60–64 let,Z,0,1
2022,8,CZ020,Středočeský kraj,A08,Střevní infekce viry a jinými určenými mikroorganismy,66065069,65–69 let,M,0,2
2022,8,CZ020,Středočeský kraj,A08,Střevní infekce viry a jinými určenými mikroorganismy,66070074,70–74 let,Z,0,1
2022,8,CZ020,Středočeský kraj,A08,Střevní infekce viry a jinými určenými mikroorganismy,66075999,75+ let,M,0,1
2022,8,CZ020,Středočeský kraj,A09,Jiná gastroenteritida a kolitida infekčního a NS původu,66025029,25–29 let,Z,0,2
2022,8,CZ020,Středočeský kraj,A32,Listerióza [listeriosis],66025029,25–29 let,Z,0,1
2022,8,CZ020,Středočeský kraj,A32,Listerióza [listeriosis],66065069,65–69 let,M,0,1
2022,8,CZ020,Středočeský kraj,A37,Dávivý kašel [pertussis],66001004,1–4 roky,Z,0,1
2022,8,CZ020,Středočeský kraj,A38,Spála [scarlatina],66001004,1–4 roky,Z,0,1
2022,8,CZ020,Středočeský kraj,A40,Streptokoková sepse,66060064,60–64 let,M,0,1
2022,8,CZ020,Středočeský kraj,A40,Streptokoková sepse,66065069,65–69 let,M,0,2
2022,8,CZ020,Středočeský kraj,A40,Streptokoková sepse,66070074,70–74 let,M,0,1
2022,8,CZ020,Středočeský kraj,A40,Streptokoková sepse,66075999,75+ let,M,0,1
2022,8,CZ020,Středočeský kraj,A41,Jiná sepse,66070074,70–74 let,M,0,1
2022,8,CZ020,Středočeský kraj,A41,Jiná sepse,66070074,70–74 let,Z,0,3
2022,8,CZ020,Středočeský kraj,A41,Jiná sepse,66075999,75+ let,M,0,1
2022,8,CZ020,Středočeský kraj,A41,Jiná sepse,66075999,75+ let,Z,0,1
2022,8,CZ020,Středočeský kraj,A46,Růže – erysipel,66030034,30–34 let,Z,0,1
2022,8,CZ020,Středočeský kraj,A46,Růže – erysipel,66035039,35–39 let,Z,0,1
2022,8,CZ020,Středočeský kraj,A46,Růže – erysipel,66040044,40–44 let,Z,0,1
2022,8,CZ020,Středočeský kraj,A46,Růže – erysipel,66045049,45–49 let,Z,0,1
2022,8,CZ020,Středočeský kraj,A46,Růže – erysipel,66050054,50–54 let,M,0,1
2022,8,CZ020,Středočeský kraj,A46,Růže – erysipel,66050054,50–54 let,Z,0,2
2022,8,CZ020,Středočeský kraj,A46,Růže – erysipel,66055059,55–59 let,Z,0,1
2022,8,CZ020,Středočeský kraj,A46,Růže – erysipel,66060064,60–64 let,M,0,2
2022,8,CZ020,Středočeský kraj,A46,Růže – erysipel,66060064,60–64 let,Z,0,1
2022,8,CZ020,Středočeský kraj,A46,Růže – erysipel,66065069,65–69 let,M,0,1
2022,8,CZ020,Středočeský kraj,A46,Růže – erysipel,66065069,65–69 let,Z,0,1
2022,8,CZ020,Středočeský kraj,A46,Růže – erysipel,66070074,70–74 let,Z,0,1
2022,8,CZ020,Středočeský kraj,A46,Růže – erysipel,66075999,75+ let,M,0,3
2022,8,CZ020,Středočeský kraj,A46,Růže – erysipel,66075999,75+ let,Z,0,6
2022,8,CZ020,Středočeský kraj,A48,Jiné bakteriální nemoci nezařazené jinde,66045049,45–49 let,M,0,1
2022,8,CZ020,Středočeský kraj,A48,Jiné bakteriální nemoci nezařazené jinde,66070074,70–74 let,Z,0,1
2022,8,CZ020,Středočeský kraj,A48,Jiné bakteriální nemoci nezařazené jinde,66075999,75+ let,M,0,2
2022,8,CZ020,Středočeský kraj,A56,Jiná chlamydiová onemocnění přenášená pohlavním stykem,66015019,15–19 let,M,0,1
2022,8,CZ020,Středočeský kraj,A56,Jiná chlamydiová onemocnění přenášená pohlavním stykem,66015019,15–19 let,Z,0,2
2022,8,CZ020,Středočeský kraj,A56,Jiná chlamydiová onemocnění přenášená pohlavním stykem,66020024,20–24 let,M,0,2
2022,8,CZ020,Středočeský kraj,A56,Jiná chlamydiová onemocnění přenášená pohlavním stykem,66020024,20–24 let,Z,0,5
2022,8,CZ020,Středočeský kraj,A56,Jiná chlamydiová onemocnění přenášená pohlavním stykem,66025029,25–29 let,M,0,1
2022,8,CZ020,Středočeský kraj,A56,Jiná chlamydiová onemocnění přenášená pohlavním stykem,66030034,30–34 let,Z,0,1
2022,8,CZ020,Středočeský kraj,A56,Jiná chlamydiová onemocnění přenášená pohlavním stykem,66035039,35–39 let,M,0,3
2022,8,CZ020,Středočeský kraj,A69,Jiné spirochetové infekce,66001004,1–4 roky,Z,0,1
2022,8,CZ020,Středočeský kraj,A69,Jiné spirochetové infekce,66005009,5–9 let,M,0,4
2022,8,CZ020,Středočeský kraj,A69,Jiné spirochetové infekce,66005009,5–9 let,Z,0,2
2022,8,CZ020,Středočeský kraj,A69,Jiné spirochetové infekce,66010014,10–14 let,M,0,2
2022,8,CZ020,Středočeský kraj,A69,Jiné spirochetové infekce,66010014,10–14 let,Z,0,1
2022,8,CZ020,Středočeský kraj,A69,Jiné spirochetové infekce,66015019,15–19 let,Z,0,1
2022,8,CZ020,Středočeský kraj,A69,Jiné spirochetové infekce,66020024,20–24 let,M,0,1
2022,8,CZ020,Středočeský kraj,A69,Jiné spirochetové infekce,66020024,20–24 let,Z,0,1
2022,8,CZ020,Středočeský kraj,A69,Jiné spirochetové infekce,66025029,25–29 let,M,0,1
2022,8,CZ020,Středočeský kraj,A69,Jiné spirochetové infekce,66025029,25–29 let,Z,0,4
2022,8,CZ020,Středočeský kraj,A69,Jiné spirochetové infekce,66030034,30–34 let,M,0,3
2022,8,CZ020,Středočeský kraj,A69,Jiné spirochetové infekce,66030034,30–34 let,Z,0,2
2022,8,CZ020,Středočeský kraj,A69,Jiné spirochetové infekce,66035039,35–39 let,M,0,3
2022,8,CZ020,Středočeský kraj,A69,Jiné spirochetové infekce,66035039,35–39 let,Z,0,2
2022,8,CZ020,Středočeský kraj,A69,Jiné spirochetové infekce,66040044,40–44 let,M,0,2
2022,8,CZ020,Středočeský kraj,A69,Jiné spirochetové infekce,66040044,40–44 let,Z,0,3
2022,8,CZ020,Středočeský kraj,A69,Jiné spirochetové infekce,66045049,45–49 let,M,0,3
2022,8,CZ020,Středočeský kraj,A69,Jiné spirochetové infekce,66045049,45–49 let,Z,0,3
2022,8,CZ020,Středočeský kraj,A69,Jiné spirochetové infekce,66050054,50–54 let,M,0,2
2022,8,CZ020,Středočeský kraj,A69,Jiné spirochetové infekce,66050054,50–54 let,Z,0,3
2022,8,CZ020,Středočeský kraj,A69,Jiné spirochetové infekce,66055059,55–59 let,M,0,3
2022,8,CZ020,Středočeský kraj,A69,Jiné spirochetové infekce,66055059,55–59 let,Z,0,5
2022,8,CZ020,Středočeský kraj,A69,Jiné spirochetové infekce,66060064,60–64 let,M,0,2
2022,8,CZ020,Středočeský kraj,A69,Jiné spirochetové infekce,66060064,60–64 let,Z,0,3
2022,8,CZ020,Středočeský kraj,A69,Jiné spirochetové infekce,66065069,65–69 let,M,0,9
2022,8,CZ020,Středočeský kraj,A69,Jiné spirochetové infekce,66065069,65–69 let,Z,0,4
2022,8,CZ020,Středočeský kraj,A69,Jiné spirochetové infekce,66070074,70–74 let,Z,0,2
2022,8,CZ020,Středočeský kraj,A69,Jiné spirochetové infekce,66075999,75+ let,M,0,2
2022,8,CZ020,Středočeský kraj,A69,Jiné spirochetové infekce,66075999,75+ let,Z,0,3
2022,8,CZ020,Středočeský kraj,A84,Virová encefalitida přenášená klíšťaty,66005009,5–9 let,M,0,1
2022,8,CZ020,Středočeský kraj,A84,Virová encefalitida přenášená klíšťaty,66010014,10–14 let,Z,0,1
2022,8,CZ020,Středočeský kraj,A84,Virová encefalitida přenášená klíšťaty,66020024,20–24 let,Z,0,2
2022,8,CZ020,Středočeský kraj,A84,Virová encefalitida přenášená klíšťaty,66025029,25–29 let,Z,0,1
2022,8,CZ020,Středočeský kraj,A84,Virová encefalitida přenášená klíšťaty,66030034,30–34 let,M,0,1
2022,8,CZ020,Středočeský kraj,A84,Virová encefalitida přenášená klíšťaty,66035039,35–39 let,M,0,1
2022,8,CZ020,Středočeský kraj,A84,Virová encefalitida přenášená klíšťaty,66040044,40–44 let,M,0,1
2022,8,CZ020,Středočeský kraj,A84,Virová encefalitida přenášená klíšťaty,66040044,40–44 let,Z,0,1
2022,8,CZ020,Středočeský kraj,A84,Virová encefalitida přenášená klíšťaty,66045049,45–49 let,M,0,1
2022,8,CZ020,Středočeský kraj,A84,Virová encefalitida přenášená klíšťaty,66050054,50–54 let,M,0,1
2022,8,CZ020,Středočeský kraj,A84,Virová encefalitida přenášená klíšťaty,66060064,60–64 let,M,0,2
2022,8,CZ020,Středočeský kraj,A84,Virová encefalitida přenášená klíšťaty,66060064,60–64 let,Z,0,1
2022,8,CZ020,Středočeský kraj,A84,Virová encefalitida přenášená klíšťaty,66070074,70–74 let,M,0,1
2022,8,CZ020,Středočeský kraj,A84,Virová encefalitida přenášená klíšťaty,66070074,70–74 let,Z,0,2
2022,8,CZ020,Středočeský kraj,A87,Virová meningitida,66001004,1–4 roky,M,0,1
2022,8,CZ020,Středočeský kraj,A87,Virová meningitida,66005009,5–9 let,M,0,2
2022,8,CZ020,Středočeský kraj,A87,Virová meningitida,66030034,30–34 let,M,0,1
2022,8,CZ020,Středočeský kraj,A87,Virová meningitida,66045049,45–49 let,Z,0,1
2022,8,CZ020,Středočeský kraj,A87,Virová meningitida,66075999,75+ let,Z,0,1
2022,8,CZ020,Středočeský kraj,A97,Dengue,66010014,10–14 let,M,0,1
2022,8,CZ020,Středočeský kraj,B00,Infekce virem Herpes simplex,66075999,75+ let,M,0,1
2022,8,CZ020,Středočeský kraj,B01,Plané neštovice [varicella],66000000,0 let,M,0,4
2022,8,CZ020,Středočeský kraj,B01,Plané neštovice [varicella],66000000,0 let,Z,0,4
2022,8,CZ020,Středočeský kraj,B01,Plané neštovice [varicella],66001004,1–4 roky,M,0,31
2022,8,CZ020,Středočeský kraj,B01,Plané neštovice [varicella],66001004,1–4 roky,Z,0,31
2022,8,CZ020,Středočeský kraj,B01,Plané neštovice [varicella],66005009,5–9 let,M,0,31
2022,8,CZ020,Středočeský kraj,B01,Plané neštovice [varicella],66005009,5–9 let,Z,0,36
2022,8,CZ020,Středočeský kraj,B01,Plané neštovice [varicella],66010014,10–14 let,M,0,3
2022,8,CZ020,Středočeský kraj,B01,Plané neštovice [varicella],66010014,10–14 let,Z,0,4
2022,8,CZ020,Středočeský kraj,B01,Plané neštovice [varicella],66020024,20–24 let,Z,0,1
2022,8,CZ020,Středočeský kraj,B01,Plané neštovice [varicella],66035039,35–39 let,M,0,1
2022,8,CZ020,Středočeský kraj,B01,Plané neštovice [varicella],66040044,40–44 let,M,0,1
2022,8,CZ020,Středočeský kraj,B02,Pásový opar [herpes zoster],66010014,10–14 let,M,0,1
2022,8,CZ020,Středočeský kraj,B02,Pásový opar [herpes zoster],66015019,15–19 let,Z,0,1
2022,8,CZ020,Středočeský kraj,B02,Pásový opar [herpes zoster],66035039,35–39 let,M,0,1
2022,8,CZ020,Středočeský kraj,B02,Pásový opar [herpes zoster],66040044,40–44 let,Z,0,1
2022,8,CZ020,Středočeský kraj,B02,Pásový opar [herpes zoster],66045049,45–49 let,M,0,1
2022,8,CZ020,Středočeský kraj,B02,Pásový opar [herpes zoster],66050054,50–54 let,Z,0,2
2022,8,CZ020,Středočeský kraj,B02,Pásový opar [herpes zoster],66060064,60–64 let,M,0,3
2022,8,CZ020,Středočeský kraj,B02,Pásový opar [herpes zoster],66060064,60–64 let,Z,0,2
2022,8,CZ020,Středočeský kraj,B02,Pásový opar [herpes zoster],66065069,65–69 let,M,0,3
2022,8,CZ020,Středočeský kraj,B02,Pásový opar [herpes zoster],66070074,70–74 let,M,0,1
2022,8,CZ020,Středočeský kraj,B02,Pásový opar [herpes zoster],66070074,70–74 let,Z,0,4
2022,8,CZ020,Středočeský kraj,B02,Pásový opar [herpes zoster],66075999,75+ let,M,0,2
2022,8,CZ020,Středočeský kraj,B02,Pásový opar [herpes zoster],66075999,75+ let,Z,0,2
2022,8,CZ020,Středočeský kraj,B04,Opičí neštovice,66020024,20–24 let,Z,0,1
2022,8,CZ020,Středočeský kraj,B04,Opičí neštovice,66045049,45–49 let,M,0,1
2022,8,CZ020,Středočeský kraj,B08,Jiné virové infekce charakterizované postižením kůže a sliznic NJ,66000000,0 let,M,0,4
2022,8,CZ020,Středočeský kraj,B08,Jiné virové infekce charakterizované postižením kůže a sliznic NJ,66000000,0 let,Z,0,1
2022,8,CZ020,Středočeský kraj,B08,Jiné virové infekce charakterizované postižením kůže a sliznic NJ,66001004,1–4 roky,M,0,9
2022,8,CZ020,Středočeský kraj,B08,Jiné virové infekce charakterizované postižením kůže a sliznic NJ,66001004,1–4 roky,Z,0,7
2022,8,CZ020,Středočeský kraj,B08,Jiné virové infekce charakterizované postižením kůže a sliznic NJ,66005009,5–9 let,M,0,2
2022,8,CZ020,Středočeský kraj,B08,Jiné virové infekce charakterizované postižením kůže a sliznic NJ,66005009,5–9 let,Z,0,3
2022,8,CZ020,Středočeský kraj,B17,Jiná akutní virová hepatitida,66040044,40–44 let,M,0,1
2022,8,CZ020,Středočeský kraj,B17,Jiná akutní virová hepatitida,66055059,55–59 let,M,0,2
2022,8,CZ020,Středočeský kraj,B17,Jiná akutní virová hepatitida,66055059,55–59 let,Z,0,1
2022,8,CZ020,Středočeský kraj,B17,Jiná akutní virová hepatitida,66060064,60–64 let,M,0,1
2022,8,CZ020,Středočeský kraj,B17,Jiná akutní virová hepatitida,66065069,65–69 let,Z,0,1
2022,8,CZ020,Středočeský kraj,B18,Chronická virová hepatitida,66025029,25–29 let,M,0,1
2022,8,CZ020,Středočeský kraj,B18,Chronická virová hepatitida,66030034,30–34 let,M,0,2
2022,8,CZ020,Středočeský kraj,B18,Chronická virová hepatitida,66030034,30–34 let,Z,0,1
2022,8,CZ020,Středočeský kraj,B18,Chronická virová hepatitida,66035039,35–39 let,M,0,2
2022,8,CZ020,Středočeský kraj,B18,Chronická virová hepatitida,66040044,40–44 let,M,0,3
2022,8,CZ020,Středočeský kraj,B18,Chronická virová hepatitida,66045049,45–49 let,M,0,1
2022,8,CZ020,Středočeský kraj,B18,Chronická virová hepatitida,66055059,55–59 let,M,0,2
2022,8,CZ020,Středočeský kraj,B18,Chronická virová hepatitida,66055059,55–59 let,Z,0,1
2022,8,CZ020,Středočeský kraj,B18,Chronická virová hepatitida,66070074,70–74 let,M,0,1
2022,8,CZ020,Středočeský kraj,B18,Chronická virová hepatitida,66075999,75+ let,Z,0,1
2022,8,CZ020,Středočeský kraj,B27,Infekční mononukleóza,66001004,1–4 roky,M,0,1
2022,8,CZ020,Středočeský kraj,B27,Infekční mononukleóza,66001004,1–4 roky,Z,0,1
2022,8,CZ020,Středočeský kraj,B27,Infekční mononukleóza,66015019,15–19 let,M,0,3
2022,8,CZ020,Středočeský kraj,B27,Infekční mononukleóza,66015019,15–19 let,Z,0,2
2022,8,CZ020,Středočeský kraj,B27,Infekční mononukleóza,66020024,20–24 let,M,0,2
2022,8,CZ020,Středočeský kraj,B27,Infekční mononukleóza,66020024,20–24 let,Z,0,2
2022,8,CZ020,Středočeský kraj,B27,Infekční mononukleóza,66025029,25–29 let,M,0,1
2022,8,CZ020,Středočeský kraj,B27,Infekční mononukleóza,66075999,75+ let,M,0,1
2022,8,CZ020,Středočeský kraj,B37,Kandidóza [candidosis],66040044,40–44 let,Z,0,1
2022,8,CZ020,Středočeský kraj,B80,Enterobióza [enterobiasis],66005009,5–9 let,Z,0,1
2022,8,CZ020,Středočeský kraj,B80,Enterobióza [enterobiasis],66015019,15–19 let,M,0,1
2022,8,CZ020,Středočeský kraj,B86,Svrab [scabies],66001004,1–4 roky,M,0,1
2022,8,CZ020,Středočeský kraj,B86,Svrab [scabies],66005009,5–9 let,M,0,2
2022,8,CZ020,Středočeský kraj,B86,Svrab [scabies],66020024,20–24 let,M,0,2
2022,8,CZ020,Středočeský kraj,B86,Svrab [scabies],66045049,45–49 let,M,0,1
2022,8,CZ020,Středočeský kraj,B86,Svrab [scabies],66060064,60–64 let,M,0,1
2022,8,CZ020,Středočeský kraj,B86,Svrab [scabies],66060064,60–64 let,Z,0,1
2022,8,CZ020,Středočeský kraj,B86,Svrab [scabies],66075999,75+ let,M,0,1
2022,8,CZ020,Středočeský kraj,B86,Svrab [scabies],66075999,75+ let,Z,0,1
2022,8,CZ020,Středočeský kraj,G00,Bakteriální zánět mozkových a míšních plen (bakter. meningitida) NJ,66070074,70–74 let,Z,0,1
2022,8,CZ020,Středočeský kraj,J13,Zánět plic‚ původce: Streptococcus pneumoniae,66001004,1–4 roky,M,0,1
2022,8,CZ020,Středočeský kraj,J13,Zánět plic‚ původce: Streptococcus pneumoniae,66010014,10–14 let,M,0,1
2022,8,CZ020,Středočeský kraj,J13,Zánět plic‚ původce: Streptococcus pneumoniae,66040044,40–44 let,Z,0,1
2022,8,CZ020,Středočeský kraj,W55,Kousnutí nebo úder jinými savci,66010014,10–14 let,Z,0,1
2022,8,CZ020,Středočeský kraj,W55,Kousnutí nebo úder jinými savci,66030034,30–34 let,Z,0,1
2022,8,CZ020,Středočeský kraj,W55,Kousnutí nebo úder jinými savci,66040044,40–44 let,M,0,1
2022,9,CZ020,Středočeský kraj,A02,Jiné infekce způsobené salmonelami,66000000,0 let,M,0,7
2022,9,CZ020,Středočeský kraj,A02,Jiné infekce způsobené salmonelami,66000000,0 let,Z,0,2
2022,9,CZ020,Středočeský kraj,A02,Jiné infekce způsobené salmonelami,66001004,1–4 roky,M,0,23
2022,9,CZ020,Středočeský kraj,A02,Jiné infekce způsobené salmonelami,66001004,1–4 roky,Z,0,19
2022,9,CZ020,Středočeský kraj,A02,Jiné infekce způsobené salmonelami,66005009,5–9 let,M,0,15
2022,9,CZ020,Středočeský kraj,A02,Jiné infekce způsobené salmonelami,66005009,5–9 let,Z,0,14
2022,9,CZ020,Středočeský kraj,A02,Jiné infekce způsobené salmonelami,66010014,10–14 let,M,0,10
2022,9,CZ020,Středočeský kraj,A02,Jiné infekce způsobené salmonelami,66010014,10–14 let,Z,0,9
2022,9,CZ020,Středočeský kraj,A02,Jiné infekce způsobené salmonelami,66015019,15–19 let,M,0,4
2022,9,CZ020,Středočeský kraj,A02,Jiné infekce způsobené salmonelami,66015019,15–19 let,Z,0,5
2022,9,CZ020,Středočeský kraj,A02,Jiné infekce způsobené salmonelami,66020024,20–24 let,M,0,5
2022,9,CZ020,Středočeský kraj,A02,Jiné infekce způsobené salmonelami,66020024,20–24 let,Z,0,2
2022,9,CZ020,Středočeský kraj,A02,Jiné infekce způsobené salmonelami,66025029,25–29 let,M,0,1
2022,9,CZ020,Středočeský kraj,A02,Jiné infekce způsobené salmonelami,66030034,30–34 let,M,0,1
2022,9,CZ020,Středočeský kraj,A02,Jiné infekce způsobené salmonelami,66030034,30–34 let,Z,0,4
2022,9,CZ020,Středočeský kraj,A02,Jiné infekce způsobené salmonelami,66035039,35–39 let,M,0,2
2022,9,CZ020,Středočeský kraj,A02,Jiné infekce způsobené salmonelami,66035039,35–39 let,Z,0,4
2022,9,CZ020,Středočeský kraj,A02,Jiné infekce způsobené salmonelami,66040044,40–44 let,M,0,4
2022,9,CZ020,Středočeský kraj,A02,Jiné infekce způsobené salmonelami,66045049,45–49 let,Z,0,6
2022,9,CZ020,Středočeský kraj,A02,Jiné infekce způsobené salmonelami,66050054,50–54 let,M,0,2
2022,9,CZ020,Středočeský kraj,A02,Jiné infekce způsobené salmonelami,66055059,55–59 let,M,0,2
2022,9,CZ020,Středočeský kraj,A02,Jiné infekce způsobené salmonelami,66055059,55–59 let,Z,0,2
2022,9,CZ020,Středočeský kraj,A02,Jiné infekce způsobené salmonelami,66060064,60–64 let,M,0,2
2022,9,CZ020,Středočeský kraj,A02,Jiné infekce způsobené salmonelami,66060064,60–64 let,Z,0,4
2022,9,CZ020,Středočeský kraj,A02,Jiné infekce způsobené salmonelami,66065069,65–69 let,Z,0,2
2022,9,CZ020,Středočeský kraj,A02,Jiné infekce způsobené salmonelami,66070074,70–74 let,M,0,3
2022,9,CZ020,Středočeský kraj,A02,Jiné infekce způsobené salmonelami,66070074,70–74 let,Z,0,2
2022,9,CZ020,Středočeský kraj,A02,Jiné infekce způsobené salmonelami,66075999,75+ let,M,0,5
2022,9,CZ020,Středočeský kraj,A02,Jiné infekce způsobené salmonelami,66075999,75+ let,Z,0,5
2022,9,CZ020,Středočeský kraj,A03,Shigelóza,66010014,10–14 let,Z,0,1
2022,9,CZ020,Středočeský kraj,A03,Shigelóza,66040044,40–44 let,M,0,1
2022,9,CZ020,Středočeský kraj,A04,Jiné bakteriální střevní infekce,66000000,0 let,M,0,18
2022,9,CZ020,Středočeský kraj,A04,Jiné bakteriální střevní infekce,66000000,0 let,Z,0,7
2022,9,CZ020,Středočeský kraj,A04,Jiné bakteriální střevní infekce,66001004,1–4 roky,M,0,32
2022,9,CZ020,Středočeský kraj,A04,Jiné bakteriální střevní infekce,66001004,1–4 roky,Z,0,27
2022,9,CZ020,Středočeský kraj,A04,Jiné bakteriální střevní infekce,66005009,5–9 let,M,0,10
2022,9,CZ020,Středočeský kraj,A04,Jiné bakteriální střevní infekce,66005009,5–9 let,Z,0,12
2022,9,CZ020,Středočeský kraj,A04,Jiné bakteriální střevní infekce,66010014,10–14 let,M,0,14
2022,9,CZ020,Středočeský kraj,A04,Jiné bakteriální střevní infekce,66010014,10–14 let,Z,0,7
2022,9,CZ020,Středočeský kraj,A04,Jiné bakteriální střevní infekce,66015019,15–19 let,M,0,7
2022,9,CZ020,Středočeský kraj,A04,Jiné bakteriální střevní infekce,66015019,15–19 let,Z,0,8
2022,9,CZ020,Středočeský kraj,A04,Jiné bakteriální střevní infekce,66020024,20–24 let,M,0,2
2022,9,CZ020,Středočeský kraj,A04,Jiné bakteriální střevní infekce,66020024,20–24 let,Z,0,2
2022,9,CZ020,Středočeský kraj,A04,Jiné bakteriální střevní infekce,66025029,25–29 let,M,0,5
2022,9,CZ020,Středočeský kraj,A04,Jiné bakteriální střevní infekce,66025029,25–29 let,Z,0,3
2022,9,CZ020,Středočeský kraj,A04,Jiné bakteriální střevní infekce,66030034,30–34 let,M,0,3
2022,9,CZ020,Středočeský kraj,A04,Jiné bakteriální střevní infekce,66030034,30–34 let,Z,0,6
2022,9,CZ020,Středočeský kraj,A04,Jiné bakteriální střevní infekce,66035039,35–39 let,M,0,6
2022,9,CZ020,Středočeský kraj,A04,Jiné bakteriální střevní infekce,66035039,35–39 let,Z,0,3
2022,9,CZ020,Středočeský kraj,A04,Jiné bakteriální střevní infekce,66040044,40–44 let,M,0,2
2022,9,CZ020,Středočeský kraj,A04,Jiné bakteriální střevní infekce,66040044,40–44 let,Z,0,6
2022,9,CZ020,Středočeský kraj,A04,Jiné bakteriální střevní infekce,66045049,45–49 let,M,0,3
2022,9,CZ020,Středočeský kraj,A04,Jiné bakteriální střevní infekce,66045049,45–49 let,Z,0,6
2022,9,CZ020,Středočeský kraj,A04,Jiné bakteriální střevní infekce,66050054,50–54 let,M,0,2
2022,9,CZ020,Středočeský kraj,A04,Jiné bakteriální střevní infekce,66050054,50–54 let,Z,0,3
2022,9,CZ020,Středočeský kraj,A04,Jiné bakteriální střevní infekce,66055059,55–59 let,M,0,2
2022,9,CZ020,Středočeský kraj,A04,Jiné bakteriální střevní infekce,66055059,55–59 let,Z,0,1
2022,9,CZ020,Středočeský kraj,A04,Jiné bakteriální střevní infekce,66060064,60–64 let,M,0,4
2022,9,CZ020,Středočeský kraj,A04,Jiné bakteriální střevní infekce,66060064,60–64 let,Z,0,1
2022,9,CZ020,Středočeský kraj,A04,Jiné bakteriální střevní infekce,66065069,65–69 let,M,0,2
2022,9,CZ020,Středočeský kraj,A04,Jiné bakteriální střevní infekce,66065069,65–69 let,Z,0,3
2022,9,CZ020,Středočeský kraj,A04,Jiné bakteriální střevní infekce,66070074,70–74 let,M,0,2
2022,9,CZ020,Středočeský kraj,A04,Jiné bakteriální střevní infekce,66070074,70–74 let,Z,0,3
2022,9,CZ020,Středočeský kraj,A04,Jiné bakteriální střevní infekce,66075999,75+ let,M,0,18
2022,9,CZ020,Středočeský kraj,A04,Jiné bakteriální střevní infekce,66075999,75+ let,Z,0,14
2022,9,CZ020,Středočeský kraj,A08,Střevní infekce viry a jinými určenými mikroorganismy,66000000,0 let,M,0,6
2022,9,CZ020,Středočeský kraj,A08,Střevní infekce viry a jinými určenými mikroorganismy,66000000,0 let,Z,0,3
2022,9,CZ020,Středočeský kraj,A08,Střevní infekce viry a jinými určenými mikroorganismy,66001004,1–4 roky,M,0,12
2022,9,CZ020,Středočeský kraj,A08,Střevní infekce viry a jinými určenými mikroorganismy,66001004,1–4 roky,Z,0,9
2022,9,CZ020,Středočeský kraj,A08,Střevní infekce viry a jinými určenými mikroorganismy,66005009,5–9 let,M,0,3
2022,9,CZ020,Středočeský kraj,A08,Střevní infekce viry a jinými určenými mikroorganismy,66005009,5–9 let,Z,0,1
2022,9,CZ020,Středočeský kraj,A08,Střevní infekce viry a jinými určenými mikroorganismy,66010014,10–14 let,Z,0,1
2022,9,CZ020,Středočeský kraj,A08,Střevní infekce viry a jinými určenými mikroorganismy,66015019,15–19 let,M,0,1
2022,9,CZ020,Středočeský kraj,A08,Střevní infekce viry a jinými určenými mikroorganismy,66020024,20–24 let,Z,0,1
2022,9,CZ020,Středočeský kraj,A08,Střevní infekce viry a jinými určenými mikroorganismy,66030034,30–34 let,M,0,1
2022,9,CZ020,Středočeský kraj,A37,Dávivý kašel [pertussis],66015019,15–19 let,Z,0,1
2022,9,CZ020,Středočeský kraj,A37,Dávivý kašel [pertussis],66035039,35–39 let,M,0,1
2022,9,CZ020,Středočeský kraj,A38,Spála [scarlatina],66001004,1–4 roky,M,0,4
2022,9,CZ020,Středočeský kraj,A38,Spála [scarlatina],66001004,1–4 roky,Z,0,1
2022,9,CZ063,Kraj Vysočina,A04,Jiné bakteriální střevní infekce,66050054,50–54 let,Z,0,2
2022,9,CZ063,Kraj Vysočina,A04,Jiné bakteriální střevní infekce,66055059,55–59 let,M,0,3
2022,9,CZ063,Kraj Vysočina,A04,Jiné bakteriální střevní infekce,66055059,55–59 let,Z,0,2
2022,9,CZ063,Kraj Vysočina,A04,Jiné bakteriální střevní infekce,66060064,60–64 let,M,0,1
2022,9,CZ063,Kraj Vysočina,A04,Jiné bakteriální střevní infekce,66060064,60–64 let,Z,0,1
2022,9,CZ063,Kraj Vysočina,A04,Jiné bakteriální střevní infekce,66065069,65–69 let,M,0,1
2022,9,CZ063,Kraj Vysočina,A04,Jiné bakteriální střevní infekce,66065069,65–69 let,Z,0,6
2022,9,CZ063,Kraj Vysočina,A04,Jiné bakteriální střevní infekce,66070074,70–74 let,M,0,4
2022,9,CZ063,Kraj Vysočina,A04,Jiné bakteriální střevní infekce,66075999,75+ let,M,0,8
2022,9,CZ063,Kraj Vysočina,A04,Jiné bakteriální střevní infekce,66075999,75+ let,Z,0,13
2022,9,CZ063,Kraj Vysočina,A08,Střevní infekce viry a jinými určenými mikroorganismy,66000000,0 let,M,0,6
2022,9,CZ063,Kraj Vysočina,A08,Střevní infekce viry a jinými určenými mikroorganismy,66000000,0 let,Z,0,3
2022,9,CZ063,Kraj Vysočina,A08,Střevní infekce viry a jinými určenými mikroorganismy,66001004,1–4 roky,M,0,16
2022,9,CZ063,Kraj Vysočina,A08,Střevní infekce viry a jinými určenými mikroorganismy,66001004,1–4 roky,Z,0,8
2022,9,CZ063,Kraj Vysočina,A08,Střevní infekce viry a jinými určenými mikroorganismy,66005009,5–9 let,M,0,1
2022,9,CZ063,Kraj Vysočina,A08,Střevní infekce viry a jinými určenými mikroorganismy,66005009,5–9 let,Z,0,2
2022,9,CZ063,Kraj Vysočina,A08,Střevní infekce viry a jinými určenými mikroorganismy,66010014,10–14 let,M,0,1
2022,9,CZ063,Kraj Vysočina,A08,Střevní infekce viry a jinými určenými mikroorganismy,66015019,15–19 let,M,0,1
2022,9,CZ063,Kraj Vysočina,A08,Střevní infekce viry a jinými určenými mikroorganismy,66015019,15–19 let,Z,0,1
2022,9,CZ063,Kraj Vysočina,A08,Střevní infekce viry a jinými určenými mikroorganismy,66020024,20–24 let,Z,0,1
2022,9,CZ063,Kraj Vysočina,A08,Střevní infekce viry a jinými určenými mikroorganismy,66040044,40–44 let,M,0,1
2022,9,CZ063,Kraj Vysočina,A08,Střevní infekce viry a jinými určenými mikroorganismy,66040044,40–44 let,Z,0,1
2022,9,CZ063,Kraj Vysočina,A08,Střevní infekce viry a jinými určenými mikroorganismy,66060064,60–64 let,Z,0,1
2022,9,CZ063,Kraj Vysočina,A08,Střevní infekce viry a jinými určenými mikroorganismy,66075999,75+ let,M,0,3
2022,9,CZ063,Kraj Vysočina,A08,Střevní infekce viry a jinými určenými mikroorganismy,66075999,75+ let,Z,0,3
2022,9,CZ063,Kraj Vysočina,A38,Spála [scarlatina],66005009,5–9 let,M,0,1
2022,9,CZ063,Kraj Vysočina,A38,Spála [scarlatina],66010014,10–14 let,M,0,1
2022,9,CZ063,Kraj Vysočina,A40,Streptokoková sepse,66055059,55–59 let,Z,0,1
2022,9,CZ063,Kraj Vysočina,A40,Streptokoková sepse,66065069,65–69 let,M,0,1
2022,9,CZ063,Kraj Vysočina,A40,Streptokoková sepse,66070074,70–74 let,M,0,1
2022,9,CZ063,Kraj Vysočina,A41,Jiná sepse,66030034,30–34 let,Z,0,1
2022,9,CZ063,Kraj Vysočina,A41,Jiná sepse,66055059,55–59 let,M,0,1
2022,9,CZ063,Kraj Vysočina,A41,Jiná sepse,66065069,65–69 let,M,0,3
2022,9,CZ063,Kraj Vysočina,A41,Jiná sepse,66070074,70–74 let,Z,0,1
2022,9,CZ063,Kraj Vysočina,A41,Jiná sepse,66075999,75+ let,M,0,3
2022,9,CZ063,Kraj Vysočina,A41,Jiná sepse,66075999,75+ let,Z,0,7
2022,9,CZ063,Kraj Vysočina,A46,Růže – erysipel,66050054,50–54 let,M,0,1
2022,9,CZ063,Kraj Vysočina,A46,Růže – erysipel,66055059,55–59 let,M,0,1
2022,9,CZ063,Kraj Vysočina,A46,Růže – erysipel,66060064,60–64 let,Z,0,1
2022,9,CZ063,Kraj Vysočina,A46,Růže – erysipel,66065069,65–69 let,M,0,1
2022,9,CZ063,Kraj Vysočina,A46,Růže – erysipel,66070074,70–74 let,M,0,1
2022,9,CZ063,Kraj Vysočina,A46,Růže – erysipel,66075999,75+ let,M,0,1
2022,9,CZ063,Kraj Vysočina,A46,Růže – erysipel,66075999,75+ let,Z,0,1
2022,9,CZ063,Kraj Vysočina,A48,Jiné bakteriální nemoci nezařazené jinde,66075999,75+ let,M,0,1
2022,9,CZ063,Kraj Vysočina,A48,Jiné bakteriální nemoci nezařazené jinde,66075999,75+ let,Z,0,1
2022,9,CZ063,Kraj Vysočina,A56,Jiná chlamydiová onemocnění přenášená pohlavním stykem,66020024,20–24 let,Z,0,2
2022,9,CZ063,Kraj Vysočina,A56,Jiná chlamydiová onemocnění přenášená pohlavním stykem,66025029,25–29 let,Z,0,1
2022,9,CZ063,Kraj Vysočina,A56,Jiná chlamydiová onemocnění přenášená pohlavním stykem,66030034,30–34 let,M,0,1
2022,9,CZ063,Kraj Vysočina,A69,Jiné spirochetové infekce,66001004,1–4 roky,Z,0,1
2022,9,CZ063,Kraj Vysočina,A69,Jiné spirochetové infekce,66005009,5–9 let,M,0,4
2022,9,CZ063,Kraj Vysočina,A69,Jiné spirochetové infekce,66010014,10–14 let,M,0,3
2022,9,CZ063,Kraj Vysočina,A69,Jiné spirochetové infekce,66010014,10–14 let,Z,0,1
2022,9,CZ063,Kraj Vysočina,A69,Jiné spirochetové infekce,66025029,25–29 let,M,0,2
2022,9,CZ063,Kraj Vysočina,A69,Jiné spirochetové infekce,66030034,30–34 let,M,0,3
2022,9,CZ063,Kraj Vysočina,A69,Jiné spirochetové infekce,66030034,30–34 let,Z,0,3
2022,9,CZ063,Kraj Vysočina,A69,Jiné spirochetové infekce,66035039,35–39 let,M,0,1
2022,9,CZ063,Kraj Vysočina,A69,Jiné spirochetové infekce,66035039,35–39 let,Z,0,1
2022,9,CZ063,Kraj Vysočina,A69,Jiné spirochetové infekce,66040044,40–44 let,M,0,2
2022,9,CZ063,Kraj Vysočina,A69,Jiné spirochetové infekce,66040044,40–44 let,Z,0,1
2022,9,CZ063,Kraj Vysočina,A69,Jiné spirochetové infekce,66045049,45–49 let,M,0,2
2022,9,CZ063,Kraj Vysočina,A69,Jiné spirochetové infekce,66045049,45–49 let,Z,0,3
2022,9,CZ063,Kraj Vysočina,A69,Jiné spirochetové infekce,66050054,50–54 let,M,0,1
2022,9,CZ063,Kraj Vysočina,A69,Jiné spirochetové infekce,66050054,50–54 let,Z,0,7
2022,9,CZ063,Kraj Vysočina,A69,Jiné spirochetové infekce,66055059,55–59 let,M,0,3
2022,9,CZ063,Kraj Vysočina,A69,Jiné spirochetové infekce,66055059,55–59 let,Z,0,2
2022,9,CZ063,Kraj Vysočina,A69,Jiné spirochetové infekce,66060064,60–64 let,M,0,3
2022,9,CZ063,Kraj Vysočina,A69,Jiné spirochetové infekce,66060064,60–64 let,Z,0,8
2022,9,CZ063,Kraj Vysočina,A69,Jiné spirochetové infekce,66065069,65–69 let,M,0,3
2022,9,CZ063,Kraj Vysočina,A69,Jiné spirochetové infekce,66065069,65–69 let,Z,0,6
2022,9,CZ063,Kraj Vysočina,A69,Jiné spirochetové infekce,66070074,70–74 let,M,0,2
2022,9,CZ063,Kraj Vysočina,A69,Jiné spirochetové infekce,66070074,70–74 let,Z,0,2
2022,9,CZ063,Kraj Vysočina,A69,Jiné spirochetové infekce,66075999,75+ let,M,0,2
2022,9,CZ063,Kraj Vysočina,A69,Jiné spirochetové infekce,66075999,75+ let,Z,0,1
2022,9,CZ063,Kraj Vysočina,A84,Virová encefalitida přenášená klíšťaty,66005009,5–9 let,M,0,1
2022,9,CZ063,Kraj Vysočina,A84,Virová encefalitida přenášená klíšťaty,66010014,10–14 let,M,0,1
2022,9,CZ063,Kraj Vysočina,A84,Virová encefalitida přenášená klíšťaty,66045049,45–49 let,M,0,1
2022,9,CZ063,Kraj Vysočina,A87,Virová meningitida,66001004,1–4 roky,Z,0,1
2022,9,CZ063,Kraj Vysočina,B01,Plané neštovice [varicella],66000000,0 let,Z,0,1
2022,9,CZ063,Kraj Vysočina,B01,Plané neštovice [varicella],66001004,1–4 roky,M,0,18
2022,9,CZ063,Kraj Vysočina,B01,Plané neštovice [varicella],66001004,1–4 roky,Z,0,7
2022,9,CZ063,Kraj Vysočina,B01,Plané neštovice [varicella],66005009,5–9 let,M,0,9
2022,9,CZ063,Kraj Vysočina,B01,Plané neštovice [varicella],66005009,5–9 let,Z,0,10
2022,9,CZ063,Kraj Vysočina,B01,Plané neštovice [varicella],66010014,10–14 let,M,0,2
2022,9,CZ063,Kraj Vysočina,B01,Plané neštovice [varicella],66010014,10–14 let,Z,0,1
2022,9,CZ063,Kraj Vysočina,B01,Plané neštovice [varicella],66020024,20–24 let,M,0,1
2022,9,CZ063,Kraj Vysočina,B01,Plané neštovice [varicella],66020024,20–24 let,Z,0,1
2022,9,CZ063,Kraj Vysočina,B01,Plané neštovice [varicella],66025029,25–29 let,M,0,1
2022,9,CZ063,Kraj Vysočina,B02,Pásový opar [herpes zoster],66005009,5–9 let,Z,0,2
2022,9,CZ063,Kraj Vysočina,B02,Pásový opar [herpes zoster],66010014,10–14 let,M,0,2
2022,9,CZ063,Kraj Vysočina,B02,Pásový opar [herpes zoster],66015019,15–19 let,Z,0,1
2022,9,CZ063,Kraj Vysočina,B02,Pásový opar [herpes zoster],66025029,25–29 let,M,0,1
2022,9,CZ063,Kraj Vysočina,B02,Pásový opar [herpes zoster],66025029,25–29 let,Z,0,1
2022,9,CZ063,Kraj Vysočina,B02,Pásový opar [herpes zoster],66035039,35–39 let,Z,0,2
2022,9,CZ063,Kraj Vysočina,B02,Pásový opar [herpes zoster],66040044,40–44 let,M,0,1
2022,9,CZ063,Kraj Vysočina,B02,Pásový opar [herpes zoster],66040044,40–44 let,Z,0,1
2022,9,CZ063,Kraj Vysočina,B02,Pásový opar [herpes zoster],66045049,45–49 let,M,0,1
2022,9,CZ063,Kraj Vysočina,B02,Pásový opar [herpes zoster],66055059,55–59 let,M,0,2
2022,9,CZ063,Kraj Vysočina,B02,Pásový opar [herpes zoster],66055059,55–59 let,Z,0,1
2022,9,CZ063,Kraj Vysočina,B02,Pásový opar [herpes zoster],66060064,60–64 let,Z,0,2
2022,9,CZ063,Kraj Vysočina,B02,Pásový opar [herpes zoster],66065069,65–69 let,M,0,1
2022,9,CZ063,Kraj Vysočina,B02,Pásový opar [herpes zoster],66070074,70–74 let,Z,0,3
2022,9,CZ063,Kraj Vysočina,B02,Pásový opar [herpes zoster],66075999,75+ let,Z,0,4
2022,9,CZ063,Kraj Vysočina,B08,Jiné virové infekce charakterizované postižením kůže a sliznic NJ,66000000,0 let,M,0,7
2022,9,CZ063,Kraj Vysočina,B08,Jiné virové infekce charakterizované postižením kůže a sliznic NJ,66000000,0 let,Z,0,1
2022,9,CZ063,Kraj Vysočina,B08,Jiné virové infekce charakterizované postižením kůže a sliznic NJ,66001004,1–4 roky,M,0,10
2022,9,CZ063,Kraj Vysočina,B08,Jiné virové infekce charakterizované postižením kůže a sliznic NJ,66001004,1–4 roky,Z,0,9
2022,9,CZ063,Kraj Vysočina,B08,Jiné virové infekce charakterizované postižením kůže a sliznic NJ,66005009,5–9 let,M,0,5
2022,9,CZ063,Kraj Vysočina,B08,Jiné virové infekce charakterizované postižením kůže a sliznic NJ,66005009,5–9 let,Z,0,3
2022,9,CZ063,Kraj Vysočina,B08,Jiné virové infekce charakterizované postižením kůže a sliznic NJ,66010014,10–14 let,M,0,1
2022,9,CZ063,Kraj Vysočina,B08,Jiné virové infekce charakterizované postižením kůže a sliznic NJ,66010014,10–14 let,Z,0,1
2022,9,CZ063,Kraj Vysočina,B08,Jiné virové infekce charakterizované postižením kůže a sliznic NJ,66025029,25–29 let,M,0,1
2022,9,CZ063,Kraj Vysočina,B18,Chronická virová hepatitida,66030034,30–34 let,M,0,1
2022,9,CZ063,Kraj Vysočina,B18,Chronická virová hepatitida,66030034,30–34 let,Z,0,1
2022,9,CZ063,Kraj Vysočina,B18,Chronická virová hepatitida,66050054,50–54 let,M,0,1
2022,9,CZ063,Kraj Vysočina,B27,Infekční mononukleóza,66005009,5–9 let,M,0,1
2022,9,CZ063,Kraj Vysočina,B27,Infekční mononukleóza,66005009,5–9 let,Z,0,1
2022,9,CZ063,Kraj Vysočina,B27,Infekční mononukleóza,66015019,15–19 let,M,0,3
2022,9,CZ063,Kraj Vysočina,B27,Infekční mononukleóza,66015019,15–19 let,Z,0,1
2022,9,CZ063,Kraj Vysočina,B27,Infekční mononukleóza,66055059,55–59 let,Z,0,1
2022,9,CZ063,Kraj Vysočina,B58,Toxoplazmóza [toxoplasmosis],66025029,25–29 let,Z,0,1
2022,9,CZ063,Kraj Vysočina,B80,Enterobióza [enterobiasis],66001004,1–4 roky,M,0,1
2022,9,CZ063,Kraj Vysočina,B80,Enterobióza [enterobiasis],66005009,5–9 let,M,0,2
2022,9,CZ063,Kraj Vysočina,B80,Enterobióza [enterobiasis],66005009,5–9 let,Z,0,2
2022,9,CZ063,Kraj Vysočina,B80,Enterobióza [enterobiasis],66010014,10–14 let,Z,0,1
2022,9,CZ063,Kraj Vysočina,B86,Svrab [scabies],66005009,5–9 let,M,0,3
2022,9,CZ063,Kraj Vysočina,B86,Svrab [scabies],66010014,10–14 let,M,0,2
2022,9,CZ063,Kraj Vysočina,B86,Svrab [scabies],66010014,10–14 let,Z,0,1
2022,9,CZ063,Kraj Vysočina,B86,Svrab [scabies],66015019,15–19 let,M,0,1
2022,9,CZ063,Kraj Vysočina,B86,Svrab [scabies],66015019,15–19 let,Z,0,2
2022,9,CZ063,Kraj Vysočina,B86,Svrab [scabies],66020024,20–24 let,Z,0,2
2022,9,CZ063,Kraj Vysočina,B86,Svrab [scabies],66025029,25–29 let,M,0,1
2022,9,CZ063,Kraj Vysočina,B86,Svrab [scabies],66030034,30–34 let,Z,0,1
2022,9,CZ063,Kraj Vysočina,B86,Svrab [scabies],66035039,35–39 let,M,0,1
2022,9,CZ063,Kraj Vysočina,B86,Svrab [scabies],66050054,50–54 let,M,0,1
2022,9,CZ063,Kraj Vysočina,B86,Svrab [scabies],66050054,50–54 let,Z,0,1
2022,9,CZ063,Kraj Vysočina,G00,Bakteriální zánět mozkových a míšních plen (bakter. meningitida) NJ,66060064,60–64 let,M,0,1
2022,10,CZ063,Kraj Vysočina,A02,Jiné infekce způsobené salmonelami,66001004,1–4 roky,M,0,10
2022,10,CZ063,Kraj Vysočina,A02,Jiné infekce způsobené salmonelami,66001004,1–4 roky,Z,0,11
2022,10,CZ063,Kraj Vysočina,A02,Jiné infekce způsobené salmonelami,66005009,5–9 let,M,0,2
2022,10,CZ063,Kraj Vysočina,A02,Jiné infekce způsobené salmonelami,66005009,5–9 let,Z,0,4
2022,10,CZ063,Kraj Vysočina,A02,Jiné infekce způsobené salmonelami,66010014,10–14 let,M,0,4
2022,10,CZ063,Kraj Vysočina,A02,Jiné infekce způsobené salmonelami,66010014,10–14 let,Z,0,3
2022,10,CZ063,Kraj Vysočina,A02,Jiné infekce způsobené salmonelami,66015019,15–19 let,M,0,1
2022,10,CZ063,Kraj Vysočina,A02,Jiné infekce způsobené salmonelami,66015019,15–19 let,Z,0,3
2022,10,CZ063,Kraj Vysočina,A02,Jiné infekce způsobené salmonelami,66020024,20–24 let,M,0,1
2022,10,CZ063,Kraj Vysočina,A02,Jiné infekce způsobené salmonelami,66025029,25–29 let,M,0,1
2022,10,CZ063,Kraj Vysočina,A02,Jiné infekce způsobené salmonelami,66025029,25–29 let,Z,0,4
2022,10,CZ063,Kraj Vysočina,A02,Jiné infekce způsobené salmonelami,66035039,35–39 let,Z,0,1
2022,10,CZ063,Kraj Vysočina,A02,Jiné infekce způsobené salmonelami,66045049,45–49 let,Z,0,2
2022,10,CZ063,Kraj Vysočina,A02,Jiné infekce způsobené salmonelami,66050054,50–54 let,M,0,1
2022,10,CZ063,Kraj Vysočina,A02,Jiné infekce způsobené salmonelami,66060064,60–64 let,M,0,1
2022,10,CZ063,Kraj Vysočina,A02,Jiné infekce způsobené salmonelami,66065069,65–69 let,Z,0,1
2022,10,CZ063,Kraj Vysočina,A02,Jiné infekce způsobené salmonelami,66070074,70–74 let,M,0,1
2022,10,CZ063,Kraj Vysočina,A02,Jiné infekce způsobené salmonelami,66070074,70–74 let,Z,0,1
2022,10,CZ063,Kraj Vysočina,A02,Jiné infekce způsobené salmonelami,66075999,75+ let,Z,0,3
2022,10,CZ063,Kraj Vysočina,A03,Shigelóza,66060064,60–64 let,M,0,1
2022,10,CZ063,Kraj Vysočina,A04,Jiné bakteriální střevní infekce,66000000,0 let,M,0,3
2022,10,CZ063,Kraj Vysočina,A04,Jiné bakteriální střevní infekce,66000000,0 let,Z,0,4
2022,10,CZ063,Kraj Vysočina,A04,Jiné bakteriální střevní infekce,66001004,1–4 roky,M,0,10
2022,10,CZ063,Kraj Vysočina,A04,Jiné bakteriální střevní infekce,66001004,1–4 roky,Z,0,8
2022,10,CZ063,Kraj Vysočina,A04,Jiné bakteriální střevní infekce,66005009,5–9 let,M,0,2
2022,10,CZ063,Kraj Vysočina,A04,Jiné bakteriální střevní infekce,66005009,5–9 let,Z,0,3
2022,10,CZ063,Kraj Vysočina,A04,Jiné bakteriální střevní infekce,66010014,10–14 let,M,0,2
2022,10,CZ063,Kraj Vysočina,A04,Jiné bakteriální střevní infekce,66010014,10–14 let,Z,0,3
2022,10,CZ063,Kraj Vysočina,A04,Jiné bakteriální střevní infekce,66015019,15–19 let,M,0,3
2022,10,CZ063,Kraj Vysočina,A04,Jiné bakteriální střevní infekce,66015019,15–19 let,Z,0,2
2022,10,CZ063,Kraj Vysočina,A04,Jiné bakteriální střevní infekce,66020024,20–24 let,M,0,1
2022,10,CZ063,Kraj Vysočina,A04,Jiné bakteriální střevní infekce,66020024,20–24 let,Z,0,2
2022,10,CZ063,Kraj Vysočina,A04,Jiné bakteriální střevní infekce,66025029,25–29 let,M,0,1
2022,10,CZ063,Kraj Vysočina,A04,Jiné bakteriální střevní infekce,66030034,30–34 let,M,0,1
2022,10,CZ063,Kraj Vysočina,A04,Jiné bakteriální střevní infekce,66030034,30–34 let,Z,0,1
2022,10,CZ063,Kraj Vysočina,A04,Jiné bakteriální střevní infekce,66035039,35–39 let,M,0,2
2022,10,CZ063,Kraj Vysočina,A04,Jiné bakteriální střevní infekce,66035039,35–39 let,Z,0,3
2022,10,CZ063,Kraj Vysočina,A04,Jiné bakteriální střevní infekce,66040044,40–44 let,M,0,2
2022,10,CZ063,Kraj Vysočina,A04,Jiné bakteriální střevní infekce,66040044,40–44 let,Z,0,1
2022,10,CZ063,Kraj Vysočina,A04,Jiné bakteriální střevní infekce,66050054,50–54 let,M,0,3
2022,10,CZ063,Kraj Vysočina,A04,Jiné bakteriální střevní infekce,66050054,50–54 let,Z,0,2
2022,10,CZ063,Kraj Vysočina,A04,Jiné bakteriální střevní infekce,66060064,60–64 let,M,0,3
2022,10,CZ063,Kraj Vysočina,A04,Jiné bakteriální střevní infekce,66060064,60–64 let,Z,0,1
2022,10,CZ063,Kraj Vysočina,A04,Jiné bakteriální střevní infekce,66065069,65–69 let,M,0,1
2022,10,CZ063,Kraj Vysočina,A04,Jiné bakteriální střevní infekce,66070074,70–74 let,M,0,3
2022,10,CZ063,Kraj Vysočina,A04,Jiné bakteriální střevní infekce,66070074,70–74 let,Z,0,1
2022,10,CZ063,Kraj Vysočina,A04,Jiné bakteriální střevní infekce,66075999,75+ let,M,0,6
2022,10,CZ063,Kraj Vysočina,A04,Jiné bakteriální střevní infekce,66075999,75+ let,Z,0,17
2022,10,CZ063,Kraj Vysočina,A08,Střevní infekce viry a jinými určenými mikroorganismy,66000000,0 let,M,0,6
2022,10,CZ063,Kraj Vysočina,A08,Střevní infekce viry a jinými určenými mikroorganismy,66000000,0 let,Z,0,2
2022,10,CZ063,Kraj Vysočina,A08,Střevní infekce viry a jinými určenými mikroorganismy,66001004,1–4 roky,M,0,2
2022,10,CZ063,Kraj Vysočina,A08,Střevní infekce viry a jinými určenými mikroorganismy,66001004,1–4 roky,Z,0,2
2022,10,CZ063,Kraj Vysočina,A08,Střevní infekce viry a jinými určenými mikroorganismy,66010014,10–14 let,M,0,1
2022,10,CZ063,Kraj Vysočina,A08,Střevní infekce viry a jinými určenými mikroorganismy,66055059,55–59 let,Z,0,1
2022,10,CZ063,Kraj Vysočina,A08,Střevní infekce viry a jinými určenými mikroorganismy,66060064,60–64 let,M,0,2
2022,10,CZ063,Kraj Vysočina,A08,Střevní infekce viry a jinými určenými mikroorganismy,66075999,75+ let,M,0,1
2022,10,CZ063,Kraj Vysočina,A08,Střevní infekce viry a jinými určenými mikroorganismy,66075999,75+ let,Z,0,1
2022,10,CZ063,Kraj Vysočina,A09,Jiná gastroenteritida a kolitida infekčního a NS původu,66010014,10–14 let,M,0,2
2022,10,CZ063,Kraj Vysočina,A21,Tularemie,66050054,50–54 let,Z,0,1
2022,10,CZ063,Kraj Vysočina,A38,Spála [scarlatina],66005009,5–9 let,M,0,1
2022,10,CZ063,Kraj Vysočina,A38,Spála [scarlatina],66005009,5–9 let,Z,0,2
2022,10,CZ063,Kraj Vysočina,A38,Spála [scarlatina],66010014,10–14 let,M,0,1
2022,10,CZ063,Kraj Vysočina,A40,Streptokoková sepse,66070074,70–74 let,M,0,1
2022,10,CZ063,Kraj Vysočina,A41,Jiná sepse,66001004,1–4 roky,Z,0,1
2022,10,CZ063,Kraj Vysočina,A41,Jiná sepse,66025029,25–29 let,Z,0,1
2022,10,CZ063,Kraj Vysočina,A41,Jiná sepse,66045049,45–49 let,Z,0,1
2022,10,CZ063,Kraj Vysočina,A41,Jiná sepse,66060064,60–64 let,Z,0,1
2022,10,CZ063,Kraj Vysočina,A41,Jiná sepse,66065069,65–69 let,M,0,1
2022,10,CZ063,Kraj Vysočina,A41,Jiná sepse,66065069,65–69 let,Z,0,1
2022,10,CZ063,Kraj Vysočina,A41,Jiná sepse,66070074,70–74 let,M,0,2
2022,10,CZ063,Kraj Vysočina,A41,Jiná sepse,66075999,75+ let,M,0,5
2022,10,CZ063,Kraj Vysočina,A41,Jiná sepse,66075999,75+ let,Z,0,6
2022,10,CZ063,Kraj Vysočina,A46,Růže – erysipel,66020024,20–24 let,Z,0,1
2022,10,CZ063,Kraj Vysočina,A46,Růže – erysipel,66030034,30–34 let,M,0,1
2022,10,CZ063,Kraj Vysočina,A46,Růže – erysipel,66065069,65–69 let,M,0,1
2022,10,CZ063,Kraj Vysočina,A46,Růže – erysipel,66065069,65–69 let,Z,0,1
2022,10,CZ063,Kraj Vysočina,A46,Růže – erysipel,66070074,70–74 let,M,0,1
2022,10,CZ063,Kraj Vysočina,A46,Růže – erysipel,66075999,75+ let,M,0,1
2022,10,CZ063,Kraj Vysočina,A56,Jiná chlamydiová onemocnění přenášená pohlavním stykem,66020024,20–24 let,M,0,1
2022,10,CZ063,Kraj Vysočina,A56,Jiná chlamydiová onemocnění přenášená pohlavním stykem,66025029,25–29 let,M,0,2
2022,10,CZ063,Kraj Vysočina,A56,Jiná chlamydiová onemocnění přenášená pohlavním stykem,66030034,30–34 let,M,0,1
2022,10,CZ063,Kraj Vysočina,A56,Jiná chlamydiová onemocnění přenášená pohlavním stykem,66030034,30–34 let,Z,0,3
2022,10,CZ063,Kraj Vysočina,A56,Jiná chlamydiová onemocnění přenášená pohlavním stykem,66035039,35–39 let,Z,0,1
2022,10,CZ063,Kraj Vysočina,A69,Jiné spirochetové infekce,66001004,1–4 roky,M,0,2
2022,10,CZ063,Kraj Vysočina,A69,Jiné spirochetové infekce,66001004,1–4 roky,Z,0,1
2022,10,CZ063,Kraj Vysočina,A69,Jiné spirochetové infekce,66005009,5–9 let,M,0,1
2022,10,CZ063,Kraj Vysočina,A69,Jiné spirochetové infekce,66005009,5–9 let,Z,0,2
2022,10,CZ063,Kraj Vysočina,A69,Jiné spirochetové infekce,66010014,10–14 let,Z,0,4
2022,10,CZ063,Kraj Vysočina,A69,Jiné spirochetové infekce,66015019,15–19 let,M,0,1
2022,10,CZ063,Kraj Vysočina,A69,Jiné spirochetové infekce,66015019,15–19 let,Z,0,1
2022,10,CZ063,Kraj Vysočina,A69,Jiné spirochetové infekce,66020024,20–24 let,M,0,2
2022,10,CZ063,Kraj Vysočina,A69,Jiné spirochetové infekce,66020024,20–24 let,Z,0,4
2022,10,CZ063,Kraj Vysočina,A69,Jiné spirochetové infekce,66025029,25–29 let,M,0,1
2022,10,CZ063,Kraj Vysočina,A69,Jiné spirochetové infekce,66025029,25–29 let,Z,0,3
2022,10,CZ063,Kraj Vysočina,A69,Jiné spirochetové infekce,66030034,30–34 let,M,0,1
2022,10,CZ063,Kraj Vysočina,A69,Jiné spirochetové infekce,66030034,30–34 let,Z,0,2
2022,10,CZ063,Kraj Vysočina,A69,Jiné spirochetové infekce,66035039,35–39 let,M,0,1
2022,10,CZ063,Kraj Vysočina,A69,Jiné spirochetové infekce,66035039,35–39 let,Z,0,5
2022,10,CZ063,Kraj Vysočina,A69,Jiné spirochetové infekce,66040044,40–44 let,M,0,1
2022,10,CZ063,Kraj Vysočina,A69,Jiné spirochetové infekce,66040044,40–44 let,Z,0,3
2022,10,CZ063,Kraj Vysočina,A69,Jiné spirochetové infekce,66045049,45–49 let,M,0,4
2022,10,CZ063,Kraj Vysočina,A69,Jiné spirochetové infekce,66045049,45–49 let,Z,0,2
2022,10,CZ063,Kraj Vysočina,A69,Jiné spirochetové infekce,66050054,50–54 let,M,0,5
2022,10,CZ063,Kraj Vysočina,A69,Jiné spirochetové infekce,66050054,50–54 let,Z,0,5
2022,10,CZ063,Kraj Vysočina,A69,Jiné spirochetové infekce,66055059,55–59 let,M,0,6
2022,10,CZ063,Kraj Vysočina,A69,Jiné spirochetové infekce,66055059,55–59 let,Z,0,5
2022,10,CZ063,Kraj Vysočina,A69,Jiné spirochetové infekce,66060064,60–64 let,M,0,4
2022,10,CZ063,Kraj Vysočina,A69,Jiné spirochetové infekce,66060064,60–64 let,Z,0,4
2022,10,CZ063,Kraj Vysočina,A69,Jiné spirochetové infekce,66065069,65–69 let,M,0,2
2022,10,CZ063,Kraj Vysočina,A69,Jiné spirochetové infekce,66065069,65–69 let,Z,0,3
2022,10,CZ063,Kraj Vysočina,A69,Jiné spirochetové infekce,66070074,70–74 let,M,0,1
2022,10,CZ063,Kraj Vysočina,A69,Jiné spirochetové infekce,66070074,70–74 let,Z,0,3
2022,10,CZ063,Kraj Vysočina,A69,Jiné spirochetové infekce,66075999,75+ let,M,0,1
2022,10,CZ063,Kraj Vysočina,A69,Jiné spirochetové infekce,66075999,75+ let,Z,0,5
2022,10,CZ063,Kraj Vysočina,A84,Virová encefalitida přenášená klíšťaty,66005009,5–9 let,M,0,2
2022,10,CZ063,Kraj Vysočina,A84,Virová encefalitida přenášená klíšťaty,66010014,10–14 let,M,0,1
2022,10,CZ063,Kraj Vysočina,A84,Virová encefalitida přenášená klíšťaty,66045049,45–49 let,M,0,1
2022,10,CZ063,Kraj Vysočina,A84,Virová encefalitida přenášená klíšťaty,66050054,50–54 let,Z,0,1
2022,10,CZ063,Kraj Vysočina,A84,Virová encefalitida přenášená klíšťaty,66060064,60–64 let,M,0,1
2022,10,CZ063,Kraj Vysočina,A84,Virová encefalitida přenášená klíšťaty,66070074,70–74 let,M,0,1
2022,10,CZ063,Kraj Vysočina,A84,Virová encefalitida přenášená klíšťaty,66070074,70–74 let,Z,0,1
2022,10,CZ063,Kraj Vysočina,A87,Virová meningitida,66030034,30–34 let,M,0,1
2022,10,CZ063,Kraj Vysočina,A87,Virová meningitida,66045049,45–49 let,M,0,1
2022,10,CZ063,Kraj Vysočina,B00,Infekce virem Herpes simplex,66065069,65–69 let,Z,0,1
2022,10,CZ063,Kraj Vysočina,B01,Plané neštovice [varicella],66001004,1–4 roky,M,0,22
2022,10,CZ063,Kraj Vysočina,B01,Plané neštovice [varicella],66001004,1–4 roky,Z,0,17
2022,10,CZ063,Kraj Vysočina,B01,Plané neštovice [varicella],66005009,5–9 let,M,0,16
2022,10,CZ063,Kraj Vysočina,B01,Plané neštovice [varicella],66005009,5–9 let,Z,0,23
2022,10,CZ063,Kraj Vysočina,B01,Plané neštovice [varicella],66010014,10–14 let,M,0,1
2022,10,CZ063,Kraj Vysočina,B01,Plané neštovice [varicella],66010014,10–14 let,Z,0,3
2022,10,CZ063,Kraj Vysočina,B01,Plané neštovice [varicella],66020024,20–24 let,Z,0,1
2022,10,CZ063,Kraj Vysočina,B01,Plané neštovice [varicella],66025029,25–29 let,M,0,1
2022,10,CZ063,Kraj Vysočina,B02,Pásový opar [herpes zoster],66015019,15–19 let,Z,0,1
2022,10,CZ063,Kraj Vysočina,B02,Pásový opar [herpes zoster],66020024,20–24 let,M,0,1
2022,10,CZ063,Kraj Vysočina,B02,Pásový opar [herpes zoster],66020024,20–24 let,Z,0,1
2022,10,CZ063,Kraj Vysočina,B02,Pásový opar [herpes zoster],66025029,25–29 let,M,0,1
2022,10,CZ063,Kraj Vysočina,B02,Pásový opar [herpes zoster],66035039,35–39 let,M,0,1
2022,10,CZ063,Kraj Vysočina,B02,Pásový opar [herpes zoster],66045049,45–49 let,Z,0,2
2022,10,CZ063,Kraj Vysočina,B02,Pásový opar [herpes zoster],66055059,55–59 let,M,0,2
2022,10,CZ063,Kraj Vysočina,B02,Pásový opar [herpes zoster],66055059,55–59 let,Z,0,2
2022,10,CZ063,Kraj Vysočina,B02,Pásový opar [herpes zoster],66060064,60–64 let,Z,0,2
2022,10,CZ063,Kraj Vysočina,B02,Pásový opar [herpes zoster],66065069,65–69 let,M,0,1
2022,10,CZ063,Kraj Vysočina,B02,Pásový opar [herpes zoster],66070074,70–74 let,M,0,2
2022,10,CZ063,Kraj Vysočina,B02,Pásový opar [herpes zoster],66070074,70–74 let,Z,0,2
2022,10,CZ063,Kraj Vysočina,B02,Pásový opar [herpes zoster],66075999,75+ let,M,0,1
2022,10,CZ063,Kraj Vysočina,B08,Jiné virové infekce charakterizované postižením kůže a sliznic NJ,66000000,0 let,M,0,2
2022,10,CZ063,Kraj Vysočina,B08,Jiné virové infekce charakterizované postižením kůže a sliznic NJ,66000000,0 let,Z,0,2
2022,10,CZ063,Kraj Vysočina,B08,Jiné virové infekce charakterizované postižením kůže a sliznic NJ,66001004,1–4 roky,M,0,16
2022,10,CZ063,Kraj Vysočina,B08,Jiné virové infekce charakterizované postižením kůže a sliznic NJ,66001004,1–4 roky,Z,0,14
2022,10,CZ063,Kraj Vysočina,B08,Jiné virové infekce charakterizované postižením kůže a sliznic NJ,66005009,5–9 let,M,0,12
2022,10,CZ063,Kraj Vysočina,B08,Jiné virové infekce charakterizované postižením kůže a sliznic NJ,66005009,5–9 let,Z,0,9
2022,10,CZ063,Kraj Vysočina,B08,Jiné virové infekce charakterizované postižením kůže a sliznic NJ,66010014,10–14 let,M,0,1
2022,10,CZ063,Kraj Vysočina,B08,Jiné virové infekce charakterizované postižením kůže a sliznic NJ,66010014,10–14 let,Z,0,2
2022,10,CZ063,Kraj Vysočina,B08,Jiné virové infekce charakterizované postižením kůže a sliznic NJ,66025029,25–29 let,M,0,1
2022,10,CZ063,Kraj Vysočina,B18,Chronická virová hepatitida,66030034,30–34 let,M,0,1
2022,10,CZ063,Kraj Vysočina,B18,Chronická virová hepatitida,66045049,45–49 let,M,0,2
2022,10,CZ063,Kraj Vysočina,B25,Cytomegalovirová nemoc,66065069,65–69 let,M,0,1
2022,10,CZ063,Kraj Vysočina,B27,Infekční mononukleóza,66015019,15–19 let,Z,0,1
2022,10,CZ063,Kraj Vysočina,B27,Infekční mononukleóza,66025029,25–29 let,Z,0,1
2022,10,CZ063,Kraj Vysočina,B27,Infekční mononukleóza,66040044,40–44 let,M,0,1
2022,10,CZ063,Kraj Vysočina,B58,Toxoplazmóza [toxoplasmosis],66020024,20–24 let,M,0,1
2022,10,CZ063,Kraj Vysočina,B67,Echinokokóza,66075999,75+ let,Z,0,1
2022,10,CZ063,Kraj Vysočina,B77,Askarióza [ascariasis],66060064,60–64 let,Z,0,1
2022,10,CZ063,Kraj Vysočina,B80,Enterobióza [enterobiasis],66005009,5–9 let,M,0,1
2022,10,CZ063,Kraj Vysočina,B80,Enterobióza [enterobiasis],66005009,5–9 let,Z,0,1
2022,10,CZ063,Kraj Vysočina,B80,Enterobióza [enterobiasis],66010014,10–14 let,M,0,1
2022,10,CZ063,Kraj Vysočina,B80,Enterobióza [enterobiasis],66010014,10–14 let,Z,0,1
2022,10,CZ063,Kraj Vysočina,B85,"Zavšivení – pedikulóza [pediculosis], ftiriáza [phthiriasis]",66060064,60–64 let,Z,0,1
2022,10,CZ063,Kraj Vysočina,B86,Svrab [scabies],66010014,10–14 let,M,0,1
2022,10,CZ063,Kraj Vysočina,B86,Svrab [scabies],66015019,15–19 let,M,0,4
2022,10,CZ063,Kraj Vysočina,B86,Svrab [scabies],66015019,15–19 let,Z,0,4
2022,10,CZ063,Kraj Vysočina,B86,Svrab [scabies],66020024,20–24 let,Z,0,2
2022,10,CZ063,Kraj Vysočina,B86,Svrab [scabies],66025029,25–29 let,M,0,1
2022,10,CZ063,Kraj Vysočina,B86,Svrab [scabies],66030034,30–34 let,Z,0,1
2022,10,CZ063,Kraj Vysočina,B86,Svrab [scabies],66040044,40–44 let,M,0,1
2022,10,CZ063,Kraj Vysočina,B86,Svrab [scabies],66045049,45–49 let,Z,0,1
2022,10,CZ063,Kraj Vysočina,B86,Svrab [scabies],66055059,55–59 let,Z,0,1
2022,10,CZ063,Kraj Vysočina,B86,Svrab [scabies],66060064,60–64 let,Z,0,2
2022,10,CZ063,Kraj Vysočina,B86,Svrab [scabies],66065069,65–69 let,M,0,1
2022,10,CZ063,Kraj Vysočina,G00,Bakteriální zánět mozkových a míšních plen (bakter. meningitida) NJ,66060064,60–64 let,M,0,1
2022,10,CZ063,Kraj Vysočina,J13,Zánět plic‚ původce: Streptococcus pneumoniae,66020024,20–24 let,M,0,1
2022,10,CZ063,Kraj Vysočina,J13,Zánět plic‚ původce: Streptococcus pneumoniae,66055059,55–59 let,Z,0,1
2022,10,CZ063,Kraj Vysočina,J13,Zánět plic‚ původce: Streptococcus pneumoniae,66075999,75+ let,Z,0,1
2022,11,CZ063,Kraj Vysočina,A02,Jiné infekce způsobené salmonelami,66001004,1–4 roky,M,0,2
2022,11,CZ063,Kraj Vysočina,A02,Jiné infekce způsobené salmonelami,66001004,1–4 roky,Z,0,9
2022,11,CZ063,Kraj Vysočina,A02,Jiné infekce způsobené salmonelami,66005009,5–9 let,M,0,1
2022,11,CZ063,Kraj Vysočina,A02,Jiné infekce způsobené salmonelami,66005009,5–9 let,Z,0,3
2022,11,CZ063,Kraj Vysočina,A02,Jiné infekce způsobené salmonelami,66010014,10–14 let,M,0,3
2022,11,CZ063,Kraj Vysočina,A02,Jiné infekce způsobené salmonelami,66010014,10–14 let,Z,0,2
2022,11,CZ063,Kraj Vysočina,A02,Jiné infekce způsobené salmonelami,66015019,15–19 let,M,0,2
2022,11,CZ063,Kraj Vysočina,A02,Jiné infekce způsobené salmonelami,66020024,20–24 let,M,0,3
2022,11,CZ063,Kraj Vysočina,A02,Jiné infekce způsobené salmonelami,66020024,20–24 let,Z,0,2
2022,11,CZ063,Kraj Vysočina,A02,Jiné infekce způsobené salmonelami,66025029,25–29 let,M,0,1
2022,11,CZ063,Kraj Vysočina,A02,Jiné infekce způsobené salmonelami,66025029,25–29 let,Z,0,2
2022,11,CZ063,Kraj Vysočina,A02,Jiné infekce způsobené salmonelami,66030034,30–34 let,Z,0,2
2022,11,CZ063,Kraj Vysočina,A02,Jiné infekce způsobené salmonelami,66035039,35–39 let,M,0,1
2022,11,CZ063,Kraj Vysočina,A02,Jiné infekce způsobené salmonelami,66045049,45–49 let,Z,0,1
2022,11,CZ063,Kraj Vysočina,A02,Jiné infekce způsobené salmonelami,66050054,50–54 let,Z,0,3
2022,11,CZ063,Kraj Vysočina,A02,Jiné infekce způsobené salmonelami,66055059,55–59 let,M,0,1
2022,11,CZ063,Kraj Vysočina,A02,Jiné infekce způsobené salmonelami,66060064,60–64 let,M,0,1
2022,11,CZ063,Kraj Vysočina,A02,Jiné infekce způsobené salmonelami,66070074,70–74 let,M,0,2
2022,11,CZ063,Kraj Vysočina,A02,Jiné infekce způsobené salmonelami,66070074,70–74 let,Z,0,2
2022,11,CZ063,Kraj Vysočina,A02,Jiné infekce způsobené salmonelami,66075999,75+ let,M,0,1
2022,11,CZ063,Kraj Vysočina,A03,Shigelóza,66015019,15–19 let,M,0,1
2022,11,CZ063,Kraj Vysočina,A03,Shigelóza,66050054,50–54 let,M,0,1
2022,11,CZ063,Kraj Vysočina,A03,Shigelóza,66055059,55–59 let,Z,0,2
2022,11,CZ063,Kraj Vysočina,A03,Shigelóza,66060064,60–64 let,M,0,1
2022,11,CZ063,Kraj Vysočina,A04,Jiné bakteriální střevní infekce,66000000,0 let,M,0,2
2022,11,CZ063,Kraj Vysočina,A04,Jiné bakteriální střevní infekce,66000000,0 let,Z,0,2
2022,11,CZ063,Kraj Vysočina,A04,Jiné bakteriální střevní infekce,66001004,1–4 roky,M,0,9
2022,11,CZ063,Kraj Vysočina,A04,Jiné bakteriální střevní infekce,66001004,1–4 roky,Z,0,10
2022,11,CZ063,Kraj Vysočina,A04,Jiné bakteriální střevní infekce,66005009,5–9 let,M,0,3
2022,11,CZ063,Kraj Vysočina,A04,Jiné bakteriální střevní infekce,66005009,5–9 let,Z,0,2
2022,11,CZ063,Kraj Vysočina,A04,Jiné bakteriální střevní infekce,66010014,10–14 let,M,0,5
2022,11,CZ063,Kraj Vysočina,A04,Jiné bakteriální střevní infekce,66010014,10–14 let,Z,0,4
2022,11,CZ063,Kraj Vysočina,A04,Jiné bakteriální střevní infekce,66015019,15–19 let,M,0,2
2022,11,CZ063,Kraj Vysočina,A04,Jiné bakteriální střevní infekce,66015019,15–19 let,Z,0,1
2022,11,CZ063,Kraj Vysočina,A04,Jiné bakteriální střevní infekce,66020024,20–24 let,M,0,4
2022,11,CZ063,Kraj Vysočina,A04,Jiné bakteriální střevní infekce,66025029,25–29 let,M,0,6
2022,11,CZ063,Kraj Vysočina,A04,Jiné bakteriální střevní infekce,66025029,25–29 let,Z,0,1
2022,11,CZ063,Kraj Vysočina,A04,Jiné bakteriální střevní infekce,66030034,30–34 let,M,0,2
2022,11,CZ063,Kraj Vysočina,A04,Jiné bakteriální střevní infekce,66030034,30–34 let,Z,0,3
2022,11,CZ063,Kraj Vysočina,A04,Jiné bakteriální střevní infekce,66035039,35–39 let,M,0,3
2022,11,CZ063,Kraj Vysočina,A04,Jiné bakteriální střevní infekce,66035039,35–39 let,Z,0,2
2022,11,CZ063,Kraj Vysočina,A04,Jiné bakteriální střevní infekce,66040044,40–44 let,M,0,4
2022,11,CZ063,Kraj Vysočina,A04,Jiné bakteriální střevní infekce,66040044,40–44 let,Z,0,2
2022,11,CZ063,Kraj Vysočina,A04,Jiné bakteriální střevní infekce,66045049,45–49 let,M,0,1
2022,11,CZ063,Kraj Vysočina,A04,Jiné bakteriální střevní infekce,66050054,50–54 let,M,0,1
2022,11,CZ063,Kraj Vysočina,A04,Jiné bakteriální střevní infekce,66050054,50–54 let,Z,0,1
2022,11,CZ063,Kraj Vysočina,A04,Jiné bakteriální střevní infekce,66055059,55–59 let,M,0,1
2022,11,CZ063,Kraj Vysočina,A04,Jiné bakteriální střevní infekce,66055059,55–59 let,Z,0,1
2022,11,CZ063,Kraj Vysočina,A04,Jiné bakteriální střevní infekce,66060064,60–64 let,Z,0,4
2022,11,CZ063,Kraj Vysočina,A04,Jiné bakteriální střevní infekce,66070074,70–74 let,M,0,3
2022,11,CZ063,Kraj Vysočina,A04,Jiné bakteriální střevní infekce,66070074,70–74 let,Z,0,4
2022,11,CZ063,Kraj Vysočina,A04,Jiné bakteriální střevní infekce,66075999,75+ let,M,0,10
2022,11,CZ063,Kraj Vysočina,A04,Jiné bakteriální střevní infekce,66075999,75+ let,Z,0,14
2022,11,CZ063,Kraj Vysočina,A08,Střevní infekce viry a jinými určenými mikroorganismy,66000000,0 let,M,0,1
2022,11,CZ063,Kraj Vysočina,A08,Střevní infekce viry a jinými určenými mikroorganismy,66000000,0 let,Z,0,2
2022,11,CZ063,Kraj Vysočina,A08,Střevní infekce viry a jinými určenými mikroorganismy,66001004,1–4 roky,M,0,3
2022,11,CZ063,Kraj Vysočina,A08,Střevní infekce viry a jinými určenými mikroorganismy,66001004,1–4 roky,Z,0,1
2022,11,CZ063,Kraj Vysočina,A08,Střevní infekce viry a jinými určenými mikroorganismy,66005009,5–9 let,M,0,1
2022,11,CZ063,Kraj Vysočina,A08,Střevní infekce viry a jinými určenými mikroorganismy,66005009,5–9 let,Z,0,1
2022,11,CZ063,Kraj Vysočina,A08,Střevní infekce viry a jinými určenými mikroorganismy,66040044,40–44 let,M,0,1
2022,11,CZ063,Kraj Vysočina,A08,Střevní infekce viry a jinými určenými mikroorganismy,66075999,75+ let,M,0,1
2022,11,CZ063,Kraj Vysočina,A09,Jiná gastroenteritida a kolitida infekčního a NS původu,66005009,5–9 let,M,0,2
2022,11,CZ063,Kraj Vysočina,A32,Listerióza [listeriosis],66075999,75+ let,Z,0,1
2022,11,CZ063,Kraj Vysočina,A38,Spála [scarlatina],66001004,1–4 roky,Z,0,4
2022,11,CZ063,Kraj Vysočina,A38,Spála [scarlatina],66005009,5–9 let,M,0,2
2022,11,CZ063,Kraj Vysočina,A38,Spála [scarlatina],66005009,5–9 let,Z,0,3
2022,11,CZ063,Kraj Vysočina,A38,Spála [scarlatina],66010014,10–14 let,M,0,1
2022,11,CZ063,Kraj Vysočina,A38,Spála [scarlatina],66015019,15–19 let,Z,0,1
2022,11,CZ063,Kraj Vysočina,A40,Streptokoková sepse,66055059,55–59 let,Z,0,1
2022,11,CZ063,Kraj Vysočina,A40,Streptokoková sepse,66060064,60–64 let,M,0,1
2022,11,CZ063,Kraj Vysočina,A41,Jiná sepse,66055059,55–59 let,M,0,2
2022,11,CZ063,Kraj Vysočina,A41,Jiná sepse,66060064,60–64 let,M,0,1
2022,11,CZ063,Kraj Vysočina,A41,Jiná sepse,66065069,65–69 let,M,0,1
2022,11,CZ063,Kraj Vysočina,A41,Jiná sepse,66065069,65–69 let,Z,0,1
2022,11,CZ063,Kraj Vysočina,A41,Jiná sepse,66070074,70–74 let,M,0,5
2022,11,CZ063,Kraj Vysočina,A41,Jiná sepse,66070074,70–74 let,Z,0,1
2022,11,CZ063,Kraj Vysočina,A41,Jiná sepse,66075999,75+ let,M,0,5
2022,11,CZ063,Kraj Vysočina,A41,Jiná sepse,66075999,75+ let,Z,0,3
2022,11,CZ063,Kraj Vysočina,A46,Růže – erysipel,66035039,35–39 let,M,0,1
2022,11,CZ063,Kraj Vysočina,A46,Růže – erysipel,66050054,50–54 let,M,0,1
2022,11,CZ063,Kraj Vysočina,A46,Růže – erysipel,66050054,50–54 let,Z,0,1
2022,11,CZ063,Kraj Vysočina,A46,Růže – erysipel,66055059,55–59 let,M,0,2
2022,11,CZ063,Kraj Vysočina,A46,Růže – erysipel,66065069,65–69 let,M,0,2
2022,11,CZ063,Kraj Vysočina,A46,Růže – erysipel,66070074,70–74 let,M,0,2
2022,11,CZ063,Kraj Vysočina,A46,Růže – erysipel,66070074,70–74 let,Z,0,1
2022,11,CZ063,Kraj Vysočina,A46,Růže – erysipel,66075999,75+ let,M,0,3
2022,11,CZ063,Kraj Vysočina,A46,Růže – erysipel,66075999,75+ let,Z,0,3
2022,11,CZ063,Kraj Vysočina,A48,Jiné bakteriální nemoci nezařazené jinde,66055059,55–59 let,M,0,1
2022,11,CZ063,Kraj Vysočina,A48,Jiné bakteriální nemoci nezařazené jinde,66075999,75+ let,M,0,1
2022,11,CZ063,Kraj Vysočina,A56,Jiná chlamydiová onemocnění přenášená pohlavním stykem,66020024,20–24 let,Z,0,1
2022,11,CZ063,Kraj Vysočina,A56,Jiná chlamydiová onemocnění přenášená pohlavním stykem,66035039,35–39 let,Z,0,1
2022,11,CZ063,Kraj Vysočina,A69,Jiné spirochetové infekce,66001004,1–4 roky,Z,0,1
2022,11,CZ063,Kraj Vysočina,A69,Jiné spirochetové infekce,66005009,5–9 let,M,0,3
2022,11,CZ063,Kraj Vysočina,A69,Jiné spirochetové infekce,66005009,5–9 let,Z,0,2
2022,11,CZ063,Kraj Vysočina,A69,Jiné spirochetové infekce,66015019,15–19 let,Z,0,1
2022,11,CZ063,Kraj Vysočina,A69,Jiné spirochetové infekce,66020024,20–24 let,M,0,2
2022,11,CZ063,Kraj Vysočina,A69,Jiné spirochetové infekce,66025029,25–29 let,M,0,2
2022,11,CZ063,Kraj Vysočina,A69,Jiné spirochetové infekce,66025029,25–29 let,Z,0,2
2022,11,CZ063,Kraj Vysočina,A69,Jiné spirochetové infekce,66030034,30–34 let,M,0,2
2022,11,CZ063,Kraj Vysočina,A69,Jiné spirochetové infekce,66030034,30–34 let,Z,0,5
2022,11,CZ063,Kraj Vysočina,A69,Jiné spirochetové infekce,66040044,40–44 let,M,0,6
2022,11,CZ063,Kraj Vysočina,A69,Jiné spirochetové infekce,66040044,40–44 let,Z,0,3
2022,11,CZ063,Kraj Vysočina,A69,Jiné spirochetové infekce,66045049,45–49 let,M,0,5
2022,11,CZ063,Kraj Vysočina,A69,Jiné spirochetové infekce,66045049,45–49 let,Z,0,4
2022,11,CZ063,Kraj Vysočina,A69,Jiné spirochetové infekce,66050054,50–54 let,M,0,2
2022,11,CZ063,Kraj Vysočina,A69,Jiné spirochetové infekce,66050054,50–54 let,Z,0,3
2022,11,CZ063,Kraj Vysočina,A69,Jiné spirochetové infekce,66055059,55–59 let,M,0,2
2022,11,CZ063,Kraj Vysočina,A69,Jiné spirochetové infekce,66055059,55–59 let,Z,0,8
2022,11,CZ063,Kraj Vysočina,A69,Jiné spirochetové infekce,66060064,60–64 let,M,0,2
2022,11,CZ063,Kraj Vysočina,A69,Jiné spirochetové infekce,66060064,60–64 let,Z,0,5
2022,11,CZ063,Kraj Vysočina,A69,Jiné spirochetové infekce,66065069,65–69 let,M,0,6
2022,11,CZ063,Kraj Vysočina,A69,Jiné spirochetové infekce,66065069,65–69 let,Z,0,7
2022,11,CZ063,Kraj Vysočina,A69,Jiné spirochetové infekce,66070074,70–74 let,M,0,1
2022,11,CZ063,Kraj Vysočina,A69,Jiné spirochetové infekce,66070074,70–74 let,Z,0,8
2022,11,CZ063,Kraj Vysočina,A69,Jiné spirochetové infekce,66075999,75+ let,M,0,1
2022,11,CZ063,Kraj Vysočina,A69,Jiné spirochetové infekce,66075999,75+ let,Z,0,5
2022,11,CZ063,Kraj Vysočina,A84,Virová encefalitida přenášená klíšťaty,66005009,5–9 let,Z,0,1
2022,11,CZ063,Kraj Vysočina,A84,Virová encefalitida přenášená klíšťaty,66010014,10–14 let,Z,0,1
2022,11,CZ063,Kraj Vysočina,A84,Virová encefalitida přenášená klíšťaty,66025029,25–29 let,M,0,1
2022,11,CZ063,Kraj Vysočina,A84,Virová encefalitida přenášená klíšťaty,66025029,25–29 let,Z,0,1
2022,11,CZ063,Kraj Vysočina,A84,Virová encefalitida přenášená klíšťaty,66030034,30–34 let,M,0,1
2022,11,CZ063,Kraj Vysočina,A84,Virová encefalitida přenášená klíšťaty,66040044,40–44 let,M,0,2
2022,11,CZ063,Kraj Vysočina,A84,Virová encefalitida přenášená klíšťaty,66045049,45–49 let,Z,0,2
2022,11,CZ063,Kraj Vysočina,A84,Virová encefalitida přenášená klíšťaty,66050054,50–54 let,Z,0,1
2022,11,CZ063,Kraj Vysočina,A84,Virová encefalitida přenášená klíšťaty,66055059,55–59 let,Z,0,1
2022,11,CZ063,Kraj Vysočina,A84,Virová encefalitida přenášená klíšťaty,66070074,70–74 let,M,0,1
2022,11,CZ063,Kraj Vysočina,A84,Virová encefalitida přenášená klíšťaty,66075999,75+ let,M,0,1
2022,11,CZ063,Kraj Vysočina,A87,Virová meningitida,66001004,1–4 roky,Z,0,1
2022,11,CZ063,Kraj Vysočina,B01,Plané neštovice [varicella],66000000,0 let,M,0,3
2022,11,CZ063,Kraj Vysočina,B01,Plané neštovice [varicella],66000000,0 let,Z,0,1
2022,11,CZ063,Kraj Vysočina,B01,Plané neštovice [varicella],66001004,1–4 roky,M,0,21
2022,11,CZ063,Kraj Vysočina,B01,Plané neštovice [varicella],66001004,1–4 roky,Z,0,31
2022,11,CZ063,Kraj Vysočina,B01,Plané neštovice [varicella],66005009,5–9 let,M,0,46
2022,11,CZ063,Kraj Vysočina,B01,Plané neštovice [varicella],66005009,5–9 let,Z,0,31
2022,11,CZ063,Kraj Vysočina,B01,Plané neštovice [varicella],66010014,10–14 let,M,0,8
2022,11,CZ063,Kraj Vysočina,B01,Plané neštovice [varicella],66010014,10–14 let,Z,0,3
2022,11,CZ063,Kraj Vysočina,B01,Plané neštovice [varicella],66015019,15–19 let,Z,0,1
2022,11,CZ063,Kraj Vysočina,B01,Plané neštovice [varicella],66020024,20–24 let,M,0,1
2022,11,CZ063,Kraj Vysočina,B02,Pásový opar [herpes zoster],66010014,10–14 let,Z,0,1
2022,11,CZ063,Kraj Vysočina,B02,Pásový opar [herpes zoster],66015019,15–19 let,M,0,1
2022,11,CZ063,Kraj Vysočina,B02,Pásový opar [herpes zoster],66015019,15–19 let,Z,0,1
2022,11,CZ063,Kraj Vysočina,B02,Pásový opar [herpes zoster],66025029,25–29 let,M,0,2
2022,11,CZ063,Kraj Vysočina,B02,Pásový opar [herpes zoster],66025029,25–29 let,Z,0,1
2022,11,CZ063,Kraj Vysočina,B02,Pásový opar [herpes zoster],66030034,30–34 let,M,0,3
2022,11,CZ063,Kraj Vysočina,B02,Pásový opar [herpes zoster],66050054,50–54 let,M,0,5
2022,11,CZ063,Kraj Vysočina,B02,Pásový opar [herpes zoster],66050054,50–54 let,Z,0,1
2022,11,CZ063,Kraj Vysočina,B02,Pásový opar [herpes zoster],66055059,55–59 let,M,0,1
2022,11,CZ063,Kraj Vysočina,B02,Pásový opar [herpes zoster],66055059,55–59 let,Z,0,1
2022,11,CZ063,Kraj Vysočina,B02,Pásový opar [herpes zoster],66060064,60–64 let,M,0,2
2022,11,CZ063,Kraj Vysočina,B02,Pásový opar [herpes zoster],66060064,60–64 let,Z,0,1
2022,5,CZ080,Moravskoslezský kraj,A46,Růže – erysipel,66070074,70–74 let,M,0,1
2022,5,CZ080,Moravskoslezský kraj,A46,Růže – erysipel,66070074,70–74 let,Z,0,1
2022,5,CZ080,Moravskoslezský kraj,A46,Růže – erysipel,66075999,75+ let,M,0,2
2022,5,CZ080,Moravskoslezský kraj,A46,Růže – erysipel,66075999,75+ let,Z,0,1
2022,5,CZ080,Moravskoslezský kraj,A48,Jiné bakteriální nemoci nezařazené jinde,66035039,35–39 let,M,0,1
2022,5,CZ080,Moravskoslezský kraj,A56,Jiná chlamydiová onemocnění přenášená pohlavním stykem,66020024,20–24 let,M,0,2
2022,5,CZ080,Moravskoslezský kraj,A56,Jiná chlamydiová onemocnění přenášená pohlavním stykem,66025029,25–29 let,Z,0,1
2022,5,CZ080,Moravskoslezský kraj,A56,Jiná chlamydiová onemocnění přenášená pohlavním stykem,66030034,30–34 let,M,0,1
2022,5,CZ080,Moravskoslezský kraj,A56,Jiná chlamydiová onemocnění přenášená pohlavním stykem,66040044,40–44 let,M,0,1
2022,5,CZ080,Moravskoslezský kraj,A69,Jiné spirochetové infekce,66005009,5–9 let,Z,0,1
2022,5,CZ080,Moravskoslezský kraj,A69,Jiné spirochetové infekce,66010014,10–14 let,Z,0,1
2022,5,CZ080,Moravskoslezský kraj,A69,Jiné spirochetové infekce,66015019,15–19 let,Z,0,1
2022,5,CZ080,Moravskoslezský kraj,A69,Jiné spirochetové infekce,66040044,40–44 let,Z,0,1
2022,5,CZ080,Moravskoslezský kraj,A69,Jiné spirochetové infekce,66055059,55–59 let,Z,0,1
2022,5,CZ080,Moravskoslezský kraj,A69,Jiné spirochetové infekce,66060064,60–64 let,M,0,1
2022,5,CZ080,Moravskoslezský kraj,A69,Jiné spirochetové infekce,66065069,65–69 let,M,0,1
2022,5,CZ080,Moravskoslezský kraj,A69,Jiné spirochetové infekce,66065069,65–69 let,Z,0,1
2022,5,CZ080,Moravskoslezský kraj,A69,Jiné spirochetové infekce,66070074,70–74 let,M,0,1
2022,5,CZ080,Moravskoslezský kraj,A86,Neurčená virová encefalitida,66030034,30–34 let,M,0,1
2022,5,CZ080,Moravskoslezský kraj,A87,Virová meningitida,66030034,30–34 let,M,0,1
2022,5,CZ080,Moravskoslezský kraj,A87,Virová meningitida,66050054,50–54 let,Z,0,1
2022,5,CZ080,Moravskoslezský kraj,B00,Infekce virem Herpes simplex,66015019,15–19 let,Z,0,1
2022,5,CZ080,Moravskoslezský kraj,B00,Infekce virem Herpes simplex,66025029,25–29 let,M,0,1
2022,5,CZ080,Moravskoslezský kraj,B01,Plané neštovice [varicella],66000000,0 let,M,0,15
2022,5,CZ080,Moravskoslezský kraj,B01,Plané neštovice [varicella],66000000,0 let,Z,0,24
2022,5,CZ080,Moravskoslezský kraj,B01,Plané neštovice [varicella],66001004,1–4 roky,M,0,348
2022,5,CZ080,Moravskoslezský kraj,B01,Plané neštovice [varicella],66001004,1–4 roky,Z,0,341
2022,5,CZ080,Moravskoslezský kraj,B01,Plané neštovice [varicella],66005009,5–9 let,M,0,365
2022,5,CZ080,Moravskoslezský kraj,B01,Plané neštovice [varicella],66005009,5–9 let,Z,0,351
2022,5,CZ080,Moravskoslezský kraj,B01,Plané neštovice [varicella],66010014,10–14 let,M,0,56
2022,5,CZ080,Moravskoslezský kraj,B01,Plané neštovice [varicella],66010014,10–14 let,Z,0,48
2022,5,CZ080,Moravskoslezský kraj,B01,Plané neštovice [varicella],66015019,15–19 let,M,0,11
2022,5,CZ080,Moravskoslezský kraj,B01,Plané neštovice [varicella],66015019,15–19 let,Z,0,6
2022,5,CZ080,Moravskoslezský kraj,B01,Plané neštovice [varicella],66020024,20–24 let,M,0,1
2022,5,CZ080,Moravskoslezský kraj,B01,Plané neštovice [varicella],66020024,20–24 let,Z,0,1
2022,5,CZ080,Moravskoslezský kraj,B01,Plané neštovice [varicella],66030034,30–34 let,M,0,1
2022,5,CZ080,Moravskoslezský kraj,B01,Plané neštovice [varicella],66035039,35–39 let,Z,0,2
2022,5,CZ080,Moravskoslezský kraj,B01,Plané neštovice [varicella],66040044,40–44 let,M,0,1
2022,5,CZ080,Moravskoslezský kraj,B02,Pásový opar [herpes zoster],66005009,5–9 let,M,0,1
2022,5,CZ080,Moravskoslezský kraj,B02,Pásový opar [herpes zoster],66005009,5–9 let,Z,0,1
2022,5,CZ080,Moravskoslezský kraj,B02,Pásový opar [herpes zoster],66010014,10–14 let,Z,0,2
2022,5,CZ080,Moravskoslezský kraj,B02,Pásový opar [herpes zoster],66015019,15–19 let,Z,0,1
2022,5,CZ080,Moravskoslezský kraj,B02,Pásový opar [herpes zoster],66030034,30–34 let,M,0,1
2022,5,CZ080,Moravskoslezský kraj,B02,Pásový opar [herpes zoster],66045049,45–49 let,Z,0,2
2022,5,CZ080,Moravskoslezský kraj,B02,Pásový opar [herpes zoster],66050054,50–54 let,M,0,1
2022,5,CZ080,Moravskoslezský kraj,B02,Pásový opar [herpes zoster],66055059,55–59 let,Z,0,2
2022,5,CZ080,Moravskoslezský kraj,B02,Pásový opar [herpes zoster],66060064,60–64 let,M,0,1
2022,5,CZ080,Moravskoslezský kraj,B02,Pásový opar [herpes zoster],66060064,60–64 let,Z,0,1
2022,5,CZ080,Moravskoslezský kraj,B02,Pásový opar [herpes zoster],66065069,65–69 let,Z,0,1
2022,5,CZ080,Moravskoslezský kraj,B02,Pásový opar [herpes zoster],66070074,70–74 let,M,0,2
2022,5,CZ080,Moravskoslezský kraj,B02,Pásový opar [herpes zoster],66070074,70–74 let,Z,0,3
2022,5,CZ080,Moravskoslezský kraj,B02,Pásový opar [herpes zoster],66075999,75+ let,M,0,2
2022,5,CZ080,Moravskoslezský kraj,B02,Pásový opar [herpes zoster],66075999,75+ let,Z,0,9
2022,5,CZ080,Moravskoslezský kraj,B08,Jiné virové infekce charakterizované postižením kůže a sliznic NJ,66000000,0 let,M,0,2
2022,5,CZ080,Moravskoslezský kraj,B08,Jiné virové infekce charakterizované postižením kůže a sliznic NJ,66001004,1–4 roky,M,0,1
2022,5,CZ080,Moravskoslezský kraj,B08,Jiné virové infekce charakterizované postižením kůže a sliznic NJ,66001004,1–4 roky,Z,0,2
2022,5,CZ080,Moravskoslezský kraj,B08,Jiné virové infekce charakterizované postižením kůže a sliznic NJ,66005009,5–9 let,M,0,1
2022,5,CZ080,Moravskoslezský kraj,B08,Jiné virové infekce charakterizované postižením kůže a sliznic NJ,66005009,5–9 let,Z,0,1
2022,5,CZ080,Moravskoslezský kraj,B15,Akutní hepatitida A,66055059,55–59 let,M,0,1
2022,5,CZ080,Moravskoslezský kraj,B17,Jiná akutní virová hepatitida,66045049,45–49 let,M,0,1
2022,5,CZ080,Moravskoslezský kraj,B17,Jiná akutní virová hepatitida,66065069,65–69 let,M,0,1
2022,5,CZ080,Moravskoslezský kraj,B18,Chronická virová hepatitida,66030034,30–34 let,Z,0,1
2022,5,CZ080,Moravskoslezský kraj,B18,Chronická virová hepatitida,66035039,35–39 let,M,0,2
2022,5,CZ080,Moravskoslezský kraj,B18,Chronická virová hepatitida,66040044,40–44 let,M,0,2
2022,5,CZ080,Moravskoslezský kraj,B18,Chronická virová hepatitida,66055059,55–59 let,M,0,1
2022,5,CZ080,Moravskoslezský kraj,B27,Infekční mononukleóza,66010014,10–14 let,Z,0,1
2022,5,CZ080,Moravskoslezský kraj,B27,Infekční mononukleóza,66015019,15–19 let,Z,0,1
2022,5,CZ080,Moravskoslezský kraj,B27,Infekční mononukleóza,66020024,20–24 let,Z,0,1
2022,5,CZ080,Moravskoslezský kraj,B27,Infekční mononukleóza,66025029,25–29 let,M,0,1
2022,5,CZ080,Moravskoslezský kraj,B80,Enterobióza [enterobiasis],66005009,5–9 let,M,0,1
2022,5,CZ080,Moravskoslezský kraj,B80,Enterobióza [enterobiasis],66005009,5–9 let,Z,0,1
2022,5,CZ080,Moravskoslezský kraj,B80,Enterobióza [enterobiasis],66010014,10–14 let,M,0,1
2022,5,CZ080,Moravskoslezský kraj,B80,Enterobióza [enterobiasis],66010014,10–14 let,Z,0,2
2022,5,CZ080,Moravskoslezský kraj,B80,Enterobióza [enterobiasis],66015019,15–19 let,M,0,2
2022,5,CZ080,Moravskoslezský kraj,B80,Enterobióza [enterobiasis],66060064,60–64 let,Z,0,1
2022,5,CZ080,Moravskoslezský kraj,B80,Enterobióza [enterobiasis],66070074,70–74 let,M,0,1
2022,5,CZ080,Moravskoslezský kraj,B86,Svrab [scabies],66000000,0 let,M,0,1
2022,5,CZ080,Moravskoslezský kraj,B86,Svrab [scabies],66000000,0 let,Z,0,1
2022,5,CZ080,Moravskoslezský kraj,B86,Svrab [scabies],66001004,1–4 roky,M,0,1
2022,5,CZ080,Moravskoslezský kraj,B86,Svrab [scabies],66001004,1–4 roky,Z,0,2
2022,5,CZ080,Moravskoslezský kraj,B86,Svrab [scabies],66005009,5–9 let,M,0,3
2022,5,CZ080,Moravskoslezský kraj,B86,Svrab [scabies],66010014,10–14 let,M,0,1
2022,5,CZ080,Moravskoslezský kraj,B86,Svrab [scabies],66010014,10–14 let,Z,0,2
2022,5,CZ080,Moravskoslezský kraj,B86,Svrab [scabies],66015019,15–19 let,M,0,4
2022,5,CZ080,Moravskoslezský kraj,B86,Svrab [scabies],66015019,15–19 let,Z,0,7
2022,5,CZ080,Moravskoslezský kraj,B86,Svrab [scabies],66020024,20–24 let,M,0,3
2022,5,CZ080,Moravskoslezský kraj,B86,Svrab [scabies],66020024,20–24 let,Z,0,3
2022,5,CZ080,Moravskoslezský kraj,B86,Svrab [scabies],66025029,25–29 let,M,0,1
2022,5,CZ080,Moravskoslezský kraj,B86,Svrab [scabies],66025029,25–29 let,Z,0,1
2022,5,CZ080,Moravskoslezský kraj,B86,Svrab [scabies],66030034,30–34 let,Z,0,1
2022,5,CZ080,Moravskoslezský kraj,B86,Svrab [scabies],66040044,40–44 let,M,0,1
2022,5,CZ080,Moravskoslezský kraj,B86,Svrab [scabies],66040044,40–44 let,Z,0,1
2022,5,CZ080,Moravskoslezský kraj,B86,Svrab [scabies],66045049,45–49 let,Z,0,1
2022,5,CZ080,Moravskoslezský kraj,B86,Svrab [scabies],66055059,55–59 let,M,0,1
2022,5,CZ080,Moravskoslezský kraj,B86,Svrab [scabies],66060064,60–64 let,M,0,1
2022,5,CZ080,Moravskoslezský kraj,B86,Svrab [scabies],66060064,60–64 let,Z,0,1
2022,5,CZ080,Moravskoslezský kraj,B86,Svrab [scabies],66065069,65–69 let,M,0,1
2022,5,CZ080,Moravskoslezský kraj,B86,Svrab [scabies],66075999,75+ let,M,0,1
2022,5,CZ080,Moravskoslezský kraj,G00,Bakteriální zánět mozkových a míšních plen (bakter. meningitida) NJ,66040044,40–44 let,M,0,1
2022,5,CZ080,Moravskoslezský kraj,G00,Bakteriální zánět mozkových a míšních plen (bakter. meningitida) NJ,66055059,55–59 let,Z,0,2
2022,5,CZ080,Moravskoslezský kraj,G00,Bakteriální zánět mozkových a míšních plen (bakter. meningitida) NJ,66060064,60–64 let,M,0,1
2022,5,CZ080,Moravskoslezský kraj,G00,Bakteriální zánět mozkových a míšních plen (bakter. meningitida) NJ,66060064,60–64 let,Z,0,1
2022,5,CZ080,Moravskoslezský kraj,W54,Kousnutí nebo úder psem,66040044,40–44 let,M,0,1
2022,5,CZ080,Moravskoslezský kraj,W54,Kousnutí nebo úder psem,66045049,45–49 let,M,0,1
2022,5,CZ080,Moravskoslezský kraj,W54,Kousnutí nebo úder psem,66045049,45–49 let,Z,0,1
2022,5,CZ080,Moravskoslezský kraj,W54,Kousnutí nebo úder psem,66060064,60–64 let,M,0,1
2022,6,CZ080,Moravskoslezský kraj,A02,Jiné infekce způsobené salmonelami,66000000,0 let,M,0,3
2022,6,CZ080,Moravskoslezský kraj,A02,Jiné infekce způsobené salmonelami,66001004,1–4 roky,M,0,6
2022,6,CZ080,Moravskoslezský kraj,A02,Jiné infekce způsobené salmonelami,66001004,1–4 roky,Z,0,12
2022,6,CZ080,Moravskoslezský kraj,A02,Jiné infekce způsobené salmonelami,66005009,5–9 let,M,0,9
2022,6,CZ080,Moravskoslezský kraj,A02,Jiné infekce způsobené salmonelami,66005009,5–9 let,Z,0,10
2022,6,CZ080,Moravskoslezský kraj,A02,Jiné infekce způsobené salmonelami,66010014,10–14 let,M,0,7
2022,6,CZ080,Moravskoslezský kraj,A02,Jiné infekce způsobené salmonelami,66010014,10–14 let,Z,0,3
2022,6,CZ080,Moravskoslezský kraj,A02,Jiné infekce způsobené salmonelami,66015019,15–19 let,M,0,8
2022,6,CZ080,Moravskoslezský kraj,A02,Jiné infekce způsobené salmonelami,66015019,15–19 let,Z,0,4
2022,6,CZ080,Moravskoslezský kraj,A02,Jiné infekce způsobené salmonelami,66020024,20–24 let,Z,0,2
2022,6,CZ080,Moravskoslezský kraj,A02,Jiné infekce způsobené salmonelami,66025029,25–29 let,M,0,2
2022,6,CZ080,Moravskoslezský kraj,A02,Jiné infekce způsobené salmonelami,66025029,25–29 let,Z,0,2
2022,6,CZ080,Moravskoslezský kraj,A02,Jiné infekce způsobené salmonelami,66030034,30–34 let,M,0,2
2022,6,CZ080,Moravskoslezský kraj,A02,Jiné infekce způsobené salmonelami,66035039,35–39 let,M,0,4
2022,6,CZ080,Moravskoslezský kraj,A02,Jiné infekce způsobené salmonelami,66035039,35–39 let,Z,0,1
2022,6,CZ080,Moravskoslezský kraj,A02,Jiné infekce způsobené salmonelami,66040044,40–44 let,Z,0,4
2022,6,CZ080,Moravskoslezský kraj,A02,Jiné infekce způsobené salmonelami,66045049,45–49 let,M,0,1
2022,6,CZ080,Moravskoslezský kraj,A02,Jiné infekce způsobené salmonelami,66045049,45–49 let,Z,0,3
2022,6,CZ080,Moravskoslezský kraj,A02,Jiné infekce způsobené salmonelami,66050054,50–54 let,M,0,2
2022,6,CZ080,Moravskoslezský kraj,A02,Jiné infekce způsobené salmonelami,66050054,50–54 let,Z,0,1
2022,6,CZ080,Moravskoslezský kraj,A02,Jiné infekce způsobené salmonelami,66055059,55–59 let,M,0,3
2022,6,CZ080,Moravskoslezský kraj,A02,Jiné infekce způsobené salmonelami,66055059,55–59 let,Z,0,3
2022,6,CZ080,Moravskoslezský kraj,A02,Jiné infekce způsobené salmonelami,66060064,60–64 let,M,0,2
2022,6,CZ080,Moravskoslezský kraj,A02,Jiné infekce způsobené salmonelami,66060064,60–64 let,Z,0,4
2022,6,CZ080,Moravskoslezský kraj,A02,Jiné infekce způsobené salmonelami,66065069,65–69 let,M,0,4
2022,6,CZ080,Moravskoslezský kraj,A02,Jiné infekce způsobené salmonelami,66065069,65–69 let,Z,0,1
2022,6,CZ080,Moravskoslezský kraj,A02,Jiné infekce způsobené salmonelami,66070074,70–74 let,M,0,1
2022,6,CZ080,Moravskoslezský kraj,A02,Jiné infekce způsobené salmonelami,66070074,70–74 let,Z,0,2
2022,6,CZ080,Moravskoslezský kraj,A02,Jiné infekce způsobené salmonelami,66075999,75+ let,M,0,1
2022,6,CZ080,Moravskoslezský kraj,A02,Jiné infekce způsobené salmonelami,66075999,75+ let,Z,0,12
2022,6,CZ080,Moravskoslezský kraj,A04,Jiné bakteriální střevní infekce,66000000,0 let,M,0,14
2022,6,CZ080,Moravskoslezský kraj,A04,Jiné bakteriální střevní infekce,66000000,0 let,Z,0,17
2022,6,CZ080,Moravskoslezský kraj,A04,Jiné bakteriální střevní infekce,66001004,1–4 roky,M,0,50
2022,6,CZ080,Moravskoslezský kraj,A04,Jiné bakteriální střevní infekce,66001004,1–4 roky,Z,0,39
2022,6,CZ080,Moravskoslezský kraj,A04,Jiné bakteriální střevní infekce,66005009,5–9 let,M,0,16
2022,6,CZ080,Moravskoslezský kraj,A04,Jiné bakteriální střevní infekce,66005009,5–9 let,Z,0,12
2022,6,CZ080,Moravskoslezský kraj,A04,Jiné bakteriální střevní infekce,66010014,10–14 let,M,0,12
2022,6,CZ080,Moravskoslezský kraj,A04,Jiné bakteriální střevní infekce,66010014,10–14 let,Z,0,7
2022,6,CZ080,Moravskoslezský kraj,A04,Jiné bakteriální střevní infekce,66015019,15–19 let,M,0,16
2022,6,CZ080,Moravskoslezský kraj,A04,Jiné bakteriální střevní infekce,66015019,15–19 let,Z,0,10
2022,6,CZ080,Moravskoslezský kraj,A04,Jiné bakteriální střevní infekce,66020024,20–24 let,M,0,15
2022,6,CZ080,Moravskoslezský kraj,A04,Jiné bakteriální střevní infekce,66020024,20–24 let,Z,0,9
2022,6,CZ080,Moravskoslezský kraj,A04,Jiné bakteriální střevní infekce,66025029,25–29 let,M,0,13
2022,6,CZ080,Moravskoslezský kraj,A04,Jiné bakteriální střevní infekce,66025029,25–29 let,Z,0,4
2022,6,CZ080,Moravskoslezský kraj,A04,Jiné bakteriální střevní infekce,66030034,30–34 let,M,0,13
2022,6,CZ080,Moravskoslezský kraj,A04,Jiné bakteriální střevní infekce,66030034,30–34 let,Z,0,5
2022,6,CZ080,Moravskoslezský kraj,A04,Jiné bakteriální střevní infekce,66035039,35–39 let,M,0,5
2022,6,CZ080,Moravskoslezský kraj,A04,Jiné bakteriální střevní infekce,66035039,35–39 let,Z,0,5
2022,6,CZ080,Moravskoslezský kraj,A04,Jiné bakteriální střevní infekce,66040044,40–44 let,M,0,10
2022,6,CZ080,Moravskoslezský kraj,A04,Jiné bakteriální střevní infekce,66040044,40–44 let,Z,0,7
2022,6,CZ080,Moravskoslezský kraj,A04,Jiné bakteriální střevní infekce,66045049,45–49 let,M,0,15
2022,6,CZ080,Moravskoslezský kraj,A04,Jiné bakteriální střevní infekce,66045049,45–49 let,Z,0,9
2022,6,CZ080,Moravskoslezský kraj,A04,Jiné bakteriální střevní infekce,66050054,50–54 let,M,0,8
2022,6,CZ080,Moravskoslezský kraj,A04,Jiné bakteriální střevní infekce,66050054,50–54 let,Z,0,5
2022,6,CZ080,Moravskoslezský kraj,A04,Jiné bakteriální střevní infekce,66055059,55–59 let,M,0,9
2022,6,CZ080,Moravskoslezský kraj,A04,Jiné bakteriální střevní infekce,66055059,55–59 let,Z,0,5
2022,6,CZ080,Moravskoslezský kraj,A04,Jiné bakteriální střevní infekce,66060064,60–64 let,M,0,4
2022,6,CZ080,Moravskoslezský kraj,A04,Jiné bakteriální střevní infekce,66060064,60–64 let,Z,0,2
2022,6,CZ080,Moravskoslezský kraj,A04,Jiné bakteriální střevní infekce,66065069,65–69 let,M,0,12
2022,6,CZ080,Moravskoslezský kraj,A04,Jiné bakteriální střevní infekce,66065069,65–69 let,Z,0,12
2022,6,CZ080,Moravskoslezský kraj,A04,Jiné bakteriální střevní infekce,66070074,70–74 let,M,0,13
2022,6,CZ080,Moravskoslezský kraj,A04,Jiné bakteriální střevní infekce,66070074,70–74 let,Z,0,15
2022,6,CZ080,Moravskoslezský kraj,A04,Jiné bakteriální střevní infekce,66075999,75+ let,M,0,30
2022,6,CZ080,Moravskoslezský kraj,A04,Jiné bakteriální střevní infekce,66075999,75+ let,Z,0,40
2022,6,CZ080,Moravskoslezský kraj,A07,Jiné protozoární střevní nemoci,66050054,50–54 let,Z,0,1
2022,6,CZ080,Moravskoslezský kraj,A07,Jiné protozoární střevní nemoci,66055059,55–59 let,M,0,1
2022,6,CZ080,Moravskoslezský kraj,A08,Střevní infekce viry a jinými určenými mikroorganismy,66000000,0 let,M,0,14
2022,6,CZ080,Moravskoslezský kraj,A08,Střevní infekce viry a jinými určenými mikroorganismy,66000000,0 let,Z,0,12
2022,6,CZ080,Moravskoslezský kraj,A08,Střevní infekce viry a jinými určenými mikroorganismy,66001004,1–4 roky,M,0,33
2022,6,CZ080,Moravskoslezský kraj,A08,Střevní infekce viry a jinými určenými mikroorganismy,66001004,1–4 roky,Z,0,40
2022,6,CZ080,Moravskoslezský kraj,A08,Střevní infekce viry a jinými určenými mikroorganismy,66005009,5–9 let,M,0,18
2022,6,CZ080,Moravskoslezský kraj,A08,Střevní infekce viry a jinými určenými mikroorganismy,66005009,5–9 let,Z,0,19
2022,6,CZ080,Moravskoslezský kraj,A08,Střevní infekce viry a jinými určenými mikroorganismy,66010014,10–14 let,M,0,2
2022,6,CZ080,Moravskoslezský kraj,A08,Střevní infekce viry a jinými určenými mikroorganismy,66015019,15–19 let,M,0,1
2022,6,CZ080,Moravskoslezský kraj,A08,Střevní infekce viry a jinými určenými mikroorganismy,66015019,15–19 let,Z,0,2
2022,6,CZ080,Moravskoslezský kraj,A08,Střevní infekce viry a jinými určenými mikroorganismy,66025029,25–29 let,Z,0,1
2022,6,CZ080,Moravskoslezský kraj,A08,Střevní infekce viry a jinými určenými mikroorganismy,66030034,30–34 let,M,0,1
2022,6,CZ080,Moravskoslezský kraj,A08,Střevní infekce viry a jinými určenými mikroorganismy,66045049,45–49 let,Z,0,1
2022,6,CZ080,Moravskoslezský kraj,A08,Střevní infekce viry a jinými určenými mikroorganismy,66050054,50–54 let,Z,0,2
2022,6,CZ080,Moravskoslezský kraj,A08,Střevní infekce viry a jinými určenými mikroorganismy,66055059,55–59 let,M,0,1
2022,6,CZ080,Moravskoslezský kraj,A08,Střevní infekce viry a jinými určenými mikroorganismy,66065069,65–69 let,M,0,2
2022,6,CZ080,Moravskoslezský kraj,A08,Střevní infekce viry a jinými určenými mikroorganismy,66065069,65–69 let,Z,0,1
2022,6,CZ080,Moravskoslezský kraj,A08,Střevní infekce viry a jinými určenými mikroorganismy,66070074,70–74 let,M,0,2
2022,6,CZ080,Moravskoslezský kraj,A08,Střevní infekce viry a jinými určenými mikroorganismy,66070074,70–74 let,Z,0,1
2022,6,CZ080,Moravskoslezský kraj,A08,Střevní infekce viry a jinými určenými mikroorganismy,66075999,75+ let,M,0,2
2022,6,CZ080,Moravskoslezský kraj,A08,Střevní infekce viry a jinými určenými mikroorganismy,66075999,75+ let,Z,0,2
2022,6,CZ080,Moravskoslezský kraj,A38,Spála [scarlatina],66001004,1–4 roky,Z,0,1
2022,6,CZ080,Moravskoslezský kraj,A38,Spála [scarlatina],66005009,5–9 let,M,0,2
2022,6,CZ080,Moravskoslezský kraj,A38,Spála [scarlatina],66010014,10–14 let,M,0,1
2022,6,CZ080,Moravskoslezský kraj,A39,Meningokokové infekce,66020024,20–24 let,Z,0,1
2022,6,CZ080,Moravskoslezský kraj,A40,Streptokoková sepse,66000000,0 let,Z,0,1
2022,6,CZ080,Moravskoslezský kraj,A40,Streptokoková sepse,66065069,65–69 let,M,0,1
2022,6,CZ080,Moravskoslezský kraj,A40,Streptokoková sepse,66075999,75+ let,M,0,1
2022,6,CZ080,Moravskoslezský kraj,A41,Jiná sepse,66000000,0 let,Z,0,1
2022,6,CZ080,Moravskoslezský kraj,A41,Jiná sepse,66030034,30–34 let,M,0,1
2022,6,CZ080,Moravskoslezský kraj,A41,Jiná sepse,66050054,50–54 let,M,0,1
2022,6,CZ080,Moravskoslezský kraj,A41,Jiná sepse,66065069,65–69 let,M,0,2
2022,6,CZ080,Moravskoslezský kraj,A41,Jiná sepse,66065069,65–69 let,Z,0,2
2022,6,CZ080,Moravskoslezský kraj,A41,Jiná sepse,66070074,70–74 let,M,0,3
2022,6,CZ080,Moravskoslezský kraj,A41,Jiná sepse,66075999,75+ let,Z,0,1
2022,6,CZ080,Moravskoslezský kraj,A46,Růže – erysipel,66035039,35–39 let,M,0,1
2022,6,CZ080,Moravskoslezský kraj,A46,Růže – erysipel,66040044,40–44 let,M,0,1
2022,6,CZ080,Moravskoslezský kraj,A46,Růže – erysipel,66055059,55–59 let,M,0,1
2022,6,CZ080,Moravskoslezský kraj,A46,Růže – erysipel,66065069,65–69 let,M,0,1
2022,6,CZ080,Moravskoslezský kraj,A46,Růže – erysipel,66070074,70–74 let,M,0,1
2022,6,CZ080,Moravskoslezský kraj,A46,Růže – erysipel,66070074,70–74 let,Z,0,2
2022,6,CZ080,Moravskoslezský kraj,A46,Růže – erysipel,66075999,75+ let,M,0,1
2022,6,CZ080,Moravskoslezský kraj,A46,Růže – erysipel,66075999,75+ let,Z,0,2
2022,6,CZ080,Moravskoslezský kraj,A48,Jiné bakteriální nemoci nezařazené jinde,66055059,55–59 let,M,0,1
2022,6,CZ080,Moravskoslezský kraj,A48,Jiné bakteriální nemoci nezařazené jinde,66060064,60–64 let,M,0,2
2022,6,CZ080,Moravskoslezský kraj,A48,Jiné bakteriální nemoci nezařazené jinde,66065069,65–69 let,M,0,1
2022,6,CZ080,Moravskoslezský kraj,A48,Jiné bakteriální nemoci nezařazené jinde,66075999,75+ let,M,0,2
2022,6,CZ080,Moravskoslezský kraj,A56,Jiná chlamydiová onemocnění přenášená pohlavním stykem,66020024,20–24 let,M,0,1
2022,6,CZ080,Moravskoslezský kraj,A69,Jiné spirochetové infekce,66040044,40–44 let,Z,0,1
2022,6,CZ080,Moravskoslezský kraj,A69,Jiné spirochetové infekce,66050054,50–54 let,Z,0,3
2022,6,CZ080,Moravskoslezský kraj,A69,Jiné spirochetové infekce,66055059,55–59 let,M,0,1
2022,6,CZ080,Moravskoslezský kraj,A69,Jiné spirochetové infekce,66060064,60–64 let,M,0,2
2022,6,CZ080,Moravskoslezský kraj,A69,Jiné spirochetové infekce,66060064,60–64 let,Z,0,1
2022,6,CZ080,Moravskoslezský kraj,A69,Jiné spirochetové infekce,66070074,70–74 let,Z,0,1
2022,6,CZ080,Moravskoslezský kraj,A74,Jiné nemoci způsobené chlamydiemi,66055059,55–59 let,M,0,1
2022,6,CZ080,Moravskoslezský kraj,A81,Atypické virové infekce centrální nervové soustavy,66065069,65–69 let,Z,0,1
2022,6,CZ080,Moravskoslezský kraj,A84,Virová encefalitida přenášená klíšťaty,66001004,1–4 roky,Z,0,1
2022,6,CZ080,Moravskoslezský kraj,A84,Virová encefalitida přenášená klíšťaty,66035039,35–39 let,M,0,1
2022,6,CZ080,Moravskoslezský kraj,A84,Virová encefalitida přenášená klíšťaty,66045049,45–49 let,M,0,1
2022,6,CZ080,Moravskoslezský kraj,A84,Virová encefalitida přenášená klíšťaty,66055059,55–59 let,M,0,1
2022,6,CZ080,Moravskoslezský kraj,A84,Virová encefalitida přenášená klíšťaty,66065069,65–69 let,M,0,2
2022,6,CZ080,Moravskoslezský kraj,A84,Virová encefalitida přenášená klíšťaty,66070074,70–74 let,Z,0,1
2022,6,CZ080,Moravskoslezský kraj,A87,Virová meningitida,66035039,35–39 let,Z,0,1
2022,6,CZ080,Moravskoslezský kraj,A98,Jiná virová hemoragická horečka nezařazená jinde,66060064,60–64 let,M,0,1
2022,6,CZ080,Moravskoslezský kraj,B00,Infekce virem Herpes simplex,66005009,5–9 let,Z,0,1
2022,6,CZ080,Moravskoslezský kraj,B00,Infekce virem Herpes simplex,66020024,20–24 let,Z,0,1
2022,6,CZ080,Moravskoslezský kraj,B00,Infekce virem Herpes simplex,66045049,45–49 let,M,0,1
2022,6,CZ080,Moravskoslezský kraj,B01,Plané neštovice [varicella],66000000,0 let,M,0,22
2022,6,CZ080,Moravskoslezský kraj,B01,Plané neštovice [varicella],66000000,0 let,Z,0,21
2022,6,CZ080,Moravskoslezský kraj,B01,Plané neštovice [varicella],66001004,1–4 roky,M,0,357
2022,6,CZ080,Moravskoslezský kraj,B01,Plané neštovice [varicella],66001004,1–4 roky,Z,0,340
2022,6,CZ080,Moravskoslezský kraj,B01,Plané neštovice [varicella],66005009,5–9 let,M,0,387
2022,6,CZ080,Moravskoslezský kraj,B01,Plané neštovice [varicella],66005009,5–9 let,Z,0,346
2022,6,CZ080,Moravskoslezský kraj,B01,Plané neštovice [varicella],66010014,10–14 let,M,0,34
2022,6,CZ080,Moravskoslezský kraj,B01,Plané neštovice [varicella],66010014,10–14 let,Z,0,33
2022,6,CZ080,Moravskoslezský kraj,B01,Plané neštovice [varicella],66015019,15–19 let,M,0,5
2022,6,CZ080,Moravskoslezský kraj,B01,Plané neštovice [varicella],66015019,15–19 let,Z,0,3
2022,6,CZ080,Moravskoslezský kraj,B01,Plané neštovice [varicella],66020024,20–24 let,M,0,2
2022,6,CZ080,Moravskoslezský kraj,B01,Plané neštovice [varicella],66020024,20–24 let,Z,0,1
2022,6,CZ080,Moravskoslezský kraj,B01,Plané neštovice [varicella],66030034,30–34 let,M,0,3
2022,6,CZ080,Moravskoslezský kraj,B01,Plané neštovice [varicella],66030034,30–34 let,Z,0,2
2022,6,CZ080,Moravskoslezský kraj,B01,Plané neštovice [varicella],66035039,35–39 let,M,0,2
2022,6,CZ080,Moravskoslezský kraj,B01,Plané neštovice [varicella],66040044,40–44 let,M,0,1
2022,6,CZ080,Moravskoslezský kraj,B01,Plané neštovice [varicella],66040044,40–44 let,Z,0,1
2022,6,CZ080,Moravskoslezský kraj,B02,Pásový opar [herpes zoster],66005009,5–9 let,M,0,1
2022,6,CZ080,Moravskoslezský kraj,B02,Pásový opar [herpes zoster],66010014,10–14 let,Z,0,1
2022,6,CZ080,Moravskoslezský kraj,B02,Pásový opar [herpes zoster],66040044,40–44 let,M,0,1
2022,6,CZ080,Moravskoslezský kraj,B02,Pásový opar [herpes zoster],66045049,45–49 let,M,0,1
2022,6,CZ080,Moravskoslezský kraj,B02,Pásový opar [herpes zoster],66045049,45–49 let,Z,0,1
2022,6,CZ080,Moravskoslezský kraj,B02,Pásový opar [herpes zoster],66050054,50–54 let,Z,0,2
2022,6,CZ080,Moravskoslezský kraj,B02,Pásový opar [herpes zoster],66055059,55–59 let,Z,0,1
2022,6,CZ080,Moravskoslezský kraj,B02,Pásový opar [herpes zoster],66060064,60–64 let,Z,0,1
2022,6,CZ080,Moravskoslezský kraj,B02,Pásový opar [herpes zoster],66065069,65–69 let,M,0,1
2022,6,CZ080,Moravskoslezský kraj,B02,Pásový opar [herpes zoster],66070074,70–74 let,M,0,1
2022,6,CZ080,Moravskoslezský kraj,B02,Pásový opar [herpes zoster],66070074,70–74 let,Z,0,3
2022,6,CZ080,Moravskoslezský kraj,B02,Pásový opar [herpes zoster],66075999,75+ let,M,0,4
2022,6,CZ080,Moravskoslezský kraj,B02,Pásový opar [herpes zoster],66075999,75+ let,Z,0,3
2022,6,CZ080,Moravskoslezský kraj,B08,Jiné virové infekce charakterizované postižením kůže a sliznic NJ,66000000,0 let,M,0,3
2022,6,CZ080,Moravskoslezský kraj,B08,Jiné virové infekce charakterizované postižením kůže a sliznic NJ,66000000,0 let,Z,0,1
2022,6,CZ080,Moravskoslezský kraj,B08,Jiné virové infekce charakterizované postižením kůže a sliznic NJ,66001004,1–4 roky,M,0,17
2022,6,CZ080,Moravskoslezský kraj,B08,Jiné virové infekce charakterizované postižením kůže a sliznic NJ,66001004,1–4 roky,Z,0,14
2022,6,CZ080,Moravskoslezský kraj,B08,Jiné virové infekce charakterizované postižením kůže a sliznic NJ,66005009,5–9 let,M,0,10
2022,6,CZ080,Moravskoslezský kraj,B08,Jiné virové infekce charakterizované postižením kůže a sliznic NJ,66005009,5–9 let,Z,0,6
2022,6,CZ080,Moravskoslezský kraj,B08,Jiné virové infekce charakterizované postižením kůže a sliznic NJ,66010014,10–14 let,M,0,1
2022,6,CZ080,Moravskoslezský kraj,B09,Neurčené virové infekce charakterizované postižením kůže a sliznic,66005009,5–9 let,M,0,1
2022,6,CZ080,Moravskoslezský kraj,B18,Chronická virová hepatitida,66015019,15–19 let,Z,0,1
2022,6,CZ080,Moravskoslezský kraj,B18,Chronická virová hepatitida,66030034,30–34 let,M,0,1
2022,6,CZ080,Moravskoslezský kraj,B18,Chronická virová hepatitida,66035039,35–39 let,Z,0,1
2022,6,CZ080,Moravskoslezský kraj,B18,Chronická virová hepatitida,66040044,40–44 let,M,0,2
2022,6,CZ080,Moravskoslezský kraj,B18,Chronická virová hepatitida,66055059,55–59 let,M,0,1
2022,6,CZ080,Moravskoslezský kraj,B18,Chronická virová hepatitida,66070074,70–74 let,M,0,1
2022,6,CZ080,Moravskoslezský kraj,B26,Příušnice [parotitis epidemica],66010014,10–14 let,Z,0,1
2022,6,CZ080,Moravskoslezský kraj,B27,Infekční mononukleóza,66015019,15–19 let,M,0,2
2022,6,CZ080,Moravskoslezský kraj,B27,Infekční mononukleóza,66015019,15–19 let,Z,0,2
2022,6,CZ080,Moravskoslezský kraj,B27,Infekční mononukleóza,66020024,20–24 let,M,0,1
2022,6,CZ080,Moravskoslezský kraj,B27,Infekční mononukleóza,66020024,20–24 let,Z,0,1
2022,6,CZ080,Moravskoslezský kraj,B35,Dermatofytóza,66015019,15–19 let,Z,0,1
2022,6,CZ080,Moravskoslezský kraj,B76,Onemocnění měchovci,66025029,25–29 let,M,0,1
2022,6,CZ080,Moravskoslezský kraj,B76,Onemocnění měchovci,66030034,30–34 let,M,0,1
2022,6,CZ080,Moravskoslezský kraj,B80,Enterobióza [enterobiasis],66001004,1–4 roky,M,0,1
2022,6,CZ080,Moravskoslezský kraj,B80,Enterobióza [enterobiasis],66005009,5–9 let,M,0,4
2022,6,CZ080,Moravskoslezský kraj,B80,Enterobióza [enterobiasis],66005009,5–9 let,Z,0,1
2022,6,CZ080,Moravskoslezský kraj,B80,Enterobióza [enterobiasis],66010014,10–14 let,M,0,4
2022,6,CZ080,Moravskoslezský kraj,B80,Enterobióza [enterobiasis],66010014,10–14 let,Z,0,1
2022,6,CZ080,Moravskoslezský kraj,B81,Jiná střevní helmintóza nezařazená jinde,66070074,70–74 let,Z,0,1
2022,6,CZ080,Moravskoslezský kraj,B86,Svrab [scabies],66001004,1–4 roky,M,0,2
2022,6,CZ080,Moravskoslezský kraj,B86,Svrab [scabies],66005009,5–9 let,M,0,2
2022,6,CZ080,Moravskoslezský kraj,B86,Svrab [scabies],66010014,10–14 let,M,0,1
2022,6,CZ080,Moravskoslezský kraj,B86,Svrab [scabies],66010014,10–14 let,Z,0,2
2022,6,CZ080,Moravskoslezský kraj,B86,Svrab [scabies],66015019,15–19 let,M,0,1
2022,6,CZ080,Moravskoslezský kraj,B86,Svrab [scabies],66015019,15–19 let,Z,0,4
2022,6,CZ080,Moravskoslezský kraj,B86,Svrab [scabies],66020024,20–24 let,M,0,2
2022,6,CZ080,Moravskoslezský kraj,B86,Svrab [scabies],66020024,20–24 let,Z,0,1
2022,6,CZ080,Moravskoslezský kraj,B86,Svrab [scabies],66025029,25–29 let,M,0,1
2022,6,CZ080,Moravskoslezský kraj,B86,Svrab [scabies],66055059,55–59 let,Z,0,1
2022,6,CZ080,Moravskoslezský kraj,B86,Svrab [scabies],66065069,65–69 let,M,0,1
2022,6,CZ080,Moravskoslezský kraj,B86,Svrab [scabies],66070074,70–74 let,M,0,1
2022,6,CZ080,Moravskoslezský kraj,B86,Svrab [scabies],66070074,70–74 let,Z,0,2
2022,6,CZ080,Moravskoslezský kraj,G00,Bakteriální zánět mozkových a míšních plen (bakter. meningitida) NJ,66000000,0 let,Z,0,1
2022,6,CZ080,Moravskoslezský kraj,G00,Bakteriální zánět mozkových a míšních plen (bakter. meningitida) NJ,66055059,55–59 let,Z,0,1
2022,6,CZ080,Moravskoslezský kraj,W54,Kousnutí nebo úder psem,66060064,60–64 let,Z,0,1
2022,6,CZ080,Moravskoslezský kraj,W55,Kousnutí nebo úder jinými savci,66040044,40–44 let,M,0,1
2022,7,CZ080,Moravskoslezský kraj,A02,Jiné infekce způsobené salmonelami,66000000,0 let,M,0,3
2022,7,CZ080,Moravskoslezský kraj,A02,Jiné infekce způsobené salmonelami,66000000,0 let,Z,0,2
2022,7,CZ080,Moravskoslezský kraj,A02,Jiné infekce způsobené salmonelami,66001004,1–4 roky,M,0,17
2022,7,CZ080,Moravskoslezský kraj,A02,Jiné infekce způsobené salmonelami,66001004,1–4 roky,Z,0,16
2022,7,CZ080,Moravskoslezský kraj,A02,Jiné infekce způsobené salmonelami,66005009,5–9 let,M,0,3
2022,7,CZ080,Moravskoslezský kraj,A02,Jiné infekce způsobené salmonelami,66005009,5–9 let,Z,0,10
2022,7,CZ080,Moravskoslezský kraj,A02,Jiné infekce způsobené salmonelami,66010014,10–14 let,M,0,7
2022,7,CZ080,Moravskoslezský kraj,A02,Jiné infekce způsobené salmonelami,66010014,10–14 let,Z,0,5
2022,7,CZ080,Moravskoslezský kraj,A02,Jiné infekce způsobené salmonelami,66015019,15–19 let,M,0,2
2022,7,CZ080,Moravskoslezský kraj,A02,Jiné infekce způsobené salmonelami,66015019,15–19 let,Z,0,5
2022,7,CZ080,Moravskoslezský kraj,A02,Jiné infekce způsobené salmonelami,66020024,20–24 let,M,0,3
2022,7,CZ080,Moravskoslezský kraj,A02,Jiné infekce způsobené salmonelami,66025029,25–29 let,M,0,1
2022,7,CZ080,Moravskoslezský kraj,A02,Jiné infekce způsobené salmonelami,66030034,30–34 let,M,0,1
2022,7,CZ080,Moravskoslezský kraj,A02,Jiné infekce způsobené salmonelami,66030034,30–34 let,Z,0,5
2022,7,CZ080,Moravskoslezský kraj,A02,Jiné infekce způsobené salmonelami,66035039,35–39 let,M,0,5
2022,7,CZ080,Moravskoslezský kraj,A02,Jiné infekce způsobené salmonelami,66035039,35–39 let,Z,0,3
2022,7,CZ080,Moravskoslezský kraj,A02,Jiné infekce způsobené salmonelami,66040044,40–44 let,M,0,2
2022,7,CZ080,Moravskoslezský kraj,A02,Jiné infekce způsobené salmonelami,66040044,40–44 let,Z,0,3
2022,7,CZ080,Moravskoslezský kraj,A02,Jiné infekce způsobené salmonelami,66045049,45–49 let,M,0,4
2022,7,CZ080,Moravskoslezský kraj,A02,Jiné infekce způsobené salmonelami,66045049,45–49 let,Z,0,2
2022,7,CZ080,Moravskoslezský kraj,A02,Jiné infekce způsobené salmonelami,66050054,50–54 let,M,0,2
2022,7,CZ080,Moravskoslezský kraj,A02,Jiné infekce způsobené salmonelami,66055059,55–59 let,M,0,3
2022,7,CZ080,Moravskoslezský kraj,A02,Jiné infekce způsobené salmonelami,66055059,55–59 let,Z,0,2
2022,7,CZ080,Moravskoslezský kraj,A02,Jiné infekce způsobené salmonelami,66060064,60–64 let,M,0,1
2022,7,CZ080,Moravskoslezský kraj,A02,Jiné infekce způsobené salmonelami,66060064,60–64 let,Z,0,4
2022,7,CZ080,Moravskoslezský kraj,A02,Jiné infekce způsobené salmonelami,66065069,65–69 let,M,0,1
2022,7,CZ080,Moravskoslezský kraj,A02,Jiné infekce způsobené salmonelami,66065069,65–69 let,Z,0,6
2022,7,CZ080,Moravskoslezský kraj,A02,Jiné infekce způsobené salmonelami,66070074,70–74 let,Z,0,1
2022,7,CZ080,Moravskoslezský kraj,A02,Jiné infekce způsobené salmonelami,66075999,75+ let,M,0,1
2022,7,CZ080,Moravskoslezský kraj,A02,Jiné infekce způsobené salmonelami,66075999,75+ let,Z,0,4
2022,7,CZ080,Moravskoslezský kraj,A04,Jiné bakteriální střevní infekce,66000000,0 let,M,0,11
2022,7,CZ080,Moravskoslezský kraj,A04,Jiné bakteriální střevní infekce,66000000,0 let,Z,0,7
2022,7,CZ080,Moravskoslezský kraj,A04,Jiné bakteriální střevní infekce,66001004,1–4 roky,M,0,37
2022,7,CZ080,Moravskoslezský kraj,A04,Jiné bakteriální střevní infekce,66001004,1–4 roky,Z,0,36
2022,7,CZ080,Moravskoslezský kraj,A04,Jiné bakteriální střevní infekce,66005009,5–9 let,M,0,16
2022,7,CZ080,Moravskoslezský kraj,A04,Jiné bakteriální střevní infekce,66005009,5–9 let,Z,0,9
2022,7,CZ080,Moravskoslezský kraj,A04,Jiné bakteriální střevní infekce,66010014,10–14 let,M,0,15
2022,7,CZ080,Moravskoslezský kraj,A04,Jiné bakteriální střevní infekce,66010014,10–14 let,Z,0,8
2022,7,CZ080,Moravskoslezský kraj,A04,Jiné bakteriální střevní infekce,66015019,15–19 let,M,0,15
2022,7,CZ080,Moravskoslezský kraj,A04,Jiné bakteriální střevní infekce,66015019,15–19 let,Z,0,8
2022,7,CZ080,Moravskoslezský kraj,A04,Jiné bakteriální střevní infekce,66020024,20–24 let,M,0,10
2022,7,CZ080,Moravskoslezský kraj,A04,Jiné bakteriální střevní infekce,66020024,20–24 let,Z,0,12
2022,7,CZ080,Moravskoslezský kraj,A04,Jiné bakteriální střevní infekce,66025029,25–29 let,M,0,11
2022,7,CZ080,Moravskoslezský kraj,A04,Jiné bakteriální střevní infekce,66025029,25–29 let,Z,0,5
2022,7,CZ080,Moravskoslezský kraj,A04,Jiné bakteriální střevní infekce,66030034,30–34 let,M,0,8
2022,7,CZ080,Moravskoslezský kraj,A04,Jiné bakteriální střevní infekce,66030034,30–34 let,Z,0,4
2022,7,CZ080,Moravskoslezský kraj,A04,Jiné bakteriální střevní infekce,66035039,35–39 let,M,0,6
2022,7,CZ080,Moravskoslezský kraj,A04,Jiné bakteriální střevní infekce,66035039,35–39 let,Z,0,3
2022,7,CZ080,Moravskoslezský kraj,A04,Jiné bakteriální střevní infekce,66040044,40–44 let,M,0,8
2022,7,CZ080,Moravskoslezský kraj,A04,Jiné bakteriální střevní infekce,66040044,40–44 let,Z,0,6
2022,7,CZ080,Moravskoslezský kraj,A04,Jiné bakteriální střevní infekce,66045049,45–49 let,M,0,6
2022,7,CZ080,Moravskoslezský kraj,A04,Jiné bakteriální střevní infekce,66045049,45–49 let,Z,0,8
2022,7,CZ080,Moravskoslezský kraj,A04,Jiné bakteriální střevní infekce,66050054,50–54 let,M,0,6
2022,7,CZ080,Moravskoslezský kraj,A04,Jiné bakteriální střevní infekce,66050054,50–54 let,Z,0,1
2022,7,CZ080,Moravskoslezský kraj,A04,Jiné bakteriální střevní infekce,66055059,55–59 let,M,0,4
2022,7,CZ080,Moravskoslezský kraj,A04,Jiné bakteriální střevní infekce,66055059,55–59 let,Z,0,6
2022,7,CZ080,Moravskoslezský kraj,A04,Jiné bakteriální střevní infekce,66060064,60–64 let,M,0,5
2022,7,CZ080,Moravskoslezský kraj,A04,Jiné bakteriální střevní infekce,66060064,60–64 let,Z,0,7
2022,7,CZ080,Moravskoslezský kraj,A04,Jiné bakteriální střevní infekce,66065069,65–69 let,M,0,11
2022,7,CZ080,Moravskoslezský kraj,A04,Jiné bakteriální střevní infekce,66065069,65–69 let,Z,0,8
2022,7,CZ080,Moravskoslezský kraj,A04,Jiné bakteriální střevní infekce,66070074,70–74 let,M,0,14
2022,7,CZ080,Moravskoslezský kraj,A04,Jiné bakteriální střevní infekce,66070074,70–74 let,Z,0,9
2022,7,CZ080,Moravskoslezský kraj,A04,Jiné bakteriální střevní infekce,66075999,75+ let,M,0,22
2022,7,CZ080,Moravskoslezský kraj,A04,Jiné bakteriální střevní infekce,66075999,75+ let,Z,0,31
2022,7,CZ080,Moravskoslezský kraj,A06,Amébóza,66005009,5–9 let,M,0,1
2022,7,CZ080,Moravskoslezský kraj,A08,Střevní infekce viry a jinými určenými mikroorganismy,66000000,0 let,M,0,7
2022,7,CZ080,Moravskoslezský kraj,A08,Střevní infekce viry a jinými určenými mikroorganismy,66000000,0 let,Z,0,6
2022,7,CZ080,Moravskoslezský kraj,A08,Střevní infekce viry a jinými určenými mikroorganismy,66001004,1–4 roky,M,0,19
2022,7,CZ080,Moravskoslezský kraj,A08,Střevní infekce viry a jinými určenými mikroorganismy,66001004,1–4 roky,Z,0,22
2022,7,CZ080,Moravskoslezský kraj,A08,Střevní infekce viry a jinými určenými mikroorganismy,66005009,5–9 let,M,0,8
2022,7,CZ080,Moravskoslezský kraj,A08,Střevní infekce viry a jinými určenými mikroorganismy,66005009,5–9 let,Z,0,6
2022,7,CZ080,Moravskoslezský kraj,A08,Střevní infekce viry a jinými určenými mikroorganismy,66010014,10–14 let,M,0,5
2022,7,CZ080,Moravskoslezský kraj,A08,Střevní infekce viry a jinými určenými mikroorganismy,66010014,10–14 let,Z,0,1
2022,7,CZ080,Moravskoslezský kraj,A08,Střevní infekce viry a jinými určenými mikroorganismy,66020024,20–24 let,Z,0,1
2022,7,CZ080,Moravskoslezský kraj,A08,Střevní infekce viry a jinými určenými mikroorganismy,66030034,30–34 let,M,0,1
2022,7,CZ080,Moravskoslezský kraj,A08,Střevní infekce viry a jinými určenými mikroorganismy,66035039,35–39 let,M,0,1
2022,7,CZ080,Moravskoslezský kraj,A08,Střevní infekce viry a jinými určenými mikroorganismy,66055059,55–59 let,Z,0,1
2022,7,CZ080,Moravskoslezský kraj,A08,Střevní infekce viry a jinými určenými mikroorganismy,66060064,60–64 let,M,0,1
2022,7,CZ080,Moravskoslezský kraj,A08,Střevní infekce viry a jinými určenými mikroorganismy,66065069,65–69 let,M,0,1
2022,7,CZ080,Moravskoslezský kraj,A08,Střevní infekce viry a jinými určenými mikroorganismy,66075999,75+ let,M,0,2
2022,7,CZ080,Moravskoslezský kraj,A08,Střevní infekce viry a jinými určenými mikroorganismy,66075999,75+ let,Z,0,5
2022,7,CZ080,Moravskoslezský kraj,A09,Jiná gastroenteritida a kolitida infekčního a NS původu,66005009,5–9 let,M,0,2
2022,7,CZ080,Moravskoslezský kraj,A09,Jiná gastroenteritida a kolitida infekčního a NS původu,66005009,5–9 let,Z,0,6
2022,7,CZ080,Moravskoslezský kraj,A09,Jiná gastroenteritida a kolitida infekčního a NS původu,66010014,10–14 let,M,0,4
2022,7,CZ080,Moravskoslezský kraj,A09,Jiná gastroenteritida a kolitida infekčního a NS původu,66010014,10–14 let,Z,0,18
2022,7,CZ080,Moravskoslezský kraj,A09,Jiná gastroenteritida a kolitida infekčního a NS původu,66015019,15–19 let,M,0,2
2022,7,CZ080,Moravskoslezský kraj,A09,Jiná gastroenteritida a kolitida infekčního a NS původu,66015019,15–19 let,Z,0,2
2022,7,CZ080,Moravskoslezský kraj,A09,Jiná gastroenteritida a kolitida infekčního a NS původu,66035039,35–39 let,Z,0,2
2022,7,CZ080,Moravskoslezský kraj,A38,Spála [scarlatina],66001004,1–4 roky,M,0,1
2022,7,CZ080,Moravskoslezský kraj,A38,Spála [scarlatina],66005009,5–9 let,Z,0,1
2022,7,CZ080,Moravskoslezský kraj,A39,Meningokokové infekce,66000000,0 let,M,0,1
2022,7,CZ080,Moravskoslezský kraj,A40,Streptokoková sepse,66040044,40–44 let,M,0,1
2022,7,CZ080,Moravskoslezský kraj,A40,Streptokoková sepse,66045049,45–49 let,Z,0,1
2022,7,CZ080,Moravskoslezský kraj,A40,Streptokoková sepse,66065069,65–69 let,M,0,1
2022,7,CZ080,Moravskoslezský kraj,A40,Streptokoková sepse,66075999,75+ let,M,0,1
2022,7,CZ080,Moravskoslezský kraj,A40,Streptokoková sepse,66075999,75+ let,Z,0,3
2022,7,CZ080,Moravskoslezský kraj,A41,Jiná sepse,66045049,45–49 let,Z,0,2
2022,7,CZ080,Moravskoslezský kraj,A41,Jiná sepse,66050054,50–54 let,M,0,1
2022,7,CZ080,Moravskoslezský kraj,A41,Jiná sepse,66055059,55–59 let,Z,0,2
2022,7,CZ080,Moravskoslezský kraj,A41,Jiná sepse,66060064,60–64 let,M,0,1
2022,7,CZ080,Moravskoslezský kraj,A41,Jiná sepse,66060064,60–64 let,Z,0,1
2022,7,CZ080,Moravskoslezský kraj,A41,Jiná sepse,66065069,65–69 let,M,0,3
2022,7,CZ080,Moravskoslezský kraj,A41,Jiná sepse,66065069,65–69 let,Z,0,1
2022,7,CZ080,Moravskoslezský kraj,A41,Jiná sepse,66070074,70–74 let,Z,0,1
2022,7,CZ080,Moravskoslezský kraj,A41,Jiná sepse,66075999,75+ let,M,0,5
2022,7,CZ080,Moravskoslezský kraj,A41,Jiná sepse,66075999,75+ let,Z,0,8
2022,7,CZ080,Moravskoslezský kraj,A46,Růže – erysipel,66030034,30–34 let,M,0,1
2022,7,CZ080,Moravskoslezský kraj,A46,Růže – erysipel,66045049,45–49 let,M,0,1
2022,7,CZ080,Moravskoslezský kraj,A46,Růže – erysipel,66050054,50–54 let,M,0,2
2022,7,CZ080,Moravskoslezský kraj,A46,Růže – erysipel,66055059,55–59 let,M,0,3
2022,7,CZ080,Moravskoslezský kraj,A46,Růže – erysipel,66055059,55–59 let,Z,0,1
2022,8,CZ071,Olomoucký kraj,A69,Jiné spirochetové infekce,66005009,5–9 let,Z,0,2
2022,8,CZ071,Olomoucký kraj,A69,Jiné spirochetové infekce,66025029,25–29 let,M,0,1
2022,8,CZ071,Olomoucký kraj,A69,Jiné spirochetové infekce,66035039,35–39 let,M,0,1
2022,8,CZ071,Olomoucký kraj,A69,Jiné spirochetové infekce,66035039,35–39 let,Z,0,3
2022,8,CZ071,Olomoucký kraj,A69,Jiné spirochetové infekce,66040044,40–44 let,M,0,7
2022,8,CZ071,Olomoucký kraj,A69,Jiné spirochetové infekce,66040044,40–44 let,Z,0,1
2022,8,CZ071,Olomoucký kraj,A69,Jiné spirochetové infekce,66045049,45–49 let,M,0,6
2022,8,CZ071,Olomoucký kraj,A69,Jiné spirochetové infekce,66045049,45–49 let,Z,0,3
2022,8,CZ071,Olomoucký kraj,A69,Jiné spirochetové infekce,66050054,50–54 let,M,0,2
2022,8,CZ071,Olomoucký kraj,A69,Jiné spirochetové infekce,66050054,50–54 let,Z,0,2
2022,8,CZ071,Olomoucký kraj,A69,Jiné spirochetové infekce,66055059,55–59 let,M,0,1
2022,8,CZ071,Olomoucký kraj,A69,Jiné spirochetové infekce,66055059,55–59 let,Z,0,5
2022,8,CZ071,Olomoucký kraj,A69,Jiné spirochetové infekce,66060064,60–64 let,Z,0,3
2022,8,CZ071,Olomoucký kraj,A69,Jiné spirochetové infekce,66065069,65–69 let,M,0,3
2022,8,CZ071,Olomoucký kraj,A69,Jiné spirochetové infekce,66065069,65–69 let,Z,0,5
2022,8,CZ071,Olomoucký kraj,A69,Jiné spirochetové infekce,66070074,70–74 let,M,0,1
2022,8,CZ071,Olomoucký kraj,A69,Jiné spirochetové infekce,66070074,70–74 let,Z,0,2
2022,8,CZ071,Olomoucký kraj,A69,Jiné spirochetové infekce,66075999,75+ let,M,0,3
2022,8,CZ071,Olomoucký kraj,A69,Jiné spirochetové infekce,66075999,75+ let,Z,0,11
2022,8,CZ071,Olomoucký kraj,A84,Virová encefalitida přenášená klíšťaty,66015019,15–19 let,M,0,1
2022,8,CZ071,Olomoucký kraj,A84,Virová encefalitida přenášená klíšťaty,66030034,30–34 let,M,0,1
2022,8,CZ071,Olomoucký kraj,A84,Virová encefalitida přenášená klíšťaty,66030034,30–34 let,Z,0,1
2022,8,CZ071,Olomoucký kraj,A84,Virová encefalitida přenášená klíšťaty,66040044,40–44 let,M,0,2
2022,8,CZ071,Olomoucký kraj,A84,Virová encefalitida přenášená klíšťaty,66040044,40–44 let,Z,0,1
2022,8,CZ071,Olomoucký kraj,A84,Virová encefalitida přenášená klíšťaty,66045049,45–49 let,M,0,1
2022,8,CZ071,Olomoucký kraj,A84,Virová encefalitida přenášená klíšťaty,66050054,50–54 let,M,0,1
2022,8,CZ071,Olomoucký kraj,A84,Virová encefalitida přenášená klíšťaty,66050054,50–54 let,Z,0,1
2022,8,CZ071,Olomoucký kraj,A84,Virová encefalitida přenášená klíšťaty,66055059,55–59 let,M,0,1
2022,8,CZ071,Olomoucký kraj,A84,Virová encefalitida přenášená klíšťaty,66055059,55–59 let,Z,0,2
2022,8,CZ071,Olomoucký kraj,A84,Virová encefalitida přenášená klíšťaty,66060064,60–64 let,M,0,1
2022,8,CZ071,Olomoucký kraj,A84,Virová encefalitida přenášená klíšťaty,66060064,60–64 let,Z,0,1
2022,8,CZ071,Olomoucký kraj,A84,Virová encefalitida přenášená klíšťaty,66065069,65–69 let,M,0,1
2022,8,CZ071,Olomoucký kraj,A84,Virová encefalitida přenášená klíšťaty,66070074,70–74 let,M,0,1
2022,8,CZ071,Olomoucký kraj,A84,Virová encefalitida přenášená klíšťaty,66075999,75+ let,M,0,3
2022,8,CZ071,Olomoucký kraj,A87,Virová meningitida,66015019,15–19 let,M,0,1
2022,8,CZ071,Olomoucký kraj,B00,Infekce virem Herpes simplex,66060064,60–64 let,Z,0,1
2022,8,CZ071,Olomoucký kraj,B01,Plané neštovice [varicella],66000000,0 let,M,0,1
2022,8,CZ071,Olomoucký kraj,B01,Plané neštovice [varicella],66000000,0 let,Z,0,1
2022,8,CZ071,Olomoucký kraj,B01,Plané neštovice [varicella],66001004,1–4 roky,M,0,35
2022,8,CZ071,Olomoucký kraj,B01,Plané neštovice [varicella],66001004,1–4 roky,Z,0,28
2022,8,CZ071,Olomoucký kraj,B01,Plané neštovice [varicella],66005009,5–9 let,M,0,17
2022,8,CZ071,Olomoucký kraj,B01,Plané neštovice [varicella],66005009,5–9 let,Z,0,24
2022,8,CZ071,Olomoucký kraj,B01,Plané neštovice [varicella],66010014,10–14 let,M,0,1
2022,8,CZ071,Olomoucký kraj,B01,Plané neštovice [varicella],66010014,10–14 let,Z,0,3
2022,8,CZ071,Olomoucký kraj,B01,Plané neštovice [varicella],66015019,15–19 let,Z,0,1
2022,8,CZ071,Olomoucký kraj,B01,Plané neštovice [varicella],66020024,20–24 let,Z,0,1
2022,8,CZ071,Olomoucký kraj,B02,Pásový opar [herpes zoster],66030034,30–34 let,M,0,1
2022,8,CZ071,Olomoucký kraj,B02,Pásový opar [herpes zoster],66030034,30–34 let,Z,0,1
2022,8,CZ071,Olomoucký kraj,B02,Pásový opar [herpes zoster],66035039,35–39 let,Z,0,2
2022,8,CZ071,Olomoucký kraj,B02,Pásový opar [herpes zoster],66040044,40–44 let,M,0,3
2022,8,CZ071,Olomoucký kraj,B02,Pásový opar [herpes zoster],66040044,40–44 let,Z,0,3
2022,8,CZ071,Olomoucký kraj,B02,Pásový opar [herpes zoster],66045049,45–49 let,M,0,1
2022,8,CZ071,Olomoucký kraj,B02,Pásový opar [herpes zoster],66045049,45–49 let,Z,0,1
2022,8,CZ071,Olomoucký kraj,B02,Pásový opar [herpes zoster],66050054,50–54 let,M,0,1
2022,8,CZ071,Olomoucký kraj,B02,Pásový opar [herpes zoster],66050054,50–54 let,Z,0,2
2022,8,CZ071,Olomoucký kraj,B02,Pásový opar [herpes zoster],66055059,55–59 let,Z,0,2
2022,8,CZ071,Olomoucký kraj,B02,Pásový opar [herpes zoster],66060064,60–64 let,M,0,1
2022,8,CZ071,Olomoucký kraj,B02,Pásový opar [herpes zoster],66060064,60–64 let,Z,0,2
2022,8,CZ071,Olomoucký kraj,B02,Pásový opar [herpes zoster],66065069,65–69 let,Z,0,2
2022,8,CZ071,Olomoucký kraj,B02,Pásový opar [herpes zoster],66070074,70–74 let,M,0,1
2022,8,CZ071,Olomoucký kraj,B02,Pásový opar [herpes zoster],66070074,70–74 let,Z,0,1
2022,8,CZ071,Olomoucký kraj,B02,Pásový opar [herpes zoster],66075999,75+ let,M,0,3
2022,8,CZ071,Olomoucký kraj,B02,Pásový opar [herpes zoster],66075999,75+ let,Z,0,2
2022,8,CZ071,Olomoucký kraj,B08,Jiné virové infekce charakterizované postižením kůže a sliznic NJ,66000000,0 let,M,0,3
2022,8,CZ071,Olomoucký kraj,B08,Jiné virové infekce charakterizované postižením kůže a sliznic NJ,66000000,0 let,Z,0,1
2022,8,CZ071,Olomoucký kraj,B08,Jiné virové infekce charakterizované postižením kůže a sliznic NJ,66001004,1–4 roky,M,0,7
2022,8,CZ071,Olomoucký kraj,B08,Jiné virové infekce charakterizované postižením kůže a sliznic NJ,66001004,1–4 roky,Z,0,6
2022,8,CZ071,Olomoucký kraj,B08,Jiné virové infekce charakterizované postižením kůže a sliznic NJ,66005009,5–9 let,M,0,3
2022,8,CZ071,Olomoucký kraj,B08,Jiné virové infekce charakterizované postižením kůže a sliznic NJ,66005009,5–9 let,Z,0,7
2022,8,CZ071,Olomoucký kraj,B08,Jiné virové infekce charakterizované postižením kůže a sliznic NJ,66010014,10–14 let,M,0,1
2022,8,CZ071,Olomoucký kraj,B08,Jiné virové infekce charakterizované postižením kůže a sliznic NJ,66010014,10–14 let,Z,0,1
2022,8,CZ071,Olomoucký kraj,B08,Jiné virové infekce charakterizované postižením kůže a sliznic NJ,66015019,15–19 let,M,0,3
2022,8,CZ071,Olomoucký kraj,B08,Jiné virové infekce charakterizované postižením kůže a sliznic NJ,66020024,20–24 let,M,0,1
2022,8,CZ071,Olomoucký kraj,B08,Jiné virové infekce charakterizované postižením kůže a sliznic NJ,66020024,20–24 let,Z,0,1
2022,8,CZ071,Olomoucký kraj,B08,Jiné virové infekce charakterizované postižením kůže a sliznic NJ,66025029,25–29 let,Z,0,1
2022,8,CZ071,Olomoucký kraj,B08,Jiné virové infekce charakterizované postižením kůže a sliznic NJ,66045049,45–49 let,M,0,1
2022,8,CZ071,Olomoucký kraj,B08,Jiné virové infekce charakterizované postižením kůže a sliznic NJ,66050054,50–54 let,Z,0,1
2022,8,CZ071,Olomoucký kraj,B08,Jiné virové infekce charakterizované postižením kůže a sliznic NJ,66065069,65–69 let,M,0,1
2022,8,CZ071,Olomoucký kraj,B18,Chronická virová hepatitida,66025029,25–29 let,M,0,1
2022,8,CZ071,Olomoucký kraj,B18,Chronická virová hepatitida,66030034,30–34 let,Z,0,1
2022,8,CZ071,Olomoucký kraj,B18,Chronická virová hepatitida,66035039,35–39 let,M,0,1
2022,8,CZ071,Olomoucký kraj,B18,Chronická virová hepatitida,66040044,40–44 let,M,0,1
2022,8,CZ071,Olomoucký kraj,B18,Chronická virová hepatitida,66050054,50–54 let,M,0,1
2022,8,CZ071,Olomoucký kraj,B18,Chronická virová hepatitida,66050054,50–54 let,Z,0,1
2022,8,CZ071,Olomoucký kraj,B18,Chronická virová hepatitida,66060064,60–64 let,M,0,1
2022,8,CZ071,Olomoucký kraj,B26,Příušnice [parotitis epidemica],66065069,65–69 let,M,0,1
2022,8,CZ071,Olomoucký kraj,B27,Infekční mononukleóza,66001004,1–4 roky,M,0,2
2022,8,CZ071,Olomoucký kraj,B27,Infekční mononukleóza,66001004,1–4 roky,Z,0,1
2022,8,CZ071,Olomoucký kraj,B27,Infekční mononukleóza,66005009,5–9 let,M,0,2
2022,8,CZ071,Olomoucký kraj,B27,Infekční mononukleóza,66010014,10–14 let,Z,0,1
2022,8,CZ071,Olomoucký kraj,B27,Infekční mononukleóza,66015019,15–19 let,M,0,1
2022,8,CZ071,Olomoucký kraj,B50,Malárie‚ původce: Plasmodium falciparum,66030034,30–34 let,M,0,1
2022,8,CZ071,Olomoucký kraj,B58,Toxoplazmóza [toxoplasmosis],66025029,25–29 let,Z,0,1
2022,8,CZ071,Olomoucký kraj,B58,Toxoplazmóza [toxoplasmosis],66065069,65–69 let,Z,0,1
2022,8,CZ071,Olomoucký kraj,B80,Enterobióza [enterobiasis],66001004,1–4 roky,Z,0,3
2022,8,CZ071,Olomoucký kraj,B80,Enterobióza [enterobiasis],66005009,5–9 let,Z,0,2
2022,8,CZ071,Olomoucký kraj,B80,Enterobióza [enterobiasis],66015019,15–19 let,M,0,1
2022,8,CZ071,Olomoucký kraj,B80,Enterobióza [enterobiasis],66045049,45–49 let,M,0,1
2022,8,CZ071,Olomoucký kraj,B85,"Zavšivení – pedikulóza [pediculosis], ftiriáza [phthiriasis]",66005009,5–9 let,M,0,1
2022,8,CZ071,Olomoucký kraj,B85,"Zavšivení – pedikulóza [pediculosis], ftiriáza [phthiriasis]",66005009,5–9 let,Z,0,2
2022,8,CZ071,Olomoucký kraj,B86,Svrab [scabies],66010014,10–14 let,Z,0,1
2022,8,CZ071,Olomoucký kraj,B86,Svrab [scabies],66015019,15–19 let,M,0,1
2022,8,CZ071,Olomoucký kraj,B86,Svrab [scabies],66020024,20–24 let,Z,0,3
2022,8,CZ071,Olomoucký kraj,B86,Svrab [scabies],66025029,25–29 let,M,0,2
2022,8,CZ071,Olomoucký kraj,B86,Svrab [scabies],66025029,25–29 let,Z,0,1
2022,8,CZ071,Olomoucký kraj,B86,Svrab [scabies],66035039,35–39 let,Z,0,1
2022,8,CZ071,Olomoucký kraj,B86,Svrab [scabies],66040044,40–44 let,Z,0,1
2022,8,CZ071,Olomoucký kraj,B86,Svrab [scabies],66045049,45–49 let,Z,0,2
2022,8,CZ071,Olomoucký kraj,B86,Svrab [scabies],66050054,50–54 let,M,0,1
2022,8,CZ071,Olomoucký kraj,B86,Svrab [scabies],66055059,55–59 let,M,0,1
2022,8,CZ071,Olomoucký kraj,B86,Svrab [scabies],66060064,60–64 let,M,0,1
2022,8,CZ071,Olomoucký kraj,B86,Svrab [scabies],66065069,65–69 let,M,0,1
2022,8,CZ071,Olomoucký kraj,B86,Svrab [scabies],66065069,65–69 let,Z,0,1
2022,8,CZ071,Olomoucký kraj,B86,Svrab [scabies],66070074,70–74 let,M,0,2
2022,8,CZ071,Olomoucký kraj,B86,Svrab [scabies],66070074,70–74 let,Z,0,4
2022,8,CZ071,Olomoucký kraj,G00,Bakteriální zánět mozkových a míšních plen (bakter. meningitida) NJ,66050054,50–54 let,M,0,1
2022,8,CZ071,Olomoucký kraj,W54,Kousnutí nebo úder psem,66040044,40–44 let,Z,0,1
2022,8,CZ071,Olomoucký kraj,W54,Kousnutí nebo úder psem,66060064,60–64 let,Z,0,1
2022,8,CZ071,Olomoucký kraj,W54,Kousnutí nebo úder psem,66075999,75+ let,M,0,1
2022,8,CZ071,Olomoucký kraj,W55,Kousnutí nebo úder jinými savci,66030034,30–34 let,M,0,1
2022,9,CZ071,Olomoucký kraj,A02,Jiné infekce způsobené salmonelami,66000000,0 let,M,0,5
2022,9,CZ071,Olomoucký kraj,A02,Jiné infekce způsobené salmonelami,66000000,0 let,Z,0,1
2022,9,CZ071,Olomoucký kraj,A02,Jiné infekce způsobené salmonelami,66001004,1–4 roky,M,0,9
2022,9,CZ071,Olomoucký kraj,A02,Jiné infekce způsobené salmonelami,66001004,1–4 roky,Z,0,11
2022,9,CZ071,Olomoucký kraj,A02,Jiné infekce způsobené salmonelami,66005009,5–9 let,M,0,7
2022,9,CZ071,Olomoucký kraj,A02,Jiné infekce způsobené salmonelami,66005009,5–9 let,Z,0,5
2022,9,CZ071,Olomoucký kraj,A02,Jiné infekce způsobené salmonelami,66010014,10–14 let,M,0,4
2022,9,CZ071,Olomoucký kraj,A02,Jiné infekce způsobené salmonelami,66010014,10–14 let,Z,0,2
2022,9,CZ071,Olomoucký kraj,A02,Jiné infekce způsobené salmonelami,66015019,15–19 let,M,0,6
2022,9,CZ071,Olomoucký kraj,A02,Jiné infekce způsobené salmonelami,66015019,15–19 let,Z,0,2
2022,9,CZ071,Olomoucký kraj,A02,Jiné infekce způsobené salmonelami,66025029,25–29 let,M,0,2
2022,9,CZ071,Olomoucký kraj,A02,Jiné infekce způsobené salmonelami,66025029,25–29 let,Z,0,1
2022,9,CZ071,Olomoucký kraj,A02,Jiné infekce způsobené salmonelami,66030034,30–34 let,M,0,1
2022,9,CZ071,Olomoucký kraj,A02,Jiné infekce způsobené salmonelami,66030034,30–34 let,Z,0,1
2022,9,CZ071,Olomoucký kraj,A02,Jiné infekce způsobené salmonelami,66035039,35–39 let,M,0,3
2022,9,CZ071,Olomoucký kraj,A02,Jiné infekce způsobené salmonelami,66040044,40–44 let,Z,0,1
2022,9,CZ071,Olomoucký kraj,A02,Jiné infekce způsobené salmonelami,66045049,45–49 let,M,0,1
2022,9,CZ071,Olomoucký kraj,A02,Jiné infekce způsobené salmonelami,66055059,55–59 let,M,0,1
2022,9,CZ071,Olomoucký kraj,A02,Jiné infekce způsobené salmonelami,66055059,55–59 let,Z,0,4
2022,9,CZ071,Olomoucký kraj,A02,Jiné infekce způsobené salmonelami,66060064,60–64 let,M,0,2
2022,9,CZ071,Olomoucký kraj,A02,Jiné infekce způsobené salmonelami,66060064,60–64 let,Z,0,1
2022,9,CZ071,Olomoucký kraj,A02,Jiné infekce způsobené salmonelami,66065069,65–69 let,M,0,2
2022,9,CZ071,Olomoucký kraj,A02,Jiné infekce způsobené salmonelami,66065069,65–69 let,Z,0,6
2022,9,CZ071,Olomoucký kraj,A02,Jiné infekce způsobené salmonelami,66070074,70–74 let,M,0,2
2022,9,CZ071,Olomoucký kraj,A02,Jiné infekce způsobené salmonelami,66070074,70–74 let,Z,0,2
2022,9,CZ071,Olomoucký kraj,A02,Jiné infekce způsobené salmonelami,66075999,75+ let,M,0,2
2022,9,CZ071,Olomoucký kraj,A02,Jiné infekce způsobené salmonelami,66075999,75+ let,Z,0,1
2022,9,CZ071,Olomoucký kraj,A03,Shigelóza,66035039,35–39 let,Z,0,1
2022,9,CZ071,Olomoucký kraj,A04,Jiné bakteriální střevní infekce,66000000,0 let,M,0,13
2022,9,CZ071,Olomoucký kraj,A04,Jiné bakteriální střevní infekce,66000000,0 let,Z,0,9
2022,9,CZ071,Olomoucký kraj,A04,Jiné bakteriální střevní infekce,66001004,1–4 roky,M,0,17
2022,9,CZ071,Olomoucký kraj,A04,Jiné bakteriální střevní infekce,66001004,1–4 roky,Z,0,20
2022,9,CZ071,Olomoucký kraj,A04,Jiné bakteriální střevní infekce,66005009,5–9 let,M,0,6
2022,9,CZ071,Olomoucký kraj,A04,Jiné bakteriální střevní infekce,66005009,5–9 let,Z,0,5
2022,9,CZ071,Olomoucký kraj,A04,Jiné bakteriální střevní infekce,66010014,10–14 let,M,0,6
2022,9,CZ071,Olomoucký kraj,A04,Jiné bakteriální střevní infekce,66015019,15–19 let,M,0,5
2022,9,CZ071,Olomoucký kraj,A04,Jiné bakteriální střevní infekce,66015019,15–19 let,Z,0,5
2022,9,CZ071,Olomoucký kraj,A04,Jiné bakteriální střevní infekce,66020024,20–24 let,M,0,6
2022,9,CZ071,Olomoucký kraj,A04,Jiné bakteriální střevní infekce,66020024,20–24 let,Z,0,1
2022,9,CZ071,Olomoucký kraj,A04,Jiné bakteriální střevní infekce,66025029,25–29 let,M,0,4
2022,9,CZ071,Olomoucký kraj,A04,Jiné bakteriální střevní infekce,66025029,25–29 let,Z,0,2
2022,9,CZ071,Olomoucký kraj,A04,Jiné bakteriální střevní infekce,66030034,30–34 let,M,0,1
2022,9,CZ071,Olomoucký kraj,A04,Jiné bakteriální střevní infekce,66035039,35–39 let,M,0,4
2022,9,CZ071,Olomoucký kraj,A04,Jiné bakteriální střevní infekce,66035039,35–39 let,Z,0,3
2022,9,CZ071,Olomoucký kraj,A04,Jiné bakteriální střevní infekce,66040044,40–44 let,M,0,1
2022,9,CZ071,Olomoucký kraj,A04,Jiné bakteriální střevní infekce,66040044,40–44 let,Z,0,1
2022,9,CZ071,Olomoucký kraj,A04,Jiné bakteriální střevní infekce,66045049,45–49 let,M,0,4
2022,9,CZ071,Olomoucký kraj,A04,Jiné bakteriální střevní infekce,66045049,45–49 let,Z,0,2
2022,9,CZ071,Olomoucký kraj,A04,Jiné bakteriální střevní infekce,66050054,50–54 let,Z,0,2
2022,9,CZ071,Olomoucký kraj,A04,Jiné bakteriální střevní infekce,66055059,55–59 let,M,0,2
2022,9,CZ071,Olomoucký kraj,A04,Jiné bakteriální střevní infekce,66055059,55–59 let,Z,0,1
2022,9,CZ071,Olomoucký kraj,A04,Jiné bakteriální střevní infekce,66060064,60–64 let,M,0,2
2022,9,CZ071,Olomoucký kraj,A04,Jiné bakteriální střevní infekce,66060064,60–64 let,Z,0,3
2022,9,CZ071,Olomoucký kraj,A04,Jiné bakteriální střevní infekce,66065069,65–69 let,M,0,3
2022,9,CZ071,Olomoucký kraj,A04,Jiné bakteriální střevní infekce,66065069,65–69 let,Z,0,1
2022,9,CZ071,Olomoucký kraj,A04,Jiné bakteriální střevní infekce,66070074,70–74 let,M,0,3
2022,9,CZ071,Olomoucký kraj,A04,Jiné bakteriální střevní infekce,66070074,70–74 let,Z,0,5
2022,9,CZ071,Olomoucký kraj,A04,Jiné bakteriální střevní infekce,66075999,75+ let,M,0,6
2022,9,CZ071,Olomoucký kraj,A04,Jiné bakteriální střevní infekce,66075999,75+ let,Z,0,6
2022,9,CZ071,Olomoucký kraj,A08,Střevní infekce viry a jinými určenými mikroorganismy,66000000,0 let,M,0,2
2022,9,CZ071,Olomoucký kraj,A08,Střevní infekce viry a jinými určenými mikroorganismy,66000000,0 let,Z,0,2
2022,9,CZ071,Olomoucký kraj,A08,Střevní infekce viry a jinými určenými mikroorganismy,66001004,1–4 roky,M,0,4
2022,9,CZ071,Olomoucký kraj,A08,Střevní infekce viry a jinými určenými mikroorganismy,66001004,1–4 roky,Z,0,7
2022,9,CZ071,Olomoucký kraj,A08,Střevní infekce viry a jinými určenými mikroorganismy,66005009,5–9 let,Z,0,2
2022,9,CZ071,Olomoucký kraj,A08,Střevní infekce viry a jinými určenými mikroorganismy,66010014,10–14 let,Z,0,1
2022,9,CZ071,Olomoucký kraj,A08,Střevní infekce viry a jinými určenými mikroorganismy,66015019,15–19 let,M,0,1
2022,9,CZ071,Olomoucký kraj,A08,Střevní infekce viry a jinými určenými mikroorganismy,66015019,15–19 let,Z,0,1
2022,9,CZ071,Olomoucký kraj,A08,Střevní infekce viry a jinými určenými mikroorganismy,66035039,35–39 let,Z,0,1
2022,9,CZ071,Olomoucký kraj,A08,Střevní infekce viry a jinými určenými mikroorganismy,66045049,45–49 let,M,0,1
2022,9,CZ071,Olomoucký kraj,A08,Střevní infekce viry a jinými určenými mikroorganismy,66055059,55–59 let,M,0,1
2022,9,CZ071,Olomoucký kraj,A37,Dávivý kašel [pertussis],66001004,1–4 roky,Z,0,1
2022,9,CZ071,Olomoucký kraj,A37,Dávivý kašel [pertussis],66030034,30–34 let,M,0,1
2022,9,CZ071,Olomoucký kraj,A37,Dávivý kašel [pertussis],66075999,75+ let,Z,0,1
2022,9,CZ071,Olomoucký kraj,A38,Spála [scarlatina],66001004,1–4 roky,M,0,1
2022,9,CZ071,Olomoucký kraj,A39,Meningokokové infekce,66000000,0 let,Z,0,1
2022,9,CZ071,Olomoucký kraj,A40,Streptokoková sepse,66065069,65–69 let,M,0,1
2022,9,CZ071,Olomoucký kraj,A46,Růže – erysipel,66045049,45–49 let,M,0,1
2022,9,CZ071,Olomoucký kraj,A46,Růže – erysipel,66050054,50–54 let,M,0,1
2022,9,CZ071,Olomoucký kraj,A46,Růže – erysipel,66050054,50–54 let,Z,0,1
2022,9,CZ071,Olomoucký kraj,A46,Růže – erysipel,66055059,55–59 let,M,0,1
2022,9,CZ071,Olomoucký kraj,A46,Růže – erysipel,66060064,60–64 let,M,0,5
2022,9,CZ071,Olomoucký kraj,A46,Růže – erysipel,66060064,60–64 let,Z,0,2
2022,9,CZ071,Olomoucký kraj,A46,Růže – erysipel,66065069,65–69 let,M,0,1
2022,9,CZ071,Olomoucký kraj,A46,Růže – erysipel,66070074,70–74 let,M,0,2
2022,9,CZ071,Olomoucký kraj,A46,Růže – erysipel,66070074,70–74 let,Z,0,2
2022,9,CZ071,Olomoucký kraj,A46,Růže – erysipel,66075999,75+ let,M,0,2
2022,9,CZ071,Olomoucký kraj,A46,Růže – erysipel,66075999,75+ let,Z,0,2
2022,9,CZ071,Olomoucký kraj,A48,Jiné bakteriální nemoci nezařazené jinde,66055059,55–59 let,M,0,1
2022,9,CZ071,Olomoucký kraj,A48,Jiné bakteriální nemoci nezařazené jinde,66070074,70–74 let,Z,0,1
2022,9,CZ071,Olomoucký kraj,A56,Jiná chlamydiová onemocnění přenášená pohlavním stykem,66020024,20–24 let,Z,0,1
2022,9,CZ071,Olomoucký kraj,A56,Jiná chlamydiová onemocnění přenášená pohlavním stykem,66035039,35–39 let,M,0,1
2022,9,CZ071,Olomoucký kraj,A56,Jiná chlamydiová onemocnění přenášená pohlavním stykem,66045049,45–49 let,M,0,1
2022,9,CZ071,Olomoucký kraj,A69,Jiné spirochetové infekce,66001004,1–4 roky,M,0,1
2022,9,CZ071,Olomoucký kraj,A69,Jiné spirochetové infekce,66001004,1–4 roky,Z,0,1
2022,9,CZ071,Olomoucký kraj,A69,Jiné spirochetové infekce,66005009,5–9 let,M,0,1
2022,9,CZ071,Olomoucký kraj,A69,Jiné spirochetové infekce,66005009,5–9 let,Z,0,1
2022,9,CZ071,Olomoucký kraj,A69,Jiné spirochetové infekce,66010014,10–14 let,M,0,1
2022,9,CZ071,Olomoucký kraj,A69,Jiné spirochetové infekce,66015019,15–19 let,Z,0,1
2022,9,CZ071,Olomoucký kraj,A69,Jiné spirochetové infekce,66025029,25–29 let,M,0,1
2022,9,CZ071,Olomoucký kraj,A69,Jiné spirochetové infekce,66025029,25–29 let,Z,0,1
2022,9,CZ071,Olomoucký kraj,A69,Jiné spirochetové infekce,66035039,35–39 let,Z,0,1
2022,9,CZ071,Olomoucký kraj,A69,Jiné spirochetové infekce,66040044,40–44 let,M,0,1
2022,9,CZ071,Olomoucký kraj,A69,Jiné spirochetové infekce,66040044,40–44 let,Z,0,4
2022,9,CZ071,Olomoucký kraj,A69,Jiné spirochetové infekce,66045049,45–49 let,M,0,1
2022,9,CZ071,Olomoucký kraj,A69,Jiné spirochetové infekce,66045049,45–49 let,Z,0,5
2022,9,CZ071,Olomoucký kraj,A69,Jiné spirochetové infekce,66050054,50–54 let,M,0,1
2022,9,CZ071,Olomoucký kraj,A69,Jiné spirochetové infekce,66050054,50–54 let,Z,0,1
2022,9,CZ071,Olomoucký kraj,A69,Jiné spirochetové infekce,66055059,55–59 let,M,0,2
2022,9,CZ071,Olomoucký kraj,A69,Jiné spirochetové infekce,66055059,55–59 let,Z,0,2
2022,9,CZ071,Olomoucký kraj,A69,Jiné spirochetové infekce,66060064,60–64 let,Z,0,6
2022,9,CZ071,Olomoucký kraj,A69,Jiné spirochetové infekce,66065069,65–69 let,M,0,1
2022,9,CZ071,Olomoucký kraj,A69,Jiné spirochetové infekce,66065069,65–69 let,Z,0,3
2022,9,CZ071,Olomoucký kraj,A69,Jiné spirochetové infekce,66070074,70–74 let,Z,0,3
2022,9,CZ071,Olomoucký kraj,A69,Jiné spirochetové infekce,66075999,75+ let,M,0,1
2022,9,CZ071,Olomoucký kraj,A69,Jiné spirochetové infekce,66075999,75+ let,Z,0,1
2022,9,CZ071,Olomoucký kraj,A81,Atypické virové infekce centrální nervové soustavy,66075999,75+ let,Z,0,1
2022,9,CZ071,Olomoucký kraj,A84,Virová encefalitida přenášená klíšťaty,66010014,10–14 let,M,0,1
2022,9,CZ071,Olomoucký kraj,A84,Virová encefalitida přenášená klíšťaty,66055059,55–59 let,Z,0,1
2022,9,CZ071,Olomoucký kraj,A84,Virová encefalitida přenášená klíšťaty,66060064,60–64 let,Z,0,2
2022,9,CZ071,Olomoucký kraj,A86,Neurčená virová encefalitida,66065069,65–69 let,Z,0,1
2022,9,CZ071,Olomoucký kraj,A87,Virová meningitida,66005009,5–9 let,M,0,1
2022,9,CZ071,Olomoucký kraj,A87,Virová meningitida,66070074,70–74 let,M,0,1
2022,9,CZ071,Olomoucký kraj,A87,Virová meningitida,66070074,70–74 let,Z,0,1
2022,9,CZ071,Olomoucký kraj,B00,Infekce virem Herpes simplex,66060064,60–64 let,M,0,1
2022,9,CZ071,Olomoucký kraj,B01,Plané neštovice [varicella],66001004,1–4 roky,M,0,17
2022,9,CZ071,Olomoucký kraj,B01,Plané neštovice [varicella],66001004,1–4 roky,Z,0,10
2022,9,CZ071,Olomoucký kraj,B01,Plané neštovice [varicella],66005009,5–9 let,M,0,7
2022,9,CZ071,Olomoucký kraj,B01,Plané neštovice [varicella],66005009,5–9 let,Z,0,10
2022,9,CZ071,Olomoucký kraj,B01,Plané neštovice [varicella],66010014,10–14 let,Z,0,1
2022,9,CZ071,Olomoucký kraj,B01,Plané neštovice [varicella],66015019,15–19 let,M,0,1
2022,9,CZ071,Olomoucký kraj,B01,Plané neštovice [varicella],66025029,25–29 let,M,0,1
2022,9,CZ071,Olomoucký kraj,B02,Pásový opar [herpes zoster],66005009,5–9 let,M,0,1
2022,9,CZ071,Olomoucký kraj,B02,Pásový opar [herpes zoster],66030034,30–34 let,Z,0,1
2022,9,CZ071,Olomoucký kraj,B02,Pásový opar [herpes zoster],66045049,45–49 let,M,0,1
2022,9,CZ071,Olomoucký kraj,B02,Pásový opar [herpes zoster],66045049,45–49 let,Z,0,1
2022,9,CZ071,Olomoucký kraj,B02,Pásový opar [herpes zoster],66050054,50–54 let,M,0,2
2022,9,CZ071,Olomoucký kraj,B02,Pásový opar [herpes zoster],66050054,50–54 let,Z,0,2
2022,9,CZ071,Olomoucký kraj,B02,Pásový opar [herpes zoster],66055059,55–59 let,M,0,2
2022,9,CZ071,Olomoucký kraj,B02,Pásový opar [herpes zoster],66055059,55–59 let,Z,0,1
2022,9,CZ071,Olomoucký kraj,B02,Pásový opar [herpes zoster],66060064,60–64 let,Z,0,3
2022,9,CZ071,Olomoucký kraj,B02,Pásový opar [herpes zoster],66065069,65–69 let,M,0,1
2022,9,CZ071,Olomoucký kraj,B02,Pásový opar [herpes zoster],66065069,65–69 let,Z,0,4
2022,9,CZ071,Olomoucký kraj,B02,Pásový opar [herpes zoster],66070074,70–74 let,M,0,2
2022,9,CZ071,Olomoucký kraj,B02,Pásový opar [herpes zoster],66070074,70–74 let,Z,0,3
2022,9,CZ071,Olomoucký kraj,B02,Pásový opar [herpes zoster],66075999,75+ let,M,0,4
2022,9,CZ071,Olomoucký kraj,B02,Pásový opar [herpes zoster],66075999,75+ let,Z,0,9
2022,9,CZ071,Olomoucký kraj,B04,Opičí neštovice,66020024,20–24 let,M,0,1
2022,9,CZ071,Olomoucký kraj,B08,Jiné virové infekce charakterizované postižením kůže a sliznic NJ,66000000,0 let,M,0,1
2022,9,CZ071,Olomoucký kraj,B08,Jiné virové infekce charakterizované postižením kůže a sliznic NJ,66000000,0 let,Z,0,2
2022,9,CZ071,Olomoucký kraj,B08,Jiné virové infekce charakterizované postižením kůže a sliznic NJ,66001004,1–4 roky,M,0,4
2022,9,CZ071,Olomoucký kraj,B08,Jiné virové infekce charakterizované postižením kůže a sliznic NJ,66001004,1–4 roky,Z,0,6
2022,9,CZ071,Olomoucký kraj,B08,Jiné virové infekce charakterizované postižením kůže a sliznic NJ,66005009,5–9 let,M,0,1
2022,9,CZ071,Olomoucký kraj,B08,Jiné virové infekce charakterizované postižením kůže a sliznic NJ,66005009,5–9 let,Z,0,2
2022,9,CZ071,Olomoucký kraj,B15,Akutní hepatitida A,66045049,45–49 let,M,0,1
2022,9,CZ071,Olomoucký kraj,B15,Akutní hepatitida A,66050054,50–54 let,M,0,1
2022,9,CZ071,Olomoucký kraj,B17,Jiná akutní virová hepatitida,66060064,60–64 let,Z,0,1
2022,9,CZ071,Olomoucký kraj,B17,Jiná akutní virová hepatitida,66070074,70–74 let,M,0,1
2022,9,CZ071,Olomoucký kraj,B18,Chronická virová hepatitida,66025029,25–29 let,Z,0,1
2022,9,CZ071,Olomoucký kraj,B18,Chronická virová hepatitida,66035039,35–39 let,Z,0,1
2022,9,CZ071,Olomoucký kraj,B18,Chronická virová hepatitida,66040044,40–44 let,Z,0,1
2022,9,CZ071,Olomoucký kraj,B18,Chronická virová hepatitida,66050054,50–54 let,M,0,1
2022,9,CZ071,Olomoucký kraj,B18,Chronická virová hepatitida,66055059,55–59 let,M,0,1
2022,9,CZ071,Olomoucký kraj,B80,Enterobióza [enterobiasis],66001004,1–4 roky,M,0,1
2022,9,CZ071,Olomoucký kraj,B80,Enterobióza [enterobiasis],66001004,1–4 roky,Z,0,1
2022,9,CZ071,Olomoucký kraj,B80,Enterobióza [enterobiasis],66005009,5–9 let,M,0,2
2022,9,CZ071,Olomoucký kraj,B80,Enterobióza [enterobiasis],66005009,5–9 let,Z,0,4
2022,9,CZ071,Olomoucký kraj,B80,Enterobióza [enterobiasis],66010014,10–14 let,Z,0,1
2022,9,CZ071,Olomoucký kraj,B80,Enterobióza [enterobiasis],66015019,15–19 let,M,0,1
2022,9,CZ071,Olomoucký kraj,B86,Svrab [scabies],66005009,5–9 let,M,0,1
2022,9,CZ071,Olomoucký kraj,B86,Svrab [scabies],66010014,10–14 let,Z,0,1
2022,9,CZ071,Olomoucký kraj,B86,Svrab [scabies],66015019,15–19 let,Z,0,1
2022,9,CZ071,Olomoucký kraj,B86,Svrab [scabies],66020024,20–24 let,M,0,2
2022,9,CZ071,Olomoucký kraj,B86,Svrab [scabies],66020024,20–24 let,Z,0,2
2022,9,CZ071,Olomoucký kraj,B86,Svrab [scabies],66025029,25–29 let,M,0,1
2022,9,CZ071,Olomoucký kraj,B86,Svrab [scabies],66025029,25–29 let,Z,0,2
2022,9,CZ071,Olomoucký kraj,B86,Svrab [scabies],66045049,45–49 let,Z,0,2
2022,9,CZ071,Olomoucký kraj,B86,Svrab [scabies],66050054,50–54 let,Z,0,1
2022,9,CZ071,Olomoucký kraj,B86,Svrab [scabies],66055059,55–59 let,M,0,1
2022,9,CZ071,Olomoucký kraj,B86,Svrab [scabies],66060064,60–64 let,Z,0,3
2022,9,CZ071,Olomoucký kraj,B86,Svrab [scabies],66065069,65–69 let,M,0,1
2022,9,CZ071,Olomoucký kraj,B86,Svrab [scabies],66065069,65–69 let,Z,0,1
2022,9,CZ071,Olomoucký kraj,B86,Svrab [scabies],66070074,70–74 let,Z,0,2
2022,9,CZ071,Olomoucký kraj,B86,Svrab [scabies],66075999,75+ let,M,0,1
2022,9,CZ071,Olomoucký kraj,B88,Napadení jinými ektoparazity,66075999,75+ let,Z,0,1
2022,9,CZ071,Olomoucký kraj,J13,Zánět plic‚ původce: Streptococcus pneumoniae,66060064,60–64 let,M,0,1
2022,10,CZ071,Olomoucký kraj,A02,Jiné infekce způsobené salmonelami,66000000,0 let,M,0,2
2022,10,CZ071,Olomoucký kraj,A02,Jiné infekce způsobené salmonelami,66001004,1–4 roky,M,0,16
2022,10,CZ071,Olomoucký kraj,A02,Jiné infekce způsobené salmonelami,66001004,1–4 roky,Z,0,12
2022,10,CZ071,Olomoucký kraj,A02,Jiné infekce způsobené salmonelami,66005009,5–9 let,M,0,8
2022,10,CZ071,Olomoucký kraj,A02,Jiné infekce způsobené salmonelami,66005009,5–9 let,Z,0,6
2022,10,CZ071,Olomoucký kraj,A02,Jiné infekce způsobené salmonelami,66010014,10–14 let,M,0,6
2022,10,CZ071,Olomoucký kraj,A02,Jiné infekce způsobené salmonelami,66010014,10–14 let,Z,0,4
2022,10,CZ071,Olomoucký kraj,A02,Jiné infekce způsobené salmonelami,66015019,15–19 let,M,0,2
2022,10,CZ071,Olomoucký kraj,A02,Jiné infekce způsobené salmonelami,66015019,15–19 let,Z,0,2
2022,10,CZ071,Olomoucký kraj,A02,Jiné infekce způsobené salmonelami,66020024,20–24 let,M,0,1
2022,10,CZ071,Olomoucký kraj,A02,Jiné infekce způsobené salmonelami,66020024,20–24 let,Z,0,1
2022,10,CZ071,Olomoucký kraj,A02,Jiné infekce způsobené salmonelami,66025029,25–29 let,M,0,1
2022,10,CZ071,Olomoucký kraj,A02,Jiné infekce způsobené salmonelami,66025029,25–29 let,Z,0,1
2022,10,CZ071,Olomoucký kraj,A02,Jiné infekce způsobené salmonelami,66030034,30–34 let,M,0,2
2022,10,CZ071,Olomoucký kraj,A02,Jiné infekce způsobené salmonelami,66030034,30–34 let,Z,0,1
2022,10,CZ071,Olomoucký kraj,A02,Jiné infekce způsobené salmonelami,66035039,35–39 let,Z,0,1
2022,10,CZ071,Olomoucký kraj,A02,Jiné infekce způsobené salmonelami,66040044,40–44 let,M,0,1
2022,10,CZ071,Olomoucký kraj,A02,Jiné infekce způsobené salmonelami,66040044,40–44 let,Z,0,1
2022,10,CZ071,Olomoucký kraj,A02,Jiné infekce způsobené salmonelami,66045049,45–49 let,M,0,2
2022,10,CZ071,Olomoucký kraj,A02,Jiné infekce způsobené salmonelami,66045049,45–49 let,Z,0,3
2022,10,CZ071,Olomoucký kraj,A02,Jiné infekce způsobené salmonelami,66050054,50–54 let,M,0,1
2022,10,CZ071,Olomoucký kraj,A02,Jiné infekce způsobené salmonelami,66050054,50–54 let,Z,0,1
2022,10,CZ071,Olomoucký kraj,A02,Jiné infekce způsobené salmonelami,66055059,55–59 let,Z,0,1
2022,10,CZ071,Olomoucký kraj,A02,Jiné infekce způsobené salmonelami,66060064,60–64 let,M,0,1
2022,10,CZ071,Olomoucký kraj,A02,Jiné infekce způsobené salmonelami,66060064,60–64 let,Z,0,1
2022,10,CZ071,Olomoucký kraj,A02,Jiné infekce způsobené salmonelami,66075999,75+ let,M,0,2
2022,10,CZ071,Olomoucký kraj,A02,Jiné infekce způsobené salmonelami,66075999,75+ let,Z,0,4
2022,10,CZ071,Olomoucký kraj,A03,Shigelóza,66001004,1–4 roky,M,0,1
2022,10,CZ071,Olomoucký kraj,A03,Shigelóza,66010014,10–14 let,M,0,1
2022,10,CZ071,Olomoucký kraj,A03,Shigelóza,66030034,30–34 let,M,0,1
2022,10,CZ071,Olomoucký kraj,A03,Shigelóza,66050054,50–54 let,Z,0,1
2022,10,CZ071,Olomoucký kraj,A03,Shigelóza,66060064,60–64 let,M,0,1
2022,10,CZ071,Olomoucký kraj,A04,Jiné bakteriální střevní infekce,66000000,0 let,M,0,12
2022,10,CZ071,Olomoucký kraj,A04,Jiné bakteriální střevní infekce,66000000,0 let,Z,0,8
2022,10,CZ071,Olomoucký kraj,A04,Jiné bakteriální střevní infekce,66001004,1–4 roky,M,0,20
2022,10,CZ071,Olomoucký kraj,A04,Jiné bakteriální střevní infekce,66001004,1–4 roky,Z,0,12
2022,10,CZ071,Olomoucký kraj,A04,Jiné bakteriální střevní infekce,66005009,5–9 let,M,0,8
2022,10,CZ071,Olomoucký kraj,A04,Jiné bakteriální střevní infekce,66005009,5–9 let,Z,0,7
2022,10,CZ071,Olomoucký kraj,A04,Jiné bakteriální střevní infekce,66010014,10–14 let,M,0,3
2022,10,CZ071,Olomoucký kraj,A04,Jiné bakteriální střevní infekce,66010014,10–14 let,Z,0,3
2022,10,CZ071,Olomoucký kraj,A04,Jiné bakteriální střevní infekce,66015019,15–19 let,M,0,5
2022,10,CZ071,Olomoucký kraj,A04,Jiné bakteriální střevní infekce,66015019,15–19 let,Z,0,6
2022,10,CZ071,Olomoucký kraj,A04,Jiné bakteriální střevní infekce,66020024,20–24 let,M,0,4
2022,10,CZ071,Olomoucký kraj,A04,Jiné bakteriální střevní infekce,66020024,20–24 let,Z,0,2
2022,10,CZ071,Olomoucký kraj,A04,Jiné bakteriální střevní infekce,66025029,25–29 let,M,0,2
2022,10,CZ071,Olomoucký kraj,A04,Jiné bakteriální střevní infekce,66025029,25–29 let,Z,0,3
2022,10,CZ071,Olomoucký kraj,A04,Jiné bakteriální střevní infekce,66030034,30–34 let,M,0,1
2022,10,CZ071,Olomoucký kraj,A04,Jiné bakteriální střevní infekce,66035039,35–39 let,M,0,2
2022,10,CZ071,Olomoucký kraj,A04,Jiné bakteriální střevní infekce,66035039,35–39 let,Z,0,1
2022,10,CZ071,Olomoucký kraj,A04,Jiné bakteriální střevní infekce,66040044,40–44 let,M,0,1
2022,10,CZ071,Olomoucký kraj,A04,Jiné bakteriální střevní infekce,66040044,40–44 let,Z,0,2
2022,10,CZ071,Olomoucký kraj,A04,Jiné bakteriální střevní infekce,66045049,45–49 let,M,0,2
2022,10,CZ071,Olomoucký kraj,A04,Jiné bakteriální střevní infekce,66045049,45–49 let,Z,0,3
2022,10,CZ071,Olomoucký kraj,A04,Jiné bakteriální střevní infekce,66050054,50–54 let,M,0,1
2022,10,CZ071,Olomoucký kraj,A04,Jiné bakteriální střevní infekce,66050054,50–54 let,Z,0,1
2022,10,CZ071,Olomoucký kraj,A04,Jiné bakteriální střevní infekce,66055059,55–59 let,M,0,1
2022,10,CZ071,Olomoucký kraj,A04,Jiné bakteriální střevní infekce,66055059,55–59 let,Z,0,1
2022,10,CZ071,Olomoucký kraj,A04,Jiné bakteriální střevní infekce,66060064,60–64 let,M,0,2
2022,10,CZ071,Olomoucký kraj,A04,Jiné bakteriální střevní infekce,66060064,60–64 let,Z,0,3
2022,10,CZ071,Olomoucký kraj,A04,Jiné bakteriální střevní infekce,66065069,65–69 let,M,0,2
2022,10,CZ071,Olomoucký kraj,A04,Jiné bakteriální střevní infekce,66065069,65–69 let,Z,0,4
2022,10,CZ071,Olomoucký kraj,A04,Jiné bakteriální střevní infekce,66070074,70–74 let,M,0,2
2022,10,CZ071,Olomoucký kraj,A04,Jiné bakteriální střevní infekce,66070074,70–74 let,Z,0,5
2022,10,CZ071,Olomoucký kraj,A04,Jiné bakteriální střevní infekce,66075999,75+ let,M,0,3
2022,10,CZ071,Olomoucký kraj,A04,Jiné bakteriální střevní infekce,66075999,75+ let,Z,0,7
2022,10,CZ071,Olomoucký kraj,A07,Jiné protozoární střevní nemoci,66010014,10–14 let,Z,0,1
2022,10,CZ071,Olomoucký kraj,A07,Jiné protozoární střevní nemoci,66015019,15–19 let,Z,0,1
2022,10,CZ071,Olomoucký kraj,A08,Střevní infekce viry a jinými určenými mikroorganismy,66000000,0 let,M,0,4
2022,10,CZ071,Olomoucký kraj,A08,Střevní infekce viry a jinými určenými mikroorganismy,66000000,0 let,Z,0,3
2022,10,CZ071,Olomoucký kraj,A08,Střevní infekce viry a jinými určenými mikroorganismy,66001004,1–4 roky,M,0,11
2022,10,CZ071,Olomoucký kraj,A08,Střevní infekce viry a jinými určenými mikroorganismy,66001004,1–4 roky,Z,0,5
2022,10,CZ071,Olomoucký kraj,A08,Střevní infekce viry a jinými určenými mikroorganismy,66005009,5–9 let,M,0,3
2022,10,CZ071,Olomoucký kraj,A08,Střevní infekce viry a jinými určenými mikroorganismy,66005009,5–9 let,Z,0,6
2022,10,CZ071,Olomoucký kraj,A08,Střevní infekce viry a jinými určenými mikroorganismy,66010014,10–14 let,M,0,3
2022,10,CZ071,Olomoucký kraj,A08,Střevní infekce viry a jinými určenými mikroorganismy,66010014,10–14 let,Z,0,1
2022,10,CZ071,Olomoucký kraj,A08,Střevní infekce viry a jinými určenými mikroorganismy,66020024,20–24 let,M,0,1
2022,10,CZ071,Olomoucký kraj,A08,Střevní infekce viry a jinými určenými mikroorganismy,66035039,35–39 let,Z,0,1
2022,10,CZ071,Olomoucký kraj,A08,Střevní infekce viry a jinými určenými mikroorganismy,66045049,45–49 let,M,0,1
2022,10,CZ071,Olomoucký kraj,A38,Spála [scarlatina],66001004,1–4 roky,M,0,1
2022,10,CZ071,Olomoucký kraj,A38,Spála [scarlatina],66005009,5–9 let,Z,0,2
2022,10,CZ071,Olomoucký kraj,A38,Spála [scarlatina],66010014,10–14 let,Z,0,1
2022,10,CZ071,Olomoucký kraj,A38,Spála [scarlatina],66015019,15–19 let,Z,0,1
2022,10,CZ071,Olomoucký kraj,A39,Meningokokové infekce,66000000,0 let,Z,0,1
2022,10,CZ071,Olomoucký kraj,A40,Streptokoková sepse,66030034,30–34 let,M,0,1
2022,10,CZ071,Olomoucký kraj,A46,Růže – erysipel,66040044,40–44 let,M,0,1
2022,10,CZ071,Olomoucký kraj,A46,Růže – erysipel,66040044,40–44 let,Z,0,1
2022,10,CZ071,Olomoucký kraj,A46,Růže – erysipel,66050054,50–54 let,M,0,1
2022,10,CZ071,Olomoucký kraj,A46,Růže – erysipel,66055059,55–59 let,M,0,1
2022,10,CZ071,Olomoucký kraj,A46,Růže – erysipel,66060064,60–64 let,Z,0,1
2022,10,CZ071,Olomoucký kraj,A46,Růže – erysipel,66065069,65–69 let,M,0,2
2022,10,CZ071,Olomoucký kraj,A46,Růže – erysipel,66065069,65–69 let,Z,0,1
2022,10,CZ071,Olomoucký kraj,A46,Růže – erysipel,66070074,70–74 let,M,0,2
2022,10,CZ071,Olomoucký kraj,A46,Růže – erysipel,66075999,75+ let,M,0,3
2022,10,CZ071,Olomoucký kraj,A46,Růže – erysipel,66075999,75+ let,Z,0,3
2022,10,CZ071,Olomoucký kraj,A56,Jiná chlamydiová onemocnění přenášená pohlavním stykem,66020024,20–24 let,Z,0,1
2022,10,CZ071,Olomoucký kraj,A56,Jiná chlamydiová onemocnění přenášená pohlavním stykem,66045049,45–49 let,M,0,1
2022,10,CZ071,Olomoucký kraj,A69,Jiné spirochetové infekce,66005009,5–9 let,M,0,1
2022,10,CZ071,Olomoucký kraj,A69,Jiné spirochetové infekce,66010014,10–14 let,M,0,2
2022,10,CZ071,Olomoucký kraj,A69,Jiné spirochetové infekce,66010014,10–14 let,Z,0,1
2022,10,CZ071,Olomoucký kraj,A69,Jiné spirochetové infekce,66015019,15–19 let,M,0,1
2022,10,CZ071,Olomoucký kraj,A69,Jiné spirochetové infekce,66015019,15–19 let,Z,0,2
2022,10,CZ071,Olomoucký kraj,A69,Jiné spirochetové infekce,66030034,30–34 let,M,0,2
2022,10,CZ071,Olomoucký kraj,A69,Jiné spirochetové infekce,66030034,30–34 let,Z,0,1
2022,10,CZ071,Olomoucký kraj,A69,Jiné spirochetové infekce,66035039,35–39 let,M,0,2
2022,10,CZ071,Olomoucký kraj,A69,Jiné spirochetové infekce,66040044,40–44 let,M,0,1
2022,10,CZ071,Olomoucký kraj,A69,Jiné spirochetové infekce,66045049,45–49 let,Z,0,2
2022,10,CZ071,Olomoucký kraj,A69,Jiné spirochetové infekce,66050054,50–54 let,M,0,1
2022,10,CZ071,Olomoucký kraj,A69,Jiné spirochetové infekce,66050054,50–54 let,Z,0,3
2022,10,CZ071,Olomoucký kraj,A69,Jiné spirochetové infekce,66055059,55–59 let,M,0,2
2022,10,CZ071,Olomoucký kraj,A69,Jiné spirochetové infekce,66055059,55–59 let,Z,0,1
2022,10,CZ071,Olomoucký kraj,A69,Jiné spirochetové infekce,66060064,60–64 let,M,0,1
2022,10,CZ071,Olomoucký kraj,A69,Jiné spirochetové infekce,66060064,60–64 let,Z,0,2
2022,10,CZ071,Olomoucký kraj,A69,Jiné spirochetové infekce,66065069,65–69 let,Z,0,2
2022,10,CZ071,Olomoucký kraj,A69,Jiné spirochetové infekce,66070074,70–74 let,M,0,1
2022,10,CZ071,Olomoucký kraj,A69,Jiné spirochetové infekce,66070074,70–74 let,Z,0,2
2022,10,CZ071,Olomoucký kraj,A84,Virová encefalitida přenášená klíšťaty,66001004,1–4 roky,M,0,1
2022,10,CZ071,Olomoucký kraj,A84,Virová encefalitida přenášená klíšťaty,66005009,5–9 let,M,0,1
2022,10,CZ071,Olomoucký kraj,A84,Virová encefalitida přenášená klíšťaty,66025029,25–29 let,M,0,1
2022,10,CZ071,Olomoucký kraj,A84,Virová encefalitida přenášená klíšťaty,66040044,40–44 let,Z,0,2
2022,10,CZ071,Olomoucký kraj,A84,Virová encefalitida přenášená klíšťaty,66055059,55–59 let,Z,0,1
2022,10,CZ071,Olomoucký kraj,A84,Virová encefalitida přenášená klíšťaty,66060064,60–64 let,Z,0,1
2022,10,CZ071,Olomoucký kraj,A86,Neurčená virová encefalitida,66005009,5–9 let,M,0,1
2022,10,CZ071,Olomoucký kraj,B00,Infekce virem Herpes simplex,66075999,75+ let,M,0,1
2022,10,CZ071,Olomoucký kraj,B01,Plané neštovice [varicella],66000000,0 let,Z,0,2
2022,10,CZ071,Olomoucký kraj,B01,Plané neštovice [varicella],66001004,1–4 roky,M,0,4
2022,10,CZ071,Olomoucký kraj,B01,Plané neštovice [varicella],66001004,1–4 roky,Z,0,2
2022,10,CZ071,Olomoucký kraj,B01,Plané neštovice [varicella],66005009,5–9 let,M,0,6
2022,10,CZ071,Olomoucký kraj,B01,Plané neštovice [varicella],66005009,5–9 let,Z,0,11
2022,10,CZ071,Olomoucký kraj,B01,Plané neštovice [varicella],66010014,10–14 let,Z,0,1
2022,10,CZ071,Olomoucký kraj,B01,Plané neštovice [varicella],66020024,20–24 let,M,0,1
2022,10,CZ071,Olomoucký kraj,B01,Plané neštovice [varicella],66050054,50–54 let,M,0,1
2022,10,CZ071,Olomoucký kraj,B02,Pásový opar [herpes zoster],66010014,10–14 let,Z,0,1
2022,10,CZ071,Olomoucký kraj,B02,Pásový opar [herpes zoster],66020024,20–24 let,M,0,1
2022,10,CZ071,Olomoucký kraj,B02,Pásový opar [herpes zoster],66040044,40–44 let,M,0,1
2022,10,CZ071,Olomoucký kraj,B02,Pásový opar [herpes zoster],66050054,50–54 let,M,0,1
2022,10,CZ071,Olomoucký kraj,B02,Pásový opar [herpes zoster],66050054,50–54 let,Z,0,3
2022,10,CZ071,Olomoucký kraj,B02,Pásový opar [herpes zoster],66055059,55–59 let,M,0,2
2022,10,CZ071,Olomoucký kraj,B02,Pásový opar [herpes zoster],66055059,55–59 let,Z,0,1
2022,10,CZ071,Olomoucký kraj,B02,Pásový opar [herpes zoster],66060064,60–64 let,M,0,1
2022,10,CZ071,Olomoucký kraj,B02,Pásový opar [herpes zoster],66060064,60–64 let,Z,0,1
2022,10,CZ071,Olomoucký kraj,B02,Pásový opar [herpes zoster],66065069,65–69 let,M,0,1
2022,10,CZ071,Olomoucký kraj,B02,Pásový opar [herpes zoster],66065069,65–69 let,Z,0,2
2022,10,CZ071,Olomoucký kraj,B02,Pásový opar [herpes zoster],66070074,70–74 let,Z,0,1
2022,10,CZ071,Olomoucký kraj,B02,Pásový opar [herpes zoster],66075999,75+ let,M,0,3
2022,10,CZ071,Olomoucký kraj,B02,Pásový opar [herpes zoster],66075999,75+ let,Z,0,1
2022,10,CZ071,Olomoucký kraj,B08,Jiné virové infekce charakterizované postižením kůže a sliznic NJ,66000000,0 let,Z,0,1
2022,10,CZ071,Olomoucký kraj,B08,Jiné virové infekce charakterizované postižením kůže a sliznic NJ,66001004,1–4 roky,M,0,3
2022,10,CZ071,Olomoucký kraj,B08,Jiné virové infekce charakterizované postižením kůže a sliznic NJ,66001004,1–4 roky,Z,0,1
2022,10,CZ071,Olomoucký kraj,B08,Jiné virové infekce charakterizované postižením kůže a sliznic NJ,66005009,5–9 let,M,0,1
2022,10,CZ071,Olomoucký kraj,B08,Jiné virové infekce charakterizované postižením kůže a sliznic NJ,66010014,10–14 let,Z,0,3
2022,10,CZ071,Olomoucký kraj,B08,Jiné virové infekce charakterizované postižením kůže a sliznic NJ,66015019,15–19 let,Z,0,2
2022,10,CZ071,Olomoucký kraj,B08,Jiné virové infekce charakterizované postižením kůže a sliznic NJ,66020024,20–24 let,Z,0,1
2022,10,CZ071,Olomoucký kraj,B08,Jiné virové infekce charakterizované postižením kůže a sliznic NJ,66025029,25–29 let,M,0,1
2022,10,CZ071,Olomoucký kraj,B16,Akutní hepatitida B,66030034,30–34 let,Z,0,1
2023,3,CZ041,Karlovarský kraj,J10,Chřipka způsobená identifikovaným sezónním chřipkovým virem,66015019,15–19 let,Z,0,1
2023,3,CZ041,Karlovarský kraj,J10,Chřipka způsobená identifikovaným sezónním chřipkovým virem,66025029,25–29 let,M,0,1
2023,3,CZ041,Karlovarský kraj,J10,Chřipka způsobená identifikovaným sezónním chřipkovým virem,66025029,25–29 let,Z,0,1
2023,3,CZ041,Karlovarský kraj,J10,Chřipka způsobená identifikovaným sezónním chřipkovým virem,66030034,30–34 let,Z,0,1
2023,3,CZ041,Karlovarský kraj,J10,Chřipka způsobená identifikovaným sezónním chřipkovým virem,66035039,35–39 let,M,0,2
2023,3,CZ041,Karlovarský kraj,J10,Chřipka způsobená identifikovaným sezónním chřipkovým virem,66035039,35–39 let,Z,0,1
2023,3,CZ041,Karlovarský kraj,J10,Chřipka způsobená identifikovaným sezónním chřipkovým virem,66040044,40–44 let,Z,0,1
2023,3,CZ041,Karlovarský kraj,J10,Chřipka způsobená identifikovaným sezónním chřipkovým virem,66050054,50–54 let,Z,0,1
2023,3,CZ041,Karlovarský kraj,J10,Chřipka způsobená identifikovaným sezónním chřipkovým virem,66055059,55–59 let,Z,0,1
2023,3,CZ041,Karlovarský kraj,J10,Chřipka způsobená identifikovaným sezónním chřipkovým virem,66070074,70–74 let,M,0,1
2023,3,CZ041,Karlovarský kraj,J12,Virový zánět plic (pneumonie) nezařazený jinde,66000000,0 let,M,0,3
2023,3,CZ041,Karlovarský kraj,J12,Virový zánět plic (pneumonie) nezařazený jinde,66000000,0 let,Z,0,2
2023,3,CZ041,Karlovarský kraj,J12,Virový zánět plic (pneumonie) nezařazený jinde,66001004,1–4 roky,Z,0,1
2023,3,CZ041,Karlovarský kraj,J12,Virový zánět plic (pneumonie) nezařazený jinde,66005009,5–9 let,Z,0,1
2023,3,CZ041,Karlovarský kraj,J12,Virový zánět plic (pneumonie) nezařazený jinde,66010014,10–14 let,Z,0,1
2023,3,CZ041,Karlovarský kraj,J12,Virový zánět plic (pneumonie) nezařazený jinde,66035039,35–39 let,Z,0,1
2023,3,CZ041,Karlovarský kraj,J12,Virový zánět plic (pneumonie) nezařazený jinde,66070074,70–74 let,M,0,2
2023,3,CZ041,Karlovarský kraj,J12,Virový zánět plic (pneumonie) nezařazený jinde,66075999,75+ let,M,0,3
2023,3,CZ041,Karlovarský kraj,J13,Zánět plic‚ původce: Streptococcus pneumoniae,66001004,1–4 roky,Z,0,1
2023,3,CZ041,Karlovarský kraj,J13,Zánět plic‚ původce: Streptococcus pneumoniae,66055059,55–59 let,M,0,1
2023,3,CZ041,Karlovarský kraj,J13,Zánět plic‚ původce: Streptococcus pneumoniae,66075999,75+ let,M,0,2
2023,4,CZ041,Karlovarský kraj,A02,Jiné infekce způsobené salmonelami,66001004,1–4 roky,M,0,1
2023,4,CZ041,Karlovarský kraj,A02,Jiné infekce způsobené salmonelami,66005009,5–9 let,M,0,1
2023,4,CZ041,Karlovarský kraj,A02,Jiné infekce způsobené salmonelami,66010014,10–14 let,M,0,1
2023,4,CZ041,Karlovarský kraj,A02,Jiné infekce způsobené salmonelami,66045049,45–49 let,Z,0,1
2023,4,CZ041,Karlovarský kraj,A02,Jiné infekce způsobené salmonelami,66055059,55–59 let,M,0,1
2023,4,CZ041,Karlovarský kraj,A02,Jiné infekce způsobené salmonelami,66060064,60–64 let,Z,0,1
2023,4,CZ041,Karlovarský kraj,A02,Jiné infekce způsobené salmonelami,66070074,70–74 let,M,0,1
2023,4,CZ041,Karlovarský kraj,A02,Jiné infekce způsobené salmonelami,66075999,75+ let,M,0,1
2023,4,CZ041,Karlovarský kraj,A02,Jiné infekce způsobené salmonelami,66075999,75+ let,Z,0,1
2023,4,CZ041,Karlovarský kraj,A04,Jiné bakteriální střevní infekce,66001004,1–4 roky,M,0,2
2023,4,CZ041,Karlovarský kraj,A04,Jiné bakteriální střevní infekce,66001004,1–4 roky,Z,0,4
2023,4,CZ041,Karlovarský kraj,A04,Jiné bakteriální střevní infekce,66005009,5–9 let,M,0,1
2023,4,CZ041,Karlovarský kraj,A04,Jiné bakteriální střevní infekce,66010014,10–14 let,Z,0,1
2023,4,CZ041,Karlovarský kraj,A04,Jiné bakteriální střevní infekce,66015019,15–19 let,M,0,2
2023,4,CZ041,Karlovarský kraj,A04,Jiné bakteriální střevní infekce,66035039,35–39 let,M,0,1
2023,4,CZ041,Karlovarský kraj,A04,Jiné bakteriální střevní infekce,66035039,35–39 let,Z,0,1
2023,4,CZ041,Karlovarský kraj,A04,Jiné bakteriální střevní infekce,66040044,40–44 let,M,0,1
2023,4,CZ041,Karlovarský kraj,A04,Jiné bakteriální střevní infekce,66045049,45–49 let,M,0,1
2023,4,CZ041,Karlovarský kraj,A04,Jiné bakteriální střevní infekce,66060064,60–64 let,M,0,1
2023,4,CZ041,Karlovarský kraj,A04,Jiné bakteriální střevní infekce,66065069,65–69 let,M,0,1
2023,4,CZ041,Karlovarský kraj,A04,Jiné bakteriální střevní infekce,66065069,65–69 let,Z,0,1
2023,4,CZ041,Karlovarský kraj,A04,Jiné bakteriální střevní infekce,66070074,70–74 let,M,0,2
2023,4,CZ041,Karlovarský kraj,A04,Jiné bakteriální střevní infekce,66070074,70–74 let,Z,0,3
2023,4,CZ041,Karlovarský kraj,A04,Jiné bakteriální střevní infekce,66075999,75+ let,M,0,2
2023,4,CZ041,Karlovarský kraj,A04,Jiné bakteriální střevní infekce,66075999,75+ let,Z,0,10
2023,4,CZ041,Karlovarský kraj,A08,Střevní infekce viry a jinými určenými mikroorganismy,66000000,0 let,M,0,1
2023,4,CZ041,Karlovarský kraj,A08,Střevní infekce viry a jinými určenými mikroorganismy,66001004,1–4 roky,M,0,3
2023,4,CZ041,Karlovarský kraj,A08,Střevní infekce viry a jinými určenými mikroorganismy,66001004,1–4 roky,Z,0,2
2023,4,CZ041,Karlovarský kraj,A08,Střevní infekce viry a jinými určenými mikroorganismy,66005009,5–9 let,M,0,1
2023,4,CZ041,Karlovarský kraj,A37,Dávivý kašel [pertussis],66001004,1–4 roky,M,0,1
2023,4,CZ041,Karlovarský kraj,A38,Spála [scarlatina],66001004,1–4 roky,M,0,4
2023,4,CZ041,Karlovarský kraj,A38,Spála [scarlatina],66001004,1–4 roky,Z,0,6
2023,4,CZ041,Karlovarský kraj,A38,Spála [scarlatina],66005009,5–9 let,M,0,11
2023,4,CZ041,Karlovarský kraj,A38,Spála [scarlatina],66005009,5–9 let,Z,0,13
2023,4,CZ041,Karlovarský kraj,A38,Spála [scarlatina],66010014,10–14 let,M,0,1
2023,4,CZ041,Karlovarský kraj,A38,Spála [scarlatina],66015019,15–19 let,M,0,1
2023,4,CZ041,Karlovarský kraj,A40,Streptokoková sepse,66060064,60–64 let,Z,0,1
2023,4,CZ041,Karlovarský kraj,A41,Jiná sepse,66001004,1–4 roky,M,0,1
2023,4,CZ041,Karlovarský kraj,A41,Jiná sepse,66060064,60–64 let,M,0,1
2023,4,CZ041,Karlovarský kraj,A41,Jiná sepse,66075999,75+ let,Z,0,1
2023,4,CZ041,Karlovarský kraj,A56,Jiná chlamydiová onemocnění přenášená pohlavním stykem,66020024,20–24 let,M,0,2
2023,4,CZ041,Karlovarský kraj,A56,Jiná chlamydiová onemocnění přenášená pohlavním stykem,66020024,20–24 let,Z,0,1
2023,4,CZ041,Karlovarský kraj,A56,Jiná chlamydiová onemocnění přenášená pohlavním stykem,66030034,30–34 let,M,0,1
2023,4,CZ041,Karlovarský kraj,A56,Jiná chlamydiová onemocnění přenášená pohlavním stykem,66035039,35–39 let,M,0,1
2023,4,CZ041,Karlovarský kraj,A69,Jiné spirochetové infekce,66035039,35–39 let,M,0,1
2023,4,CZ041,Karlovarský kraj,A69,Jiné spirochetové infekce,66075999,75+ let,Z,0,1
2023,4,CZ041,Karlovarský kraj,B01,Plané neštovice [varicella],66000000,0 let,M,0,3
2023,4,CZ041,Karlovarský kraj,B01,Plané neštovice [varicella],66001004,1–4 roky,M,0,14
2023,4,CZ041,Karlovarský kraj,B01,Plané neštovice [varicella],66001004,1–4 roky,Z,0,27
2023,4,CZ041,Karlovarský kraj,B01,Plané neštovice [varicella],66005009,5–9 let,M,0,54
2023,4,CZ041,Karlovarský kraj,B01,Plané neštovice [varicella],66005009,5–9 let,Z,0,45
2023,4,CZ041,Karlovarský kraj,B01,Plané neštovice [varicella],66010014,10–14 let,M,0,3
2023,4,CZ041,Karlovarský kraj,B01,Plané neštovice [varicella],66010014,10–14 let,Z,0,4
2023,4,CZ041,Karlovarský kraj,B01,Plané neštovice [varicella],66020024,20–24 let,M,0,1
2023,4,CZ041,Karlovarský kraj,B02,Pásový opar [herpes zoster],66015019,15–19 let,M,0,1
2023,4,CZ041,Karlovarský kraj,B02,Pásový opar [herpes zoster],66050054,50–54 let,Z,0,1
2023,4,CZ041,Karlovarský kraj,B02,Pásový opar [herpes zoster],66075999,75+ let,M,0,1
2023,4,CZ041,Karlovarský kraj,B02,Pásový opar [herpes zoster],66075999,75+ let,Z,0,2
2023,4,CZ041,Karlovarský kraj,B08,Jiné virové infekce charakterizované postižením kůže a sliznic NJ,66000000,0 let,Z,0,1
2023,4,CZ041,Karlovarský kraj,B18,Chronická virová hepatitida,66025029,25–29 let,M,0,1
2023,4,CZ041,Karlovarský kraj,B18,Chronická virová hepatitida,66040044,40–44 let,M,0,1
2023,4,CZ041,Karlovarský kraj,B18,Chronická virová hepatitida,66045049,45–49 let,M,0,1
2023,4,CZ041,Karlovarský kraj,B18,Chronická virová hepatitida,66050054,50–54 let,M,0,1
2023,4,CZ041,Karlovarský kraj,B27,Infekční mononukleóza,66001004,1–4 roky,M,0,1
2023,4,CZ041,Karlovarský kraj,B80,Enterobióza [enterobiasis],66005009,5–9 let,M,0,2
2023,4,CZ041,Karlovarský kraj,B86,Svrab [scabies],66001004,1–4 roky,M,0,2
2023,4,CZ041,Karlovarský kraj,B86,Svrab [scabies],66001004,1–4 roky,Z,0,1
2023,4,CZ041,Karlovarský kraj,B86,Svrab [scabies],66005009,5–9 let,M,0,3
2023,4,CZ041,Karlovarský kraj,B86,Svrab [scabies],66005009,5–9 let,Z,0,1
2023,4,CZ041,Karlovarský kraj,B86,Svrab [scabies],66010014,10–14 let,M,0,2
2023,4,CZ041,Karlovarský kraj,B86,Svrab [scabies],66015019,15–19 let,M,0,1
2023,4,CZ041,Karlovarský kraj,B86,Svrab [scabies],66045049,45–49 let,Z,0,1
2023,4,CZ041,Karlovarský kraj,B86,Svrab [scabies],66055059,55–59 let,Z,0,2
2023,4,CZ041,Karlovarský kraj,B86,Svrab [scabies],66060064,60–64 let,M,0,1
2023,4,CZ041,Karlovarský kraj,B86,Svrab [scabies],66060064,60–64 let,Z,0,1
2023,4,CZ041,Karlovarský kraj,B86,Svrab [scabies],66070074,70–74 let,Z,0,1
2023,4,CZ041,Karlovarský kraj,J10,Chřipka způsobená identifikovaným sezónním chřipkovým virem,66000000,0 let,M,0,1
2023,4,CZ041,Karlovarský kraj,J10,Chřipka způsobená identifikovaným sezónním chřipkovým virem,66001004,1–4 roky,M,0,2
2023,4,CZ041,Karlovarský kraj,J10,Chřipka způsobená identifikovaným sezónním chřipkovým virem,66005009,5–9 let,M,0,7
2023,4,CZ041,Karlovarský kraj,J10,Chřipka způsobená identifikovaným sezónním chřipkovým virem,66005009,5–9 let,Z,0,7
2023,4,CZ041,Karlovarský kraj,J10,Chřipka způsobená identifikovaným sezónním chřipkovým virem,66010014,10–14 let,M,0,4
2023,4,CZ041,Karlovarský kraj,J10,Chřipka způsobená identifikovaným sezónním chřipkovým virem,66010014,10–14 let,Z,0,2
2023,4,CZ041,Karlovarský kraj,J10,Chřipka způsobená identifikovaným sezónním chřipkovým virem,66015019,15–19 let,Z,0,1
2023,4,CZ041,Karlovarský kraj,J10,Chřipka způsobená identifikovaným sezónním chřipkovým virem,66045049,45–49 let,Z,0,1
2023,4,CZ041,Karlovarský kraj,J13,Zánět plic‚ původce: Streptococcus pneumoniae,66001004,1–4 roky,Z,0,1
2023,4,CZ041,Karlovarský kraj,J13,Zánět plic‚ původce: Streptococcus pneumoniae,66005009,5–9 let,Z,0,1
2023,4,CZ041,Karlovarský kraj,J13,Zánět plic‚ původce: Streptococcus pneumoniae,66045049,45–49 let,M,0,1
2023,4,CZ041,Karlovarský kraj,J13,Zánět plic‚ původce: Streptococcus pneumoniae,66055059,55–59 let,M,0,1
2023,4,CZ041,Karlovarský kraj,J13,Zánět plic‚ původce: Streptococcus pneumoniae,66075999,75+ let,M,0,1
2023,5,CZ041,Karlovarský kraj,A02,Jiné infekce způsobené salmonelami,66001004,1–4 roky,M,0,2
2023,5,CZ041,Karlovarský kraj,A02,Jiné infekce způsobené salmonelami,66001004,1–4 roky,Z,0,1
2023,5,CZ041,Karlovarský kraj,A02,Jiné infekce způsobené salmonelami,66010014,10–14 let,M,0,1
2023,5,CZ041,Karlovarský kraj,A02,Jiné infekce způsobené salmonelami,66015019,15–19 let,M,0,1
2023,5,CZ041,Karlovarský kraj,A02,Jiné infekce způsobené salmonelami,66020024,20–24 let,M,0,1
2023,5,CZ041,Karlovarský kraj,A02,Jiné infekce způsobené salmonelami,66045049,45–49 let,M,0,1
2023,5,CZ041,Karlovarský kraj,A02,Jiné infekce způsobené salmonelami,66055059,55–59 let,Z,0,1
2023,5,CZ041,Karlovarský kraj,A02,Jiné infekce způsobené salmonelami,66075999,75+ let,Z,0,1
2023,5,CZ041,Karlovarský kraj,A04,Jiné bakteriální střevní infekce,66000000,0 let,M,0,1
2023,5,CZ041,Karlovarský kraj,A04,Jiné bakteriální střevní infekce,66001004,1–4 roky,M,0,7
2023,5,CZ041,Karlovarský kraj,A04,Jiné bakteriální střevní infekce,66020024,20–24 let,M,0,2
2023,5,CZ041,Karlovarský kraj,A04,Jiné bakteriální střevní infekce,66025029,25–29 let,Z,0,2
2023,5,CZ041,Karlovarský kraj,A04,Jiné bakteriální střevní infekce,66035039,35–39 let,M,0,1
2023,5,CZ041,Karlovarský kraj,A04,Jiné bakteriální střevní infekce,66040044,40–44 let,Z,0,2
2023,5,CZ041,Karlovarský kraj,A04,Jiné bakteriální střevní infekce,66045049,45–49 let,M,0,2
2023,5,CZ041,Karlovarský kraj,A04,Jiné bakteriální střevní infekce,66050054,50–54 let,Z,0,1
2023,5,CZ041,Karlovarský kraj,A04,Jiné bakteriální střevní infekce,66060064,60–64 let,Z,0,2
2023,5,CZ041,Karlovarský kraj,A04,Jiné bakteriální střevní infekce,66065069,65–69 let,M,0,1
2023,5,CZ041,Karlovarský kraj,A04,Jiné bakteriální střevní infekce,66065069,65–69 let,Z,0,3
2023,5,CZ041,Karlovarský kraj,A04,Jiné bakteriální střevní infekce,66070074,70–74 let,M,0,3
2023,5,CZ041,Karlovarský kraj,A04,Jiné bakteriální střevní infekce,66070074,70–74 let,Z,0,1
2023,5,CZ041,Karlovarský kraj,A04,Jiné bakteriální střevní infekce,66075999,75+ let,M,0,7
2023,5,CZ041,Karlovarský kraj,A04,Jiné bakteriální střevní infekce,66075999,75+ let,Z,0,5
2023,5,CZ041,Karlovarský kraj,A08,Střevní infekce viry a jinými určenými mikroorganismy,66000000,0 let,M,0,1
2023,5,CZ041,Karlovarský kraj,A08,Střevní infekce viry a jinými určenými mikroorganismy,66001004,1–4 roky,M,0,2
2023,5,CZ041,Karlovarský kraj,A08,Střevní infekce viry a jinými určenými mikroorganismy,66001004,1–4 roky,Z,0,1
2023,5,CZ041,Karlovarský kraj,A08,Střevní infekce viry a jinými určenými mikroorganismy,66005009,5–9 let,M,0,5
2023,5,CZ041,Karlovarský kraj,A08,Střevní infekce viry a jinými určenými mikroorganismy,66005009,5–9 let,Z,0,3
2023,5,CZ041,Karlovarský kraj,A08,Střevní infekce viry a jinými určenými mikroorganismy,66010014,10–14 let,M,0,1
2023,5,CZ041,Karlovarský kraj,A08,Střevní infekce viry a jinými určenými mikroorganismy,66050054,50–54 let,Z,0,1
2023,5,CZ041,Karlovarský kraj,A09,Jiná gastroenteritida a kolitida infekčního a NS původu,66005009,5–9 let,M,0,50
2023,5,CZ041,Karlovarský kraj,A09,Jiná gastroenteritida a kolitida infekčního a NS původu,66005009,5–9 let,Z,0,50
2023,5,CZ041,Karlovarský kraj,A09,Jiná gastroenteritida a kolitida infekčního a NS původu,66010014,10–14 let,M,0,12
2023,5,CZ041,Karlovarský kraj,A09,Jiná gastroenteritida a kolitida infekčního a NS původu,66010014,10–14 let,Z,0,2
2023,5,CZ041,Karlovarský kraj,A09,Jiná gastroenteritida a kolitida infekčního a NS původu,66020024,20–24 let,Z,0,2
2023,5,CZ041,Karlovarský kraj,A09,Jiná gastroenteritida a kolitida infekčního a NS původu,66045049,45–49 let,Z,0,4
2023,5,CZ041,Karlovarský kraj,A09,Jiná gastroenteritida a kolitida infekčního a NS původu,66050054,50–54 let,Z,0,2
2023,5,CZ041,Karlovarský kraj,A09,Jiná gastroenteritida a kolitida infekčního a NS původu,66055059,55–59 let,Z,0,4
2023,5,CZ041,Karlovarský kraj,A09,Jiná gastroenteritida a kolitida infekčního a NS původu,66060064,60–64 let,Z,0,2
2023,5,CZ041,Karlovarský kraj,A38,Spála [scarlatina],66001004,1–4 roky,M,0,5
2023,5,CZ041,Karlovarský kraj,A38,Spála [scarlatina],66001004,1–4 roky,Z,0,5
2023,5,CZ041,Karlovarský kraj,A38,Spála [scarlatina],66005009,5–9 let,M,0,7
2023,5,CZ041,Karlovarský kraj,A38,Spála [scarlatina],66005009,5–9 let,Z,0,15
2023,5,CZ041,Karlovarský kraj,A38,Spála [scarlatina],66010014,10–14 let,M,0,2
2023,5,CZ041,Karlovarský kraj,A38,Spála [scarlatina],66010014,10–14 let,Z,0,2
2023,5,CZ041,Karlovarský kraj,A56,Jiná chlamydiová onemocnění přenášená pohlavním stykem,66015019,15–19 let,M,0,1
2023,5,CZ041,Karlovarský kraj,A56,Jiná chlamydiová onemocnění přenášená pohlavním stykem,66015019,15–19 let,Z,0,1
2023,5,CZ041,Karlovarský kraj,A56,Jiná chlamydiová onemocnění přenášená pohlavním stykem,66020024,20–24 let,Z,0,2
2023,5,CZ041,Karlovarský kraj,A56,Jiná chlamydiová onemocnění přenášená pohlavním stykem,66025029,25–29 let,Z,0,4
2023,5,CZ041,Karlovarský kraj,A59,Trichomoniáza,66045049,45–49 let,Z,0,1
2023,5,CZ041,Karlovarský kraj,A69,Jiné spirochetové infekce,66005009,5–9 let,M,0,1
2023,5,CZ041,Karlovarský kraj,A69,Jiné spirochetové infekce,66065069,65–69 let,M,0,1
2023,5,CZ041,Karlovarský kraj,A69,Jiné spirochetové infekce,66075999,75+ let,Z,0,2
2023,5,CZ041,Karlovarský kraj,B01,Plané neštovice [varicella],66000000,0 let,M,0,3
2023,5,CZ041,Karlovarský kraj,B01,Plané neštovice [varicella],66000000,0 let,Z,0,3
2023,5,CZ041,Karlovarský kraj,B01,Plané neštovice [varicella],66001004,1–4 roky,M,0,53
2023,5,CZ041,Karlovarský kraj,B01,Plané neštovice [varicella],66001004,1–4 roky,Z,0,67
2023,5,CZ041,Karlovarský kraj,B01,Plané neštovice [varicella],66005009,5–9 let,M,0,109
2023,5,CZ041,Karlovarský kraj,B01,Plané neštovice [varicella],66005009,5–9 let,Z,0,109
2023,5,CZ041,Karlovarský kraj,B01,Plané neštovice [varicella],66010014,10–14 let,M,0,9
2023,5,CZ041,Karlovarský kraj,B01,Plané neštovice [varicella],66010014,10–14 let,Z,0,10
2023,5,CZ041,Karlovarský kraj,B01,Plané neštovice [varicella],66015019,15–19 let,M,0,1
2023,5,CZ041,Karlovarský kraj,B01,Plané neštovice [varicella],66015019,15–19 let,Z,0,3
2023,5,CZ041,Karlovarský kraj,B01,Plané neštovice [varicella],66025029,25–29 let,M,0,1
2023,5,CZ041,Karlovarský kraj,B01,Plané neštovice [varicella],66035039,35–39 let,M,0,1
2023,5,CZ041,Karlovarský kraj,B02,Pásový opar [herpes zoster],66045049,45–49 let,Z,0,2
2023,5,CZ041,Karlovarský kraj,B02,Pásový opar [herpes zoster],66050054,50–54 let,Z,0,1
2023,5,CZ041,Karlovarský kraj,B02,Pásový opar [herpes zoster],66060064,60–64 let,Z,0,1
2023,5,CZ041,Karlovarský kraj,B02,Pásový opar [herpes zoster],66075999,75+ let,M,0,1
2023,5,CZ041,Karlovarský kraj,B08,Jiné virové infekce charakterizované postižením kůže a sliznic NJ,66000000,0 let,M,0,1
2023,5,CZ041,Karlovarský kraj,B08,Jiné virové infekce charakterizované postižením kůže a sliznic NJ,66000000,0 let,Z,0,3
2023,5,CZ041,Karlovarský kraj,B17,Jiná akutní virová hepatitida,66035039,35–39 let,Z,0,1
2023,5,CZ041,Karlovarský kraj,B18,Chronická virová hepatitida,66035039,35–39 let,M,0,1
2023,5,CZ041,Karlovarský kraj,B18,Chronická virová hepatitida,66035039,35–39 let,Z,0,1
2023,5,CZ041,Karlovarský kraj,B18,Chronická virová hepatitida,66040044,40–44 let,M,0,1
2023,5,CZ041,Karlovarský kraj,B27,Infekční mononukleóza,66001004,1–4 roky,Z,0,2
2023,5,CZ041,Karlovarský kraj,B27,Infekční mononukleóza,66005009,5–9 let,M,0,1
2023,5,CZ041,Karlovarský kraj,B27,Infekční mononukleóza,66005009,5–9 let,Z,0,1
2023,5,CZ041,Karlovarský kraj,B27,Infekční mononukleóza,66015019,15–19 let,Z,0,1
2023,5,CZ041,Karlovarský kraj,B27,Infekční mononukleóza,66055059,55–59 let,Z,0,1
2023,5,CZ041,Karlovarský kraj,B80,Enterobióza [enterobiasis],66005009,5–9 let,Z,0,2
2023,5,CZ041,Karlovarský kraj,B86,Svrab [scabies],66001004,1–4 roky,M,0,2
2023,5,CZ041,Karlovarský kraj,B86,Svrab [scabies],66001004,1–4 roky,Z,0,1
2023,5,CZ041,Karlovarský kraj,B86,Svrab [scabies],66005009,5–9 let,M,0,2
2023,5,CZ041,Karlovarský kraj,B86,Svrab [scabies],66010014,10–14 let,M,0,2
2023,5,CZ041,Karlovarský kraj,B86,Svrab [scabies],66010014,10–14 let,Z,0,2
2023,5,CZ041,Karlovarský kraj,B86,Svrab [scabies],66015019,15–19 let,M,0,1
2023,5,CZ041,Karlovarský kraj,B86,Svrab [scabies],66015019,15–19 let,Z,0,1
2023,5,CZ041,Karlovarský kraj,B86,Svrab [scabies],66020024,20–24 let,M,0,2
2023,5,CZ041,Karlovarský kraj,B86,Svrab [scabies],66025029,25–29 let,M,0,1
2023,5,CZ041,Karlovarský kraj,B86,Svrab [scabies],66030034,30–34 let,M,0,1
2023,5,CZ041,Karlovarský kraj,B86,Svrab [scabies],66030034,30–34 let,Z,0,1
2023,5,CZ041,Karlovarský kraj,B86,Svrab [scabies],66035039,35–39 let,Z,0,2
2023,5,CZ041,Karlovarský kraj,B86,Svrab [scabies],66045049,45–49 let,M,0,2
2023,5,CZ041,Karlovarský kraj,B86,Svrab [scabies],66055059,55–59 let,Z,0,1
2023,5,CZ041,Karlovarský kraj,B86,Svrab [scabies],66070074,70–74 let,Z,0,1
2023,5,CZ041,Karlovarský kraj,J10,Chřipka způsobená identifikovaným sezónním chřipkovým virem,66000000,0 let,M,0,1
2023,5,CZ041,Karlovarský kraj,J10,Chřipka způsobená identifikovaným sezónním chřipkovým virem,66005009,5–9 let,M,0,2
2023,5,CZ041,Karlovarský kraj,J10,Chřipka způsobená identifikovaným sezónním chřipkovým virem,66005009,5–9 let,Z,0,2
2023,5,CZ041,Karlovarský kraj,J10,Chřipka způsobená identifikovaným sezónním chřipkovým virem,66010014,10–14 let,M,0,1
2023,5,CZ041,Karlovarský kraj,J10,Chřipka způsobená identifikovaným sezónním chřipkovým virem,66010014,10–14 let,Z,0,2
2023,5,CZ041,Karlovarský kraj,J10,Chřipka způsobená identifikovaným sezónním chřipkovým virem,66015019,15–19 let,Z,0,1
2023,6,CZ041,Karlovarský kraj,A02,Jiné infekce způsobené salmonelami,66005009,5–9 let,Z,0,1
2023,6,CZ041,Karlovarský kraj,A02,Jiné infekce způsobené salmonelami,66010014,10–14 let,M,0,2
2023,6,CZ041,Karlovarský kraj,A02,Jiné infekce způsobené salmonelami,66030034,30–34 let,M,0,1
2023,6,CZ041,Karlovarský kraj,A02,Jiné infekce způsobené salmonelami,66045049,45–49 let,Z,0,1
2023,6,CZ041,Karlovarský kraj,A02,Jiné infekce způsobené salmonelami,66050054,50–54 let,Z,0,1
2023,6,CZ041,Karlovarský kraj,A02,Jiné infekce způsobené salmonelami,66055059,55–59 let,M,0,2
2023,6,CZ041,Karlovarský kraj,A02,Jiné infekce způsobené salmonelami,66055059,55–59 let,Z,0,1
2023,6,CZ041,Karlovarský kraj,A02,Jiné infekce způsobené salmonelami,66075999,75+ let,Z,0,3
2023,6,CZ041,Karlovarský kraj,A04,Jiné bakteriální střevní infekce,66000000,0 let,Z,0,1
2023,6,CZ041,Karlovarský kraj,A04,Jiné bakteriální střevní infekce,66001004,1–4 roky,M,0,7
2023,6,CZ041,Karlovarský kraj,A04,Jiné bakteriální střevní infekce,66001004,1–4 roky,Z,0,1
2023,6,CZ041,Karlovarský kraj,A04,Jiné bakteriální střevní infekce,66005009,5–9 let,M,0,2
2023,6,CZ041,Karlovarský kraj,A04,Jiné bakteriální střevní infekce,66005009,5–9 let,Z,0,3
2023,6,CZ041,Karlovarský kraj,A04,Jiné bakteriální střevní infekce,66010014,10–14 let,M,0,2
2023,6,CZ041,Karlovarský kraj,A04,Jiné bakteriální střevní infekce,66010014,10–14 let,Z,0,2
2023,6,CZ041,Karlovarský kraj,A04,Jiné bakteriální střevní infekce,66015019,15–19 let,M,0,2
2023,6,CZ041,Karlovarský kraj,A04,Jiné bakteriální střevní infekce,66020024,20–24 let,Z,0,1
2023,6,CZ041,Karlovarský kraj,A04,Jiné bakteriální střevní infekce,66025029,25–29 let,M,0,1
2023,6,CZ041,Karlovarský kraj,A04,Jiné bakteriální střevní infekce,66025029,25–29 let,Z,0,1
2023,6,CZ041,Karlovarský kraj,A04,Jiné bakteriální střevní infekce,66035039,35–39 let,M,0,3
2023,6,CZ041,Karlovarský kraj,A04,Jiné bakteriální střevní infekce,66035039,35–39 let,Z,0,1
2023,6,CZ041,Karlovarský kraj,A04,Jiné bakteriální střevní infekce,66045049,45–49 let,Z,0,1
2023,6,CZ041,Karlovarský kraj,A04,Jiné bakteriální střevní infekce,66050054,50–54 let,M,0,1
2023,6,CZ041,Karlovarský kraj,A04,Jiné bakteriální střevní infekce,66050054,50–54 let,Z,0,2
2023,6,CZ041,Karlovarský kraj,A04,Jiné bakteriální střevní infekce,66055059,55–59 let,M,0,2
2023,6,CZ041,Karlovarský kraj,A04,Jiné bakteriální střevní infekce,66060064,60–64 let,M,0,2
2023,6,CZ041,Karlovarský kraj,A04,Jiné bakteriální střevní infekce,66060064,60–64 let,Z,0,1
2023,6,CZ041,Karlovarský kraj,A04,Jiné bakteriální střevní infekce,66065069,65–69 let,M,0,3
2023,6,CZ041,Karlovarský kraj,A04,Jiné bakteriální střevní infekce,66070074,70–74 let,M,0,3
2023,6,CZ041,Karlovarský kraj,A04,Jiné bakteriální střevní infekce,66070074,70–74 let,Z,0,1
2023,6,CZ041,Karlovarský kraj,A04,Jiné bakteriální střevní infekce,66075999,75+ let,M,0,8
2023,6,CZ041,Karlovarský kraj,A04,Jiné bakteriální střevní infekce,66075999,75+ let,Z,0,2
2023,6,CZ041,Karlovarský kraj,A08,Střevní infekce viry a jinými určenými mikroorganismy,66000000,0 let,M,0,1
2023,6,CZ041,Karlovarský kraj,A08,Střevní infekce viry a jinými určenými mikroorganismy,66001004,1–4 roky,M,0,4
2023,6,CZ041,Karlovarský kraj,A08,Střevní infekce viry a jinými určenými mikroorganismy,66001004,1–4 roky,Z,0,4
2023,6,CZ041,Karlovarský kraj,A08,Střevní infekce viry a jinými určenými mikroorganismy,66015019,15–19 let,M,0,1
2023,6,CZ041,Karlovarský kraj,A38,Spála [scarlatina],66001004,1–4 roky,M,0,1
2023,6,CZ041,Karlovarský kraj,A38,Spála [scarlatina],66001004,1–4 roky,Z,0,2
2023,6,CZ041,Karlovarský kraj,A38,Spála [scarlatina],66005009,5–9 let,M,0,13
2023,6,CZ041,Karlovarský kraj,A38,Spála [scarlatina],66005009,5–9 let,Z,0,11
2023,6,CZ041,Karlovarský kraj,A38,Spála [scarlatina],66010014,10–14 let,M,0,1
2023,6,CZ041,Karlovarský kraj,A38,Spála [scarlatina],66010014,10–14 let,Z,0,1
2023,6,CZ041,Karlovarský kraj,A38,Spála [scarlatina],66045049,45–49 let,Z,0,1
2023,6,CZ041,Karlovarský kraj,A41,Jiná sepse,66065069,65–69 let,Z,0,1
2023,6,CZ041,Karlovarský kraj,A46,Růže – erysipel,66075999,75+ let,M,0,1
2023,6,CZ041,Karlovarský kraj,A46,Růže – erysipel,66075999,75+ let,Z,0,1
2023,6,CZ041,Karlovarský kraj,A56,Jiná chlamydiová onemocnění přenášená pohlavním stykem,66020024,20–24 let,M,0,2
2023,6,CZ041,Karlovarský kraj,A56,Jiná chlamydiová onemocnění přenášená pohlavním stykem,66025029,25–29 let,M,0,2
2023,6,CZ041,Karlovarský kraj,A56,Jiná chlamydiová onemocnění přenášená pohlavním stykem,66030034,30–34 let,M,0,1
2023,6,CZ041,Karlovarský kraj,A56,Jiná chlamydiová onemocnění přenášená pohlavním stykem,66035039,35–39 let,M,0,1
2023,6,CZ041,Karlovarský kraj,A69,Jiné spirochetové infekce,66001004,1–4 roky,Z,0,1
2023,6,CZ041,Karlovarský kraj,A69,Jiné spirochetové infekce,66025029,25–29 let,M,0,1
2023,6,CZ041,Karlovarský kraj,A69,Jiné spirochetové infekce,66030034,30–34 let,M,0,1
2023,6,CZ041,Karlovarský kraj,A69,Jiné spirochetové infekce,66035039,35–39 let,Z,0,1
2023,6,CZ041,Karlovarský kraj,A69,Jiné spirochetové infekce,66045049,45–49 let,M,0,2
2023,6,CZ041,Karlovarský kraj,A69,Jiné spirochetové infekce,66045049,45–49 let,Z,0,1
2023,6,CZ041,Karlovarský kraj,A69,Jiné spirochetové infekce,66050054,50–54 let,M,0,1
2023,6,CZ041,Karlovarský kraj,A69,Jiné spirochetové infekce,66055059,55–59 let,Z,0,1
2023,6,CZ041,Karlovarský kraj,A69,Jiné spirochetové infekce,66070074,70–74 let,M,0,1
2023,6,CZ041,Karlovarský kraj,A69,Jiné spirochetové infekce,66070074,70–74 let,Z,0,2
2023,6,CZ041,Karlovarský kraj,A84,Virová encefalitida přenášená klíšťaty,66015019,15–19 let,Z,0,1
2023,6,CZ041,Karlovarský kraj,A84,Virová encefalitida přenášená klíšťaty,66045049,45–49 let,M,0,1
2023,6,CZ041,Karlovarský kraj,B01,Plané neštovice [varicella],66000000,0 let,M,0,3
2023,6,CZ041,Karlovarský kraj,B01,Plané neštovice [varicella],66000000,0 let,Z,0,2
2023,6,CZ041,Karlovarský kraj,B01,Plané neštovice [varicella],66001004,1–4 roky,M,0,49
2023,6,CZ041,Karlovarský kraj,B01,Plané neštovice [varicella],66001004,1–4 roky,Z,0,51
2023,6,CZ041,Karlovarský kraj,B01,Plané neštovice [varicella],66005009,5–9 let,M,0,72
2023,6,CZ041,Karlovarský kraj,B01,Plané neštovice [varicella],66005009,5–9 let,Z,0,79
2023,6,CZ041,Karlovarský kraj,B01,Plané neštovice [varicella],66010014,10–14 let,M,0,16
2023,6,CZ041,Karlovarský kraj,B01,Plané neštovice [varicella],66010014,10–14 let,Z,0,8
2023,6,CZ041,Karlovarský kraj,B01,Plané neštovice [varicella],66015019,15–19 let,M,0,2
2023,6,CZ041,Karlovarský kraj,B01,Plané neštovice [varicella],66025029,25–29 let,M,0,1
2023,6,CZ041,Karlovarský kraj,B01,Plané neštovice [varicella],66040044,40–44 let,M,0,1
2023,6,CZ041,Karlovarský kraj,B02,Pásový opar [herpes zoster],66055059,55–59 let,Z,0,1
2023,6,CZ041,Karlovarský kraj,B02,Pásový opar [herpes zoster],66060064,60–64 let,Z,0,1
2023,6,CZ041,Karlovarský kraj,B02,Pásový opar [herpes zoster],66065069,65–69 let,M,0,1
2023,6,CZ041,Karlovarský kraj,B08,Jiné virové infekce charakterizované postižením kůže a sliznic NJ,66000000,0 let,M,0,1
2023,6,CZ041,Karlovarský kraj,B17,Jiná akutní virová hepatitida,66075999,75+ let,M,0,1
2023,6,CZ041,Karlovarský kraj,B18,Chronická virová hepatitida,66025029,25–29 let,M,0,1
2023,6,CZ041,Karlovarský kraj,B18,Chronická virová hepatitida,66030034,30–34 let,M,0,2
2023,6,CZ041,Karlovarský kraj,B18,Chronická virová hepatitida,66030034,30–34 let,Z,0,1
2023,6,CZ041,Karlovarský kraj,B18,Chronická virová hepatitida,66040044,40–44 let,Z,0,1
2023,6,CZ041,Karlovarský kraj,B18,Chronická virová hepatitida,66050054,50–54 let,M,0,1
2023,6,CZ041,Karlovarský kraj,B18,Chronická virová hepatitida,66055059,55–59 let,Z,0,1
2023,6,CZ041,Karlovarský kraj,B27,Infekční mononukleóza,66005009,5–9 let,Z,0,2
2023,6,CZ041,Karlovarský kraj,B27,Infekční mononukleóza,66015019,15–19 let,M,0,1
2023,6,CZ041,Karlovarský kraj,B27,Infekční mononukleóza,66015019,15–19 let,Z,0,1
2023,6,CZ041,Karlovarský kraj,B80,Enterobióza [enterobiasis],66001004,1–4 roky,Z,0,1
2023,6,CZ041,Karlovarský kraj,B86,Svrab [scabies],66005009,5–9 let,M,0,2
2023,6,CZ041,Karlovarský kraj,B86,Svrab [scabies],66010014,10–14 let,Z,0,1
2023,6,CZ041,Karlovarský kraj,B86,Svrab [scabies],66015019,15–19 let,Z,0,1
2023,6,CZ041,Karlovarský kraj,B86,Svrab [scabies],66025029,25–29 let,M,0,1
2023,6,CZ041,Karlovarský kraj,B86,Svrab [scabies],66035039,35–39 let,M,0,1
2023,6,CZ041,Karlovarský kraj,B86,Svrab [scabies],66040044,40–44 let,M,0,1
2023,6,CZ041,Karlovarský kraj,B86,Svrab [scabies],66055059,55–59 let,M,0,1
2023,6,CZ041,Karlovarský kraj,B86,Svrab [scabies],66060064,60–64 let,Z,0,1
2023,6,CZ041,Karlovarský kraj,B86,Svrab [scabies],66065069,65–69 let,M,0,1
2023,6,CZ041,Karlovarský kraj,G00,Bakteriální zánět mozkových a míšních plen (bakter. meningitida) NJ,66030034,30–34 let,Z,0,1
2023,6,CZ041,Karlovarský kraj,J13,Zánět plic‚ původce: Streptococcus pneumoniae,66075999,75+ let,Z,0,2
2023,7,CZ041,Karlovarský kraj,A02,Jiné infekce způsobené salmonelami,66001004,1–4 roky,M,0,5
2023,7,CZ041,Karlovarský kraj,A02,Jiné infekce způsobené salmonelami,66001004,1–4 roky,Z,0,1
2023,7,CZ041,Karlovarský kraj,A02,Jiné infekce způsobené salmonelami,66005009,5–9 let,Z,0,1
2023,7,CZ041,Karlovarský kraj,A02,Jiné infekce způsobené salmonelami,66015019,15–19 let,M,0,1
2023,7,CZ041,Karlovarský kraj,A02,Jiné infekce způsobené salmonelami,66020024,20–24 let,M,0,1
2023,7,CZ041,Karlovarský kraj,A02,Jiné infekce způsobené salmonelami,66045049,45–49 let,Z,0,2
2023,7,CZ041,Karlovarský kraj,A02,Jiné infekce způsobené salmonelami,66050054,50–54 let,Z,0,3
2023,7,CZ041,Karlovarský kraj,A02,Jiné infekce způsobené salmonelami,66055059,55–59 let,Z,0,1
2023,7,CZ041,Karlovarský kraj,A02,Jiné infekce způsobené salmonelami,66065069,65–69 let,Z,0,1
2023,7,CZ041,Karlovarský kraj,A02,Jiné infekce způsobené salmonelami,66070074,70–74 let,Z,0,1
2023,7,CZ041,Karlovarský kraj,A02,Jiné infekce způsobené salmonelami,66075999,75+ let,M,0,1
2023,7,CZ041,Karlovarský kraj,A04,Jiné bakteriální střevní infekce,66000000,0 let,M,0,1
2023,7,CZ041,Karlovarský kraj,A04,Jiné bakteriální střevní infekce,66001004,1–4 roky,M,0,1
2023,7,CZ041,Karlovarský kraj,A04,Jiné bakteriální střevní infekce,66001004,1–4 roky,Z,0,4
2023,7,CZ041,Karlovarský kraj,A04,Jiné bakteriální střevní infekce,66010014,10–14 let,M,0,1
2023,7,CZ041,Karlovarský kraj,A04,Jiné bakteriální střevní infekce,66015019,15–19 let,M,0,5
2023,7,CZ041,Karlovarský kraj,A04,Jiné bakteriální střevní infekce,66020024,20–24 let,M,0,1
2023,7,CZ041,Karlovarský kraj,A04,Jiné bakteriální střevní infekce,66020024,20–24 let,Z,0,1
2023,7,CZ041,Karlovarský kraj,A04,Jiné bakteriální střevní infekce,66030034,30–34 let,M,0,1
2023,7,CZ041,Karlovarský kraj,A04,Jiné bakteriální střevní infekce,66030034,30–34 let,Z,0,2
2023,7,CZ041,Karlovarský kraj,A04,Jiné bakteriální střevní infekce,66045049,45–49 let,M,0,1
2023,7,CZ041,Karlovarský kraj,A04,Jiné bakteriální střevní infekce,66055059,55–59 let,Z,0,1
2023,7,CZ041,Karlovarský kraj,A04,Jiné bakteriální střevní infekce,66060064,60–64 let,Z,0,1
2023,7,CZ041,Karlovarský kraj,A04,Jiné bakteriální střevní infekce,66065069,65–69 let,M,0,1
2023,7,CZ041,Karlovarský kraj,A04,Jiné bakteriální střevní infekce,66065069,65–69 let,Z,0,1
2023,7,CZ041,Karlovarský kraj,A04,Jiné bakteriální střevní infekce,66070074,70–74 let,Z,0,4
2023,7,CZ041,Karlovarský kraj,A04,Jiné bakteriální střevní infekce,66075999,75+ let,M,0,6
2023,7,CZ041,Karlovarský kraj,A04,Jiné bakteriální střevní infekce,66075999,75+ let,Z,0,8
2023,7,CZ041,Karlovarský kraj,A08,Střevní infekce viry a jinými určenými mikroorganismy,66000000,0 let,Z,0,1
2023,7,CZ041,Karlovarský kraj,A08,Střevní infekce viry a jinými určenými mikroorganismy,66001004,1–4 roky,M,0,10
2023,7,CZ041,Karlovarský kraj,A08,Střevní infekce viry a jinými určenými mikroorganismy,66001004,1–4 roky,Z,0,3
2023,7,CZ041,Karlovarský kraj,A08,Střevní infekce viry a jinými určenými mikroorganismy,66005009,5–9 let,M,0,2
2023,7,CZ041,Karlovarský kraj,A08,Střevní infekce viry a jinými určenými mikroorganismy,66005009,5–9 let,Z,0,3
2023,7,CZ041,Karlovarský kraj,A08,Střevní infekce viry a jinými určenými mikroorganismy,66030034,30–34 let,M,0,1
2023,7,CZ041,Karlovarský kraj,A08,Střevní infekce viry a jinými určenými mikroorganismy,66050054,50–54 let,M,0,1
2023,7,CZ041,Karlovarský kraj,A38,Spála [scarlatina],66001004,1–4 roky,M,0,1
2023,7,CZ041,Karlovarský kraj,A38,Spála [scarlatina],66001004,1–4 roky,Z,0,1
2023,7,CZ041,Karlovarský kraj,A38,Spála [scarlatina],66005009,5–9 let,M,0,2
2023,7,CZ041,Karlovarský kraj,A38,Spála [scarlatina],66005009,5–9 let,Z,0,5
2023,7,CZ041,Karlovarský kraj,A38,Spála [scarlatina],66010014,10–14 let,Z,0,1
2023,7,CZ041,Karlovarský kraj,A38,Spála [scarlatina],66035039,35–39 let,Z,0,1
2023,7,CZ041,Karlovarský kraj,A56,Jiná chlamydiová onemocnění přenášená pohlavním stykem,66025029,25–29 let,Z,0,2
2023,7,CZ041,Karlovarský kraj,A56,Jiná chlamydiová onemocnění přenášená pohlavním stykem,66030034,30–34 let,M,0,1
2023,7,CZ041,Karlovarský kraj,A69,Jiné spirochetové infekce,66001004,1–4 roky,M,0,1
2023,7,CZ041,Karlovarský kraj,A69,Jiné spirochetové infekce,66005009,5–9 let,M,0,1
2023,7,CZ041,Karlovarský kraj,A69,Jiné spirochetové infekce,66015019,15–19 let,M,0,1
2023,7,CZ041,Karlovarský kraj,A69,Jiné spirochetové infekce,66030034,30–34 let,Z,0,1
2023,7,CZ041,Karlovarský kraj,A69,Jiné spirochetové infekce,66040044,40–44 let,M,0,1
2023,7,CZ041,Karlovarský kraj,A69,Jiné spirochetové infekce,66040044,40–44 let,Z,0,2
2023,7,CZ041,Karlovarský kraj,A69,Jiné spirochetové infekce,66045049,45–49 let,M,0,1
2023,7,CZ041,Karlovarský kraj,A69,Jiné spirochetové infekce,66050054,50–54 let,Z,0,1
2023,7,CZ041,Karlovarský kraj,A69,Jiné spirochetové infekce,66055059,55–59 let,M,0,1
2023,7,CZ041,Karlovarský kraj,A69,Jiné spirochetové infekce,66055059,55–59 let,Z,0,2
2023,7,CZ041,Karlovarský kraj,A69,Jiné spirochetové infekce,66060064,60–64 let,Z,0,1
2023,7,CZ041,Karlovarský kraj,A69,Jiné spirochetové infekce,66065069,65–69 let,Z,0,1
2023,7,CZ041,Karlovarský kraj,A69,Jiné spirochetové infekce,66070074,70–74 let,M,0,1
2023,7,CZ041,Karlovarský kraj,A69,Jiné spirochetové infekce,66075999,75+ let,Z,0,1
2023,7,CZ041,Karlovarský kraj,A84,Virová encefalitida přenášená klíšťaty,66015019,15–19 let,Z,0,1
2023,7,CZ041,Karlovarský kraj,A84,Virová encefalitida přenášená klíšťaty,66035039,35–39 let,M,0,1
2023,7,CZ041,Karlovarský kraj,A84,Virová encefalitida přenášená klíšťaty,66040044,40–44 let,M,0,1
2023,7,CZ041,Karlovarský kraj,A84,Virová encefalitida přenášená klíšťaty,66050054,50–54 let,M,0,1
2023,7,CZ041,Karlovarský kraj,B01,Plané neštovice [varicella],66000000,0 let,M,0,2
2023,7,CZ041,Karlovarský kraj,B01,Plané neštovice [varicella],66000000,0 let,Z,0,2
2023,7,CZ041,Karlovarský kraj,B01,Plané neštovice [varicella],66001004,1–4 roky,M,0,27
2023,7,CZ041,Karlovarský kraj,B01,Plané neštovice [varicella],66001004,1–4 roky,Z,0,32
2023,7,CZ041,Karlovarský kraj,B01,Plané neštovice [varicella],66005009,5–9 let,M,0,36
2023,7,CZ041,Karlovarský kraj,B01,Plané neštovice [varicella],66005009,5–9 let,Z,0,29
2023,7,CZ041,Karlovarský kraj,B01,Plané neštovice [varicella],66010014,10–14 let,Z,0,2
2023,7,CZ041,Karlovarský kraj,B01,Plané neštovice [varicella],66015019,15–19 let,Z,0,1
2023,7,CZ041,Karlovarský kraj,B01,Plané neštovice [varicella],66025029,25–29 let,M,0,1
2023,7,CZ041,Karlovarský kraj,B01,Plané neštovice [varicella],66030034,30–34 let,M,0,1
2023,7,CZ041,Karlovarský kraj,B02,Pásový opar [herpes zoster],66035039,35–39 let,M,0,1
2023,7,CZ041,Karlovarský kraj,B02,Pásový opar [herpes zoster],66055059,55–59 let,M,0,1
2023,7,CZ041,Karlovarský kraj,B02,Pásový opar [herpes zoster],66060064,60–64 let,Z,0,1
2023,7,CZ041,Karlovarský kraj,B02,Pásový opar [herpes zoster],66065069,65–69 let,M,0,1
2023,7,CZ041,Karlovarský kraj,B02,Pásový opar [herpes zoster],66065069,65–69 let,Z,0,1
2023,7,CZ041,Karlovarský kraj,B08,Jiné virové infekce charakterizované postižením kůže a sliznic NJ,66000000,0 let,Z,0,1
2023,7,CZ041,Karlovarský kraj,B08,Jiné virové infekce charakterizované postižením kůže a sliznic NJ,66005009,5–9 let,M,0,1
2023,7,CZ041,Karlovarský kraj,B08,Jiné virové infekce charakterizované postižením kůže a sliznic NJ,66035039,35–39 let,Z,0,1
2023,7,CZ041,Karlovarský kraj,B17,Jiná akutní virová hepatitida,66055059,55–59 let,Z,0,1
2023,7,CZ041,Karlovarský kraj,B18,Chronická virová hepatitida,66025029,25–29 let,Z,0,1
2023,7,CZ041,Karlovarský kraj,B18,Chronická virová hepatitida,66030034,30–34 let,M,0,1
2023,7,CZ041,Karlovarský kraj,B18,Chronická virová hepatitida,66030034,30–34 let,Z,0,1
2023,7,CZ041,Karlovarský kraj,B18,Chronická virová hepatitida,66035039,35–39 let,M,0,1
2023,7,CZ041,Karlovarský kraj,B18,Chronická virová hepatitida,66045049,45–49 let,M,0,1
2023,7,CZ041,Karlovarský kraj,B18,Chronická virová hepatitida,66045049,45–49 let,Z,0,1
2023,7,CZ041,Karlovarský kraj,B27,Infekční mononukleóza,66005009,5–9 let,Z,0,1
2023,7,CZ041,Karlovarský kraj,B27,Infekční mononukleóza,66010014,10–14 let,Z,0,1
2023,7,CZ041,Karlovarský kraj,B27,Infekční mononukleóza,66020024,20–24 let,Z,0,1
2023,7,CZ041,Karlovarský kraj,B35,Dermatofytóza,66040044,40–44 let,M,0,1
2023,7,CZ041,Karlovarský kraj,B86,Svrab [scabies],66001004,1–4 roky,Z,0,1
2023,7,CZ041,Karlovarský kraj,B86,Svrab [scabies],66005009,5–9 let,Z,0,1
2023,7,CZ041,Karlovarský kraj,B86,Svrab [scabies],66010014,10–14 let,M,0,3
2023,7,CZ041,Karlovarský kraj,B86,Svrab [scabies],66015019,15–19 let,M,0,2
2023,7,CZ041,Karlovarský kraj,B86,Svrab [scabies],66020024,20–24 let,M,0,1
2023,7,CZ041,Karlovarský kraj,B86,Svrab [scabies],66020024,20–24 let,Z,0,1
2023,7,CZ041,Karlovarský kraj,B86,Svrab [scabies],66025029,25–29 let,M,0,1
2023,7,CZ041,Karlovarský kraj,B86,Svrab [scabies],66025029,25–29 let,Z,0,1
2023,7,CZ041,Karlovarský kraj,B86,Svrab [scabies],66030034,30–34 let,M,0,1
2023,7,CZ041,Karlovarský kraj,B86,Svrab [scabies],66030034,30–34 let,Z,0,1
2023,7,CZ041,Karlovarský kraj,B86,Svrab [scabies],66040044,40–44 let,M,0,1
2023,7,CZ041,Karlovarský kraj,B86,Svrab [scabies],66040044,40–44 let,Z,0,2
2023,7,CZ041,Karlovarský kraj,B86,Svrab [scabies],66045049,45–49 let,Z,0,1
2023,7,CZ041,Karlovarský kraj,B86,Svrab [scabies],66070074,70–74 let,Z,0,1
2023,7,CZ041,Karlovarský kraj,J13,Zánět plic‚ původce: Streptococcus pneumoniae,66000000,0 let,M,0,1
2023,7,CZ041,Karlovarský kraj,J13,Zánět plic‚ původce: Streptococcus pneumoniae,66070074,70–74 let,M,0,1
2023,8,CZ041,Karlovarský kraj,A02,Jiné infekce způsobené salmonelami,66001004,1–4 roky,M,0,2
2023,8,CZ041,Karlovarský kraj,A02,Jiné infekce způsobené salmonelami,66005009,5–9 let,M,0,1
2023,8,CZ041,Karlovarský kraj,A02,Jiné infekce způsobené salmonelami,66010014,10–14 let,M,0,1
2023,8,CZ041,Karlovarský kraj,A02,Jiné infekce způsobené salmonelami,66015019,15–19 let,Z,0,1
2023,8,CZ041,Karlovarský kraj,A02,Jiné infekce způsobené salmonelami,66035039,35–39 let,Z,0,1
2023,8,CZ041,Karlovarský kraj,A02,Jiné infekce způsobené salmonelami,66045049,45–49 let,M,0,1
2023,8,CZ041,Karlovarský kraj,A02,Jiné infekce způsobené salmonelami,66045049,45–49 let,Z,0,1
2023,8,CZ041,Karlovarský kraj,A02,Jiné infekce způsobené salmonelami,66055059,55–59 let,M,0,1
2023,8,CZ041,Karlovarský kraj,A02,Jiné infekce způsobené salmonelami,66065069,65–69 let,M,0,1
2023,8,CZ041,Karlovarský kraj,A02,Jiné infekce způsobené salmonelami,66070074,70–74 let,Z,0,1
2023,8,CZ041,Karlovarský kraj,A02,Jiné infekce způsobené salmonelami,66075999,75+ let,Z,0,1
2023,8,CZ041,Karlovarský kraj,A04,Jiné bakteriální střevní infekce,66000000,0 let,M,0,1
2023,8,CZ041,Karlovarský kraj,A04,Jiné bakteriální střevní infekce,66001004,1–4 roky,M,0,4
2023,8,CZ041,Karlovarský kraj,A04,Jiné bakteriální střevní infekce,66001004,1–4 roky,Z,0,4
2023,8,CZ041,Karlovarský kraj,A04,Jiné bakteriální střevní infekce,66005009,5–9 let,M,0,3
2023,8,CZ041,Karlovarský kraj,A04,Jiné bakteriální střevní infekce,66010014,10–14 let,M,0,1
2023,8,CZ041,Karlovarský kraj,A04,Jiné bakteriální střevní infekce,66010014,10–14 let,Z,0,3
2023,8,CZ041,Karlovarský kraj,A04,Jiné bakteriální střevní infekce,66015019,15–19 let,Z,0,3
2023,8,CZ041,Karlovarský kraj,A04,Jiné bakteriální střevní infekce,66020024,20–24 let,M,0,1
2023,8,CZ041,Karlovarský kraj,A04,Jiné bakteriální střevní infekce,66020024,20–24 let,Z,0,1
2023,8,CZ041,Karlovarský kraj,A04,Jiné bakteriální střevní infekce,66025029,25–29 let,M,0,2
2023,8,CZ041,Karlovarský kraj,A04,Jiné bakteriální střevní infekce,66030034,30–34 let,M,0,3
2023,8,CZ041,Karlovarský kraj,A04,Jiné bakteriální střevní infekce,66035039,35–39 let,Z,0,2
2023,8,CZ041,Karlovarský kraj,A04,Jiné bakteriální střevní infekce,66040044,40–44 let,Z,0,3
2023,8,CZ041,Karlovarský kraj,A04,Jiné bakteriální střevní infekce,66045049,45–49 let,M,0,1
2023,8,CZ041,Karlovarský kraj,A04,Jiné bakteriální střevní infekce,66045049,45–49 let,Z,0,1
2023,11,CZ010,Hl. m. Praha,B86,Svrab [scabies],66020024,20–24 let,Z,0,1
2023,11,CZ010,Hl. m. Praha,B86,Svrab [scabies],66025029,25–29 let,M,0,2
2023,11,CZ010,Hl. m. Praha,B86,Svrab [scabies],66025029,25–29 let,Z,0,3
2023,11,CZ010,Hl. m. Praha,B86,Svrab [scabies],66030034,30–34 let,M,0,5
2023,11,CZ010,Hl. m. Praha,B86,Svrab [scabies],66030034,30–34 let,Z,0,1
2023,11,CZ010,Hl. m. Praha,B86,Svrab [scabies],66035039,35–39 let,M,0,3
2023,11,CZ010,Hl. m. Praha,B86,Svrab [scabies],66035039,35–39 let,Z,0,1
2023,11,CZ010,Hl. m. Praha,B86,Svrab [scabies],66040044,40–44 let,Z,0,3
2023,11,CZ010,Hl. m. Praha,B86,Svrab [scabies],66045049,45–49 let,M,0,3
2023,11,CZ010,Hl. m. Praha,B86,Svrab [scabies],66045049,45–49 let,Z,0,2
2023,11,CZ010,Hl. m. Praha,B86,Svrab [scabies],66050054,50–54 let,M,0,1
2023,11,CZ010,Hl. m. Praha,B86,Svrab [scabies],66050054,50–54 let,Z,0,2
2023,11,CZ010,Hl. m. Praha,B86,Svrab [scabies],66055059,55–59 let,Z,0,1
2023,11,CZ010,Hl. m. Praha,B86,Svrab [scabies],66060064,60–64 let,M,0,1
2023,11,CZ010,Hl. m. Praha,B86,Svrab [scabies],66065069,65–69 let,M,0,1
2023,11,CZ010,Hl. m. Praha,B86,Svrab [scabies],66075999,75+ let,M,0,2
2023,11,CZ010,Hl. m. Praha,B86,Svrab [scabies],66075999,75+ let,Z,0,5
2023,11,CZ010,Hl. m. Praha,G00,Bakteriální zánět mozkových a míšních plen (bakter. meningitida) NJ,66075999,75+ let,Z,0,1
2023,11,CZ010,Hl. m. Praha,J12,Virový zánět plic (pneumonie) nezařazený jinde,66075999,75+ let,Z,0,1
2023,11,CZ010,Hl. m. Praha,J13,Zánět plic‚ původce: Streptococcus pneumoniae,66050054,50–54 let,M,0,1
2023,11,CZ010,Hl. m. Praha,J16,Zánět plic (pneumonie) způsobený jinými infekčními organismy NJ,66050054,50–54 let,M,0,1
2023,11,CZ010,Hl. m. Praha,J17,Zánět plic (pneumonie) při nemocech zařazených jinde,66070074,70–74 let,Z,0,1
2023,11,CZ010,Hl. m. Praha,J17,Zánět plic (pneumonie) při nemocech zařazených jinde,66075999,75+ let,M,0,1
2023,11,CZ010,Hl. m. Praha,W54,Kousnutí nebo úder psem,66035039,35–39 let,M,0,1
2023,11,CZ010,Hl. m. Praha,W54,Kousnutí nebo úder psem,66050054,50–54 let,M,0,1
2023,11,CZ010,Hl. m. Praha,W54,Kousnutí nebo úder psem,66060064,60–64 let,Z,0,1
2023,11,CZ010,Hl. m. Praha,W55,Kousnutí nebo úder jinými savci,66015019,15–19 let,M,0,1
2023,11,CZ010,Hl. m. Praha,W55,Kousnutí nebo úder jinými savci,66035039,35–39 let,Z,0,1
2023,11,CZ010,Hl. m. Praha,W55,Kousnutí nebo úder jinými savci,66060064,60–64 let,Z,0,1
2023,12,CZ010,Hl. m. Praha,A01,Břišní tyfus a paratyfus,66045049,45–49 let,M,0,1
2023,12,CZ010,Hl. m. Praha,A02,Jiné infekce způsobené salmonelami,66000000,0 let,M,0,1
2023,12,CZ010,Hl. m. Praha,A02,Jiné infekce způsobené salmonelami,66001004,1–4 roky,M,0,4
2023,12,CZ010,Hl. m. Praha,A02,Jiné infekce způsobené salmonelami,66001004,1–4 roky,Z,0,2
2023,12,CZ010,Hl. m. Praha,A02,Jiné infekce způsobené salmonelami,66005009,5–9 let,M,0,4
2023,12,CZ010,Hl. m. Praha,A02,Jiné infekce způsobené salmonelami,66005009,5–9 let,Z,0,2
2023,12,CZ010,Hl. m. Praha,A02,Jiné infekce způsobené salmonelami,66010014,10–14 let,M,0,1
2023,12,CZ010,Hl. m. Praha,A02,Jiné infekce způsobené salmonelami,66015019,15–19 let,M,0,2
2023,12,CZ010,Hl. m. Praha,A02,Jiné infekce způsobené salmonelami,66015019,15–19 let,Z,0,1
2023,12,CZ010,Hl. m. Praha,A02,Jiné infekce způsobené salmonelami,66020024,20–24 let,M,0,1
2023,12,CZ010,Hl. m. Praha,A02,Jiné infekce způsobené salmonelami,66020024,20–24 let,Z,0,1
2023,12,CZ010,Hl. m. Praha,A02,Jiné infekce způsobené salmonelami,66025029,25–29 let,M,0,2
2023,12,CZ010,Hl. m. Praha,A02,Jiné infekce způsobené salmonelami,66025029,25–29 let,Z,0,2
2023,12,CZ010,Hl. m. Praha,A02,Jiné infekce způsobené salmonelami,66030034,30–34 let,M,0,1
2023,12,CZ010,Hl. m. Praha,A02,Jiné infekce způsobené salmonelami,66030034,30–34 let,Z,0,1
2023,12,CZ010,Hl. m. Praha,A02,Jiné infekce způsobené salmonelami,66035039,35–39 let,M,0,2
2023,12,CZ010,Hl. m. Praha,A02,Jiné infekce způsobené salmonelami,66045049,45–49 let,M,0,1
2023,12,CZ010,Hl. m. Praha,A02,Jiné infekce způsobené salmonelami,66060064,60–64 let,Z,0,1
2023,12,CZ010,Hl. m. Praha,A02,Jiné infekce způsobené salmonelami,66065069,65–69 let,Z,0,2
2023,12,CZ010,Hl. m. Praha,A02,Jiné infekce způsobené salmonelami,66070074,70–74 let,M,0,1
2023,12,CZ010,Hl. m. Praha,A03,Shigelóza,66015019,15–19 let,Z,0,1
2023,12,CZ010,Hl. m. Praha,A03,Shigelóza,66025029,25–29 let,Z,0,1
2023,12,CZ010,Hl. m. Praha,A03,Shigelóza,66040044,40–44 let,M,0,1
2023,12,CZ010,Hl. m. Praha,A03,Shigelóza,66045049,45–49 let,Z,0,1
2023,12,CZ010,Hl. m. Praha,A03,Shigelóza,66060064,60–64 let,M,0,1
2023,12,CZ010,Hl. m. Praha,A04,Jiné bakteriální střevní infekce,66000000,0 let,M,0,12
2023,12,CZ010,Hl. m. Praha,A04,Jiné bakteriální střevní infekce,66000000,0 let,Z,0,7
2023,12,CZ010,Hl. m. Praha,A04,Jiné bakteriální střevní infekce,66001004,1–4 roky,M,0,12
2023,12,CZ010,Hl. m. Praha,A04,Jiné bakteriální střevní infekce,66001004,1–4 roky,Z,0,13
2023,12,CZ010,Hl. m. Praha,A04,Jiné bakteriální střevní infekce,66005009,5–9 let,M,0,10
2023,12,CZ010,Hl. m. Praha,A04,Jiné bakteriální střevní infekce,66005009,5–9 let,Z,0,3
2023,12,CZ010,Hl. m. Praha,A04,Jiné bakteriální střevní infekce,66010014,10–14 let,M,0,5
2023,12,CZ010,Hl. m. Praha,A04,Jiné bakteriální střevní infekce,66010014,10–14 let,Z,0,2
2023,12,CZ010,Hl. m. Praha,A04,Jiné bakteriální střevní infekce,66015019,15–19 let,M,0,8
2023,12,CZ010,Hl. m. Praha,A04,Jiné bakteriální střevní infekce,66015019,15–19 let,Z,0,5
2023,12,CZ010,Hl. m. Praha,A04,Jiné bakteriální střevní infekce,66020024,20–24 let,M,0,5
2023,12,CZ010,Hl. m. Praha,A04,Jiné bakteriální střevní infekce,66020024,20–24 let,Z,0,1
2023,12,CZ010,Hl. m. Praha,A04,Jiné bakteriální střevní infekce,66025029,25–29 let,M,0,4
2023,12,CZ010,Hl. m. Praha,A04,Jiné bakteriální střevní infekce,66025029,25–29 let,Z,0,6
2023,12,CZ010,Hl. m. Praha,A04,Jiné bakteriální střevní infekce,66030034,30–34 let,M,0,5
2023,12,CZ010,Hl. m. Praha,A04,Jiné bakteriální střevní infekce,66030034,30–34 let,Z,0,1
2023,12,CZ010,Hl. m. Praha,A04,Jiné bakteriální střevní infekce,66035039,35–39 let,M,0,1
2023,12,CZ010,Hl. m. Praha,A04,Jiné bakteriální střevní infekce,66035039,35–39 let,Z,0,3
2023,12,CZ010,Hl. m. Praha,A04,Jiné bakteriální střevní infekce,66040044,40–44 let,M,0,1
2023,12,CZ010,Hl. m. Praha,A04,Jiné bakteriální střevní infekce,66040044,40–44 let,Z,0,1
2023,12,CZ010,Hl. m. Praha,A04,Jiné bakteriální střevní infekce,66045049,45–49 let,M,0,1
2023,12,CZ010,Hl. m. Praha,A04,Jiné bakteriální střevní infekce,66045049,45–49 let,Z,0,5
2023,12,CZ010,Hl. m. Praha,A04,Jiné bakteriální střevní infekce,66050054,50–54 let,M,0,1
2023,12,CZ010,Hl. m. Praha,A04,Jiné bakteriální střevní infekce,66050054,50–54 let,Z,0,2
2023,12,CZ010,Hl. m. Praha,A04,Jiné bakteriální střevní infekce,66055059,55–59 let,M,0,4
2023,12,CZ010,Hl. m. Praha,A04,Jiné bakteriální střevní infekce,66055059,55–59 let,Z,0,1
2023,12,CZ010,Hl. m. Praha,A04,Jiné bakteriální střevní infekce,66060064,60–64 let,M,0,2
2023,12,CZ010,Hl. m. Praha,A04,Jiné bakteriální střevní infekce,66060064,60–64 let,Z,0,2
2023,12,CZ010,Hl. m. Praha,A04,Jiné bakteriální střevní infekce,66065069,65–69 let,M,0,3
2023,12,CZ010,Hl. m. Praha,A04,Jiné bakteriální střevní infekce,66070074,70–74 let,M,0,1
2023,12,CZ010,Hl. m. Praha,A04,Jiné bakteriální střevní infekce,66075999,75+ let,M,0,6
2023,12,CZ010,Hl. m. Praha,A04,Jiné bakteriální střevní infekce,66075999,75+ let,Z,0,4
2023,12,CZ010,Hl. m. Praha,A07,Jiné protozoární střevní nemoci,66001004,1–4 roky,Z,0,1
2023,12,CZ010,Hl. m. Praha,A07,Jiné protozoární střevní nemoci,66015019,15–19 let,Z,0,1
2023,12,CZ010,Hl. m. Praha,A07,Jiné protozoární střevní nemoci,66055059,55–59 let,M,0,1
2023,12,CZ010,Hl. m. Praha,A08,Střevní infekce viry a jinými určenými mikroorganismy,66000000,0 let,M,0,1
2023,12,CZ010,Hl. m. Praha,A08,Střevní infekce viry a jinými určenými mikroorganismy,66001004,1–4 roky,M,0,6
2023,12,CZ010,Hl. m. Praha,A08,Střevní infekce viry a jinými určenými mikroorganismy,66001004,1–4 roky,Z,0,4
2023,12,CZ010,Hl. m. Praha,A08,Střevní infekce viry a jinými určenými mikroorganismy,66005009,5–9 let,Z,0,1
2023,12,CZ010,Hl. m. Praha,A08,Střevní infekce viry a jinými určenými mikroorganismy,66075999,75+ let,Z,0,2
2023,12,CZ010,Hl. m. Praha,A09,Jiná gastroenteritida a kolitida infekčního a NS původu,66001004,1–4 roky,M,0,2
2023,12,CZ010,Hl. m. Praha,A09,Jiná gastroenteritida a kolitida infekčního a NS původu,66001004,1–4 roky,Z,0,8
2023,12,CZ010,Hl. m. Praha,A09,Jiná gastroenteritida a kolitida infekčního a NS původu,66005009,5–9 let,M,0,2
2023,12,CZ010,Hl. m. Praha,A09,Jiná gastroenteritida a kolitida infekčního a NS původu,66020024,20–24 let,Z,0,2
2023,12,CZ010,Hl. m. Praha,A09,Jiná gastroenteritida a kolitida infekčního a NS původu,66030034,30–34 let,M,0,2
2023,12,CZ010,Hl. m. Praha,A09,Jiná gastroenteritida a kolitida infekčního a NS původu,66035039,35–39 let,Z,0,2
2023,12,CZ010,Hl. m. Praha,A09,Jiná gastroenteritida a kolitida infekčního a NS původu,66040044,40–44 let,M,0,2
2023,12,CZ010,Hl. m. Praha,A09,Jiná gastroenteritida a kolitida infekčního a NS původu,66075999,75+ let,M,0,2
2023,12,CZ010,Hl. m. Praha,A28,Další bakteriální zoonózy nezařazené jinde,66025029,25–29 let,Z,0,1
2023,12,CZ010,Hl. m. Praha,A28,Další bakteriální zoonózy nezařazené jinde,66050054,50–54 let,Z,0,1
2023,12,CZ010,Hl. m. Praha,A32,Listerióza [listeriosis],66055059,55–59 let,M,0,1
2023,12,CZ010,Hl. m. Praha,A37,Dávivý kašel [pertussis],66001004,1–4 roky,Z,0,1
2023,12,CZ010,Hl. m. Praha,A37,Dávivý kašel [pertussis],66005009,5–9 let,M,0,2
2023,12,CZ010,Hl. m. Praha,A37,Dávivý kašel [pertussis],66010014,10–14 let,M,0,1
2023,12,CZ010,Hl. m. Praha,A37,Dávivý kašel [pertussis],66015019,15–19 let,M,0,5
2023,12,CZ010,Hl. m. Praha,A37,Dávivý kašel [pertussis],66015019,15–19 let,Z,0,5
2023,12,CZ010,Hl. m. Praha,A37,Dávivý kašel [pertussis],66025029,25–29 let,M,0,1
2023,12,CZ010,Hl. m. Praha,A37,Dávivý kašel [pertussis],66030034,30–34 let,Z,0,2
2023,12,CZ010,Hl. m. Praha,A37,Dávivý kašel [pertussis],66035039,35–39 let,M,0,1
2023,12,CZ010,Hl. m. Praha,A37,Dávivý kašel [pertussis],66035039,35–39 let,Z,0,1
2023,12,CZ010,Hl. m. Praha,A37,Dávivý kašel [pertussis],66040044,40–44 let,M,0,2
2023,12,CZ010,Hl. m. Praha,A37,Dávivý kašel [pertussis],66040044,40–44 let,Z,0,1
2023,12,CZ010,Hl. m. Praha,A37,Dávivý kašel [pertussis],66045049,45–49 let,M,0,2
2023,12,CZ010,Hl. m. Praha,A37,Dávivý kašel [pertussis],66045049,45–49 let,Z,0,1
2023,12,CZ010,Hl. m. Praha,A37,Dávivý kašel [pertussis],66050054,50–54 let,M,0,1
2023,12,CZ010,Hl. m. Praha,A37,Dávivý kašel [pertussis],66050054,50–54 let,Z,0,1
2023,12,CZ010,Hl. m. Praha,A37,Dávivý kašel [pertussis],66060064,60–64 let,M,0,1
2023,12,CZ010,Hl. m. Praha,A37,Dávivý kašel [pertussis],66060064,60–64 let,Z,0,1
2023,12,CZ010,Hl. m. Praha,A37,Dávivý kašel [pertussis],66070074,70–74 let,Z,0,1
2023,12,CZ010,Hl. m. Praha,A38,Spála [scarlatina],66001004,1–4 roky,M,0,2
2023,12,CZ010,Hl. m. Praha,A38,Spála [scarlatina],66001004,1–4 roky,Z,0,1
2023,12,CZ010,Hl. m. Praha,A38,Spála [scarlatina],66005009,5–9 let,M,0,5
2023,12,CZ010,Hl. m. Praha,A38,Spála [scarlatina],66005009,5–9 let,Z,0,7
2023,12,CZ010,Hl. m. Praha,A38,Spála [scarlatina],66010014,10–14 let,Z,0,1
2023,12,CZ010,Hl. m. Praha,A38,Spála [scarlatina],66015019,15–19 let,M,0,1
2023,12,CZ010,Hl. m. Praha,A40,Streptokoková sepse,66035039,35–39 let,Z,0,1
2023,12,CZ010,Hl. m. Praha,A40,Streptokoková sepse,66040044,40–44 let,Z,0,1
2023,12,CZ010,Hl. m. Praha,A40,Streptokoková sepse,66045049,45–49 let,M,0,1
2023,12,CZ010,Hl. m. Praha,A40,Streptokoková sepse,66060064,60–64 let,M,0,1
2023,12,CZ010,Hl. m. Praha,A40,Streptokoková sepse,66060064,60–64 let,Z,0,1
2023,12,CZ010,Hl. m. Praha,A40,Streptokoková sepse,66065069,65–69 let,M,0,1
2023,12,CZ010,Hl. m. Praha,A40,Streptokoková sepse,66070074,70–74 let,M,0,1
2023,12,CZ010,Hl. m. Praha,A40,Streptokoková sepse,66070074,70–74 let,Z,0,2
2023,12,CZ010,Hl. m. Praha,A40,Streptokoková sepse,66075999,75+ let,M,0,2
2023,12,CZ010,Hl. m. Praha,A40,Streptokoková sepse,66075999,75+ let,Z,0,2
2023,12,CZ010,Hl. m. Praha,A41,Jiná sepse,66040044,40–44 let,M,0,1
2023,12,CZ010,Hl. m. Praha,A41,Jiná sepse,66060064,60–64 let,M,0,1
2023,12,CZ010,Hl. m. Praha,A41,Jiná sepse,66065069,65–69 let,M,0,4
2023,12,CZ010,Hl. m. Praha,A41,Jiná sepse,66065069,65–69 let,Z,0,1
2023,12,CZ010,Hl. m. Praha,A41,Jiná sepse,66075999,75+ let,M,0,2
2023,12,CZ010,Hl. m. Praha,A41,Jiná sepse,66075999,75+ let,Z,0,1
2023,12,CZ010,Hl. m. Praha,A46,Růže – erysipel,66040044,40–44 let,M,0,1
2023,12,CZ010,Hl. m. Praha,A46,Růže – erysipel,66040044,40–44 let,Z,0,1
2023,12,CZ010,Hl. m. Praha,A46,Růže – erysipel,66045049,45–49 let,M,0,1
2023,12,CZ010,Hl. m. Praha,A46,Růže – erysipel,66050054,50–54 let,Z,0,1
2023,12,CZ010,Hl. m. Praha,A46,Růže – erysipel,66055059,55–59 let,Z,0,1
2023,12,CZ010,Hl. m. Praha,A46,Růže – erysipel,66060064,60–64 let,M,0,1
2023,12,CZ010,Hl. m. Praha,A46,Růže – erysipel,66060064,60–64 let,Z,0,3
2023,12,CZ010,Hl. m. Praha,A46,Růže – erysipel,66070074,70–74 let,M,0,1
2023,12,CZ010,Hl. m. Praha,A46,Růže – erysipel,66070074,70–74 let,Z,0,2
2023,12,CZ010,Hl. m. Praha,A46,Růže – erysipel,66075999,75+ let,M,0,2
2023,12,CZ010,Hl. m. Praha,A46,Růže – erysipel,66075999,75+ let,Z,0,3
2023,12,CZ010,Hl. m. Praha,A48,Jiné bakteriální nemoci nezařazené jinde,66015019,15–19 let,Z,0,1
2023,12,CZ010,Hl. m. Praha,A48,Jiné bakteriální nemoci nezařazené jinde,66050054,50–54 let,M,0,2
2023,12,CZ010,Hl. m. Praha,A48,Jiné bakteriální nemoci nezařazené jinde,66050054,50–54 let,Z,0,1
2023,12,CZ010,Hl. m. Praha,A48,Jiné bakteriální nemoci nezařazené jinde,66055059,55–59 let,M,0,1
2023,12,CZ010,Hl. m. Praha,A48,Jiné bakteriální nemoci nezařazené jinde,66065069,65–69 let,M,0,1
2023,12,CZ010,Hl. m. Praha,A48,Jiné bakteriální nemoci nezařazené jinde,66075999,75+ let,M,0,2
2023,12,CZ010,Hl. m. Praha,A48,Jiné bakteriální nemoci nezařazené jinde,66075999,75+ let,Z,0,3
2023,12,CZ010,Hl. m. Praha,A56,Jiná chlamydiová onemocnění přenášená pohlavním stykem,66015019,15–19 let,M,0,1
2023,12,CZ010,Hl. m. Praha,A56,Jiná chlamydiová onemocnění přenášená pohlavním stykem,66020024,20–24 let,M,0,3
2023,12,CZ010,Hl. m. Praha,A56,Jiná chlamydiová onemocnění přenášená pohlavním stykem,66020024,20–24 let,Z,0,1
2023,12,CZ010,Hl. m. Praha,A56,Jiná chlamydiová onemocnění přenášená pohlavním stykem,66025029,25–29 let,M,0,7
2023,12,CZ010,Hl. m. Praha,A56,Jiná chlamydiová onemocnění přenášená pohlavním stykem,66025029,25–29 let,Z,0,1
2023,12,CZ010,Hl. m. Praha,A56,Jiná chlamydiová onemocnění přenášená pohlavním stykem,66030034,30–34 let,M,0,8
2023,12,CZ010,Hl. m. Praha,A56,Jiná chlamydiová onemocnění přenášená pohlavním stykem,66030034,30–34 let,Z,0,3
2023,12,CZ010,Hl. m. Praha,A56,Jiná chlamydiová onemocnění přenášená pohlavním stykem,66035039,35–39 let,M,0,2
2023,12,CZ010,Hl. m. Praha,A56,Jiná chlamydiová onemocnění přenášená pohlavním stykem,66035039,35–39 let,Z,0,1
2023,12,CZ010,Hl. m. Praha,A56,Jiná chlamydiová onemocnění přenášená pohlavním stykem,66040044,40–44 let,M,0,3
2023,12,CZ010,Hl. m. Praha,A56,Jiná chlamydiová onemocnění přenášená pohlavním stykem,66045049,45–49 let,M,0,1
2023,12,CZ010,Hl. m. Praha,A69,Jiné spirochetové infekce,66001004,1–4 roky,M,0,1
2023,12,CZ010,Hl. m. Praha,A69,Jiné spirochetové infekce,66005009,5–9 let,M,0,1
2023,12,CZ010,Hl. m. Praha,A69,Jiné spirochetové infekce,66015019,15–19 let,Z,0,1
2023,12,CZ010,Hl. m. Praha,A69,Jiné spirochetové infekce,66025029,25–29 let,Z,0,1
2023,12,CZ010,Hl. m. Praha,A69,Jiné spirochetové infekce,66030034,30–34 let,Z,0,1
2023,12,CZ010,Hl. m. Praha,A69,Jiné spirochetové infekce,66040044,40–44 let,Z,0,1
2023,12,CZ010,Hl. m. Praha,A69,Jiné spirochetové infekce,66050054,50–54 let,M,0,1
2023,12,CZ010,Hl. m. Praha,A69,Jiné spirochetové infekce,66055059,55–59 let,Z,0,1
2023,12,CZ010,Hl. m. Praha,A84,Virová encefalitida přenášená klíšťaty,66045049,45–49 let,M,0,1
2023,12,CZ010,Hl. m. Praha,A84,Virová encefalitida přenášená klíšťaty,66075999,75+ let,Z,0,1
2023,12,CZ010,Hl. m. Praha,A97,Dengue,66040044,40–44 let,Z,0,1
2023,12,CZ010,Hl. m. Praha,A97,Dengue,66055059,55–59 let,Z,0,1
2023,12,CZ010,Hl. m. Praha,B00,Infekce virem Herpes simplex,66030034,30–34 let,Z,0,1
2023,12,CZ010,Hl. m. Praha,B00,Infekce virem Herpes simplex,66065069,65–69 let,Z,0,1
2023,12,CZ010,Hl. m. Praha,B00,Infekce virem Herpes simplex,66070074,70–74 let,M,0,1
2023,12,CZ010,Hl. m. Praha,B00,Infekce virem Herpes simplex,66075999,75+ let,M,0,1
2023,12,CZ010,Hl. m. Praha,B01,Plané neštovice [varicella],66000000,0 let,M,0,1
2023,12,CZ010,Hl. m. Praha,B01,Plané neštovice [varicella],66001004,1–4 roky,M,0,12
2023,12,CZ010,Hl. m. Praha,B01,Plané neštovice [varicella],66001004,1–4 roky,Z,0,12
2023,12,CZ010,Hl. m. Praha,B01,Plané neštovice [varicella],66005009,5–9 let,M,0,11
2023,12,CZ010,Hl. m. Praha,B01,Plané neštovice [varicella],66005009,5–9 let,Z,0,10
2023,12,CZ010,Hl. m. Praha,B01,Plané neštovice [varicella],66010014,10–14 let,M,0,1
2023,12,CZ010,Hl. m. Praha,B01,Plané neštovice [varicella],66010014,10–14 let,Z,0,1
2023,12,CZ010,Hl. m. Praha,B01,Plané neštovice [varicella],66015019,15–19 let,M,0,1
2023,12,CZ010,Hl. m. Praha,B01,Plané neštovice [varicella],66030034,30–34 let,M,0,1
2023,12,CZ010,Hl. m. Praha,B01,Plané neštovice [varicella],66040044,40–44 let,M,0,1
2023,12,CZ010,Hl. m. Praha,B02,Pásový opar [herpes zoster],66020024,20–24 let,M,0,1
2023,12,CZ010,Hl. m. Praha,B02,Pásový opar [herpes zoster],66030034,30–34 let,Z,0,1
2023,12,CZ010,Hl. m. Praha,B02,Pásový opar [herpes zoster],66075999,75+ let,M,0,1
2023,12,CZ010,Hl. m. Praha,B05,Spalničky,66020024,20–24 let,Z,0,1
2023,12,CZ010,Hl. m. Praha,B08,Jiné virové infekce charakterizované postižením kůže a sliznic NJ,66000000,0 let,M,0,1
2023,12,CZ010,Hl. m. Praha,B08,Jiné virové infekce charakterizované postižením kůže a sliznic NJ,66000000,0 let,Z,0,2
2023,12,CZ010,Hl. m. Praha,B08,Jiné virové infekce charakterizované postižením kůže a sliznic NJ,66001004,1–4 roky,M,0,2
2023,12,CZ010,Hl. m. Praha,B08,Jiné virové infekce charakterizované postižením kůže a sliznic NJ,66001004,1–4 roky,Z,0,1
2023,12,CZ010,Hl. m. Praha,B08,Jiné virové infekce charakterizované postižením kůže a sliznic NJ,66005009,5–9 let,M,0,3
2023,12,CZ010,Hl. m. Praha,B08,Jiné virové infekce charakterizované postižením kůže a sliznic NJ,66005009,5–9 let,Z,0,4
2023,12,CZ010,Hl. m. Praha,B15,Akutní hepatitida A,66065069,65–69 let,M,0,1
2023,12,CZ010,Hl. m. Praha,B16,Akutní hepatitida B,66030034,30–34 let,Z,0,1
2023,12,CZ010,Hl. m. Praha,B16,Akutní hepatitida B,66055059,55–59 let,Z,0,1
2023,12,CZ010,Hl. m. Praha,B17,Jiná akutní virová hepatitida,66030034,30–34 let,Z,0,1
2023,12,CZ010,Hl. m. Praha,B17,Jiná akutní virová hepatitida,66040044,40–44 let,Z,0,1
2023,12,CZ010,Hl. m. Praha,B17,Jiná akutní virová hepatitida,66045049,45–49 let,Z,0,2
2023,12,CZ010,Hl. m. Praha,B17,Jiná akutní virová hepatitida,66060064,60–64 let,M,0,1
2023,12,CZ010,Hl. m. Praha,B17,Jiná akutní virová hepatitida,66075999,75+ let,M,0,2
2023,12,CZ010,Hl. m. Praha,B18,Chronická virová hepatitida,66020024,20–24 let,M,0,2
2023,12,CZ010,Hl. m. Praha,B18,Chronická virová hepatitida,66040044,40–44 let,M,0,2
2023,12,CZ010,Hl. m. Praha,B18,Chronická virová hepatitida,66045049,45–49 let,M,0,2
2023,12,CZ010,Hl. m. Praha,B18,Chronická virová hepatitida,66045049,45–49 let,Z,0,1
2023,12,CZ010,Hl. m. Praha,B18,Chronická virová hepatitida,66070074,70–74 let,Z,0,1
2023,12,CZ010,Hl. m. Praha,B18,Chronická virová hepatitida,66075999,75+ let,Z,0,1
2023,12,CZ010,Hl. m. Praha,B25,Cytomegalovirová nemoc,66060064,60–64 let,M,0,1
2023,12,CZ010,Hl. m. Praha,B26,Příušnice [parotitis epidemica],66005009,5–9 let,Z,0,1
2023,12,CZ010,Hl. m. Praha,B27,Infekční mononukleóza,66005009,5–9 let,M,0,2
2023,12,CZ010,Hl. m. Praha,B27,Infekční mononukleóza,66010014,10–14 let,Z,0,1
2023,12,CZ010,Hl. m. Praha,B27,Infekční mononukleóza,66015019,15–19 let,M,0,2
2023,12,CZ010,Hl. m. Praha,B27,Infekční mononukleóza,66015019,15–19 let,Z,0,1
2023,12,CZ010,Hl. m. Praha,B27,Infekční mononukleóza,66030034,30–34 let,M,0,1
2023,12,CZ010,Hl. m. Praha,B50,Malárie‚ původce: Plasmodium falciparum,66025029,25–29 let,M,0,1
2023,12,CZ010,Hl. m. Praha,B50,Malárie‚ původce: Plasmodium falciparum,66050054,50–54 let,Z,0,1
2023,12,CZ010,Hl. m. Praha,B50,Malárie‚ původce: Plasmodium falciparum,66060064,60–64 let,M,0,1
2023,12,CZ010,Hl. m. Praha,B58,Toxoplazmóza [toxoplasmosis],66045049,45–49 let,Z,0,1
2023,12,CZ010,Hl. m. Praha,B65,Schistozomóza [schistosomiasis] a bilharzióza [bilharziasis],66050054,50–54 let,M,0,1
2023,12,CZ010,Hl. m. Praha,B80,Enterobióza [enterobiasis],66001004,1–4 roky,M,0,2
2023,12,CZ010,Hl. m. Praha,B80,Enterobióza [enterobiasis],66005009,5–9 let,Z,0,3
2023,12,CZ010,Hl. m. Praha,B80,Enterobióza [enterobiasis],66010014,10–14 let,Z,0,3
2023,12,CZ010,Hl. m. Praha,B86,Svrab [scabies],66000000,0 let,M,0,1
2023,12,CZ010,Hl. m. Praha,B86,Svrab [scabies],66005009,5–9 let,M,0,1
2023,12,CZ010,Hl. m. Praha,B86,Svrab [scabies],66005009,5–9 let,Z,0,1
2023,12,CZ010,Hl. m. Praha,B86,Svrab [scabies],66010014,10–14 let,M,0,2
2023,12,CZ010,Hl. m. Praha,B86,Svrab [scabies],66010014,10–14 let,Z,0,1
2023,12,CZ010,Hl. m. Praha,B86,Svrab [scabies],66015019,15–19 let,M,0,7
2023,12,CZ010,Hl. m. Praha,B86,Svrab [scabies],66015019,15–19 let,Z,0,2
2023,12,CZ010,Hl. m. Praha,B86,Svrab [scabies],66020024,20–24 let,M,0,3
2023,12,CZ010,Hl. m. Praha,B86,Svrab [scabies],66025029,25–29 let,Z,0,2
2023,12,CZ010,Hl. m. Praha,B86,Svrab [scabies],66030034,30–34 let,M,0,1
2023,12,CZ010,Hl. m. Praha,B86,Svrab [scabies],66030034,30–34 let,Z,0,1
2023,12,CZ010,Hl. m. Praha,B86,Svrab [scabies],66040044,40–44 let,M,0,1
2023,12,CZ010,Hl. m. Praha,B86,Svrab [scabies],66040044,40–44 let,Z,0,2
2023,12,CZ010,Hl. m. Praha,B86,Svrab [scabies],66045049,45–49 let,M,0,2
2023,12,CZ010,Hl. m. Praha,B86,Svrab [scabies],66045049,45–49 let,Z,0,2
2023,12,CZ010,Hl. m. Praha,B86,Svrab [scabies],66050054,50–54 let,Z,0,1
2023,12,CZ010,Hl. m. Praha,B86,Svrab [scabies],66055059,55–59 let,M,0,2
2023,12,CZ010,Hl. m. Praha,B86,Svrab [scabies],66070074,70–74 let,M,0,1
2023,12,CZ010,Hl. m. Praha,B86,Svrab [scabies],66070074,70–74 let,Z,0,2
2023,12,CZ010,Hl. m. Praha,B86,Svrab [scabies],66075999,75+ let,Z,0,8
2023,12,CZ010,Hl. m. Praha,G00,Bakteriální zánět mozkových a míšních plen (bakter. meningitida) NJ,66001004,1–4 roky,Z,0,1
2023,12,CZ010,Hl. m. Praha,G00,Bakteriální zánět mozkových a míšních plen (bakter. meningitida) NJ,66065069,65–69 let,M,0,1
2023,12,CZ010,Hl. m. Praha,G00,Bakteriální zánět mozkových a míšních plen (bakter. meningitida) NJ,66070074,70–74 let,Z,0,1
2023,12,CZ010,Hl. m. Praha,G00,Bakteriální zánět mozkových a míšních plen (bakter. meningitida) NJ,66075999,75+ let,Z,0,1
2023,12,CZ010,Hl. m. Praha,J13,Zánět plic‚ původce: Streptococcus pneumoniae,66075999,75+ let,M,0,1
2023,12,CZ010,Hl. m. Praha,W54,Kousnutí nebo úder psem,66025029,25–29 let,Z,0,1
2023,1,CZ020,Středočeský kraj,A02,Jiné infekce způsobené salmonelami,66000000,0 let,M,0,2
2023,1,CZ020,Středočeský kraj,A02,Jiné infekce způsobené salmonelami,66000000,0 let,Z,0,3
2023,1,CZ020,Středočeský kraj,A02,Jiné infekce způsobené salmonelami,66001004,1–4 roky,M,0,5
2023,1,CZ020,Středočeský kraj,A02,Jiné infekce způsobené salmonelami,66001004,1–4 roky,Z,0,4
2023,1,CZ020,Středočeský kraj,A02,Jiné infekce způsobené salmonelami,66005009,5–9 let,M,0,2
2023,1,CZ020,Středočeský kraj,A02,Jiné infekce způsobené salmonelami,66005009,5–9 let,Z,0,5
2023,1,CZ020,Středočeský kraj,A02,Jiné infekce způsobené salmonelami,66010014,10–14 let,M,0,2
2023,1,CZ020,Středočeský kraj,A02,Jiné infekce způsobené salmonelami,66010014,10–14 let,Z,0,1
2023,1,CZ020,Středočeský kraj,A02,Jiné infekce způsobené salmonelami,66015019,15–19 let,M,0,1
2023,1,CZ020,Středočeský kraj,A02,Jiné infekce způsobené salmonelami,66015019,15–19 let,Z,0,3
2023,1,CZ020,Středočeský kraj,A02,Jiné infekce způsobené salmonelami,66020024,20–24 let,M,0,1
2023,1,CZ020,Středočeský kraj,A02,Jiné infekce způsobené salmonelami,66030034,30–34 let,M,0,1
2023,1,CZ020,Středočeský kraj,A02,Jiné infekce způsobené salmonelami,66030034,30–34 let,Z,0,3
2023,1,CZ020,Středočeský kraj,A02,Jiné infekce způsobené salmonelami,66035039,35–39 let,Z,0,1
2023,1,CZ020,Středočeský kraj,A02,Jiné infekce způsobené salmonelami,66040044,40–44 let,Z,0,2
2023,1,CZ020,Středočeský kraj,A02,Jiné infekce způsobené salmonelami,66045049,45–49 let,M,0,1
2023,1,CZ020,Středočeský kraj,A02,Jiné infekce způsobené salmonelami,66065069,65–69 let,Z,0,1
2023,1,CZ020,Středočeský kraj,A03,Shigelóza,66050054,50–54 let,M,0,1
2023,1,CZ020,Středočeský kraj,A03,Shigelóza,66055059,55–59 let,M,0,1
2023,1,CZ020,Středočeský kraj,A04,Jiné bakteriální střevní infekce,66000000,0 let,M,0,6
2023,1,CZ020,Středočeský kraj,A04,Jiné bakteriální střevní infekce,66000000,0 let,Z,0,6
2023,1,CZ020,Středočeský kraj,A04,Jiné bakteriální střevní infekce,66001004,1–4 roky,M,0,16
2023,1,CZ020,Středočeský kraj,A04,Jiné bakteriální střevní infekce,66001004,1–4 roky,Z,0,13
2023,1,CZ020,Středočeský kraj,A04,Jiné bakteriální střevní infekce,66005009,5–9 let,M,0,4
2023,1,CZ020,Středočeský kraj,A04,Jiné bakteriální střevní infekce,66005009,5–9 let,Z,0,4
2023,1,CZ020,Středočeský kraj,A04,Jiné bakteriální střevní infekce,66010014,10–14 let,M,0,4
2023,1,CZ020,Středočeský kraj,A04,Jiné bakteriální střevní infekce,66010014,10–14 let,Z,0,4
2023,1,CZ020,Středočeský kraj,A04,Jiné bakteriální střevní infekce,66015019,15–19 let,M,0,5
2023,1,CZ020,Středočeský kraj,A04,Jiné bakteriální střevní infekce,66015019,15–19 let,Z,0,2
2023,1,CZ020,Středočeský kraj,A04,Jiné bakteriální střevní infekce,66020024,20–24 let,M,0,4
2023,1,CZ020,Středočeský kraj,A04,Jiné bakteriální střevní infekce,66020024,20–24 let,Z,0,2
2023,1,CZ020,Středočeský kraj,A04,Jiné bakteriální střevní infekce,66025029,25–29 let,M,0,3
2023,1,CZ020,Středočeský kraj,A04,Jiné bakteriální střevní infekce,66025029,25–29 let,Z,0,5
2023,1,CZ020,Středočeský kraj,A04,Jiné bakteriální střevní infekce,66030034,30–34 let,M,0,1
2023,1,CZ020,Středočeský kraj,A04,Jiné bakteriální střevní infekce,66030034,30–34 let,Z,0,1
2023,1,CZ020,Středočeský kraj,A04,Jiné bakteriální střevní infekce,66035039,35–39 let,M,0,3
2023,1,CZ020,Středočeský kraj,A04,Jiné bakteriální střevní infekce,66035039,35–39 let,Z,0,1
2023,1,CZ020,Středočeský kraj,A04,Jiné bakteriální střevní infekce,66040044,40–44 let,M,0,1
2023,1,CZ020,Středočeský kraj,A04,Jiné bakteriální střevní infekce,66040044,40–44 let,Z,0,2
2023,1,CZ020,Středočeský kraj,A04,Jiné bakteriální střevní infekce,66045049,45–49 let,M,0,1
2023,1,CZ020,Středočeský kraj,A04,Jiné bakteriální střevní infekce,66045049,45–49 let,Z,0,1
2023,1,CZ020,Středočeský kraj,A04,Jiné bakteriální střevní infekce,66050054,50–54 let,M,0,2
2023,1,CZ020,Středočeský kraj,A04,Jiné bakteriální střevní infekce,66050054,50–54 let,Z,0,2
2023,1,CZ020,Středočeský kraj,A04,Jiné bakteriální střevní infekce,66055059,55–59 let,M,0,2
2023,1,CZ020,Středočeský kraj,A04,Jiné bakteriální střevní infekce,66060064,60–64 let,M,0,3
2023,1,CZ020,Středočeský kraj,A04,Jiné bakteriální střevní infekce,66060064,60–64 let,Z,0,4
2023,1,CZ020,Středočeský kraj,A04,Jiné bakteriální střevní infekce,66065069,65–69 let,Z,0,2
2023,1,CZ020,Středočeský kraj,A04,Jiné bakteriální střevní infekce,66070074,70–74 let,M,0,2
2023,1,CZ020,Středočeský kraj,A04,Jiné bakteriální střevní infekce,66070074,70–74 let,Z,0,1
2023,1,CZ020,Středočeský kraj,A04,Jiné bakteriální střevní infekce,66075999,75+ let,M,0,5
2023,1,CZ020,Středočeský kraj,A04,Jiné bakteriální střevní infekce,66075999,75+ let,Z,0,7
2023,1,CZ020,Středočeský kraj,A08,Střevní infekce viry a jinými určenými mikroorganismy,66000000,0 let,M,0,1
2023,1,CZ020,Středočeský kraj,A08,Střevní infekce viry a jinými určenými mikroorganismy,66000000,0 let,Z,0,1
2023,1,CZ020,Středočeský kraj,A08,Střevní infekce viry a jinými určenými mikroorganismy,66001004,1–4 roky,M,0,8
2023,1,CZ020,Středočeský kraj,A08,Střevní infekce viry a jinými určenými mikroorganismy,66001004,1–4 roky,Z,0,3
2023,1,CZ020,Středočeský kraj,A08,Střevní infekce viry a jinými určenými mikroorganismy,66005009,5–9 let,Z,0,2
2023,1,CZ020,Středočeský kraj,A08,Střevní infekce viry a jinými určenými mikroorganismy,66010014,10–14 let,M,0,1
2023,1,CZ020,Středočeský kraj,A08,Střevní infekce viry a jinými určenými mikroorganismy,66010014,10–14 let,Z,0,1
2023,1,CZ020,Středočeský kraj,A08,Střevní infekce viry a jinými určenými mikroorganismy,66015019,15–19 let,M,0,1
2023,1,CZ020,Středočeský kraj,A08,Střevní infekce viry a jinými určenými mikroorganismy,66065069,65–69 let,Z,0,1
2023,1,CZ020,Středočeský kraj,A08,Střevní infekce viry a jinými určenými mikroorganismy,66070074,70–74 let,M,0,1
2023,1,CZ020,Středočeský kraj,A08,Střevní infekce viry a jinými určenými mikroorganismy,66070074,70–74 let,Z,0,1
2023,1,CZ020,Středočeský kraj,A32,Listerióza [listeriosis],66070074,70–74 let,M,0,1
2023,1,CZ020,Středočeský kraj,A37,Dávivý kašel [pertussis],66001004,1–4 roky,M,0,1
2023,1,CZ020,Středočeský kraj,A37,Dávivý kašel [pertussis],66001004,1–4 roky,Z,0,3
2023,1,CZ020,Středočeský kraj,A38,Spála [scarlatina],66001004,1–4 roky,M,0,5
2023,1,CZ020,Středočeský kraj,A38,Spála [scarlatina],66001004,1–4 roky,Z,0,6
2023,1,CZ020,Středočeský kraj,A38,Spála [scarlatina],66005009,5–9 let,M,0,16
2023,1,CZ020,Středočeský kraj,A38,Spála [scarlatina],66005009,5–9 let,Z,0,14
2023,1,CZ020,Středočeský kraj,A38,Spála [scarlatina],66010014,10–14 let,M,0,2
2023,1,CZ020,Středočeský kraj,A38,Spála [scarlatina],66010014,10–14 let,Z,0,2
2023,1,CZ020,Středočeský kraj,A38,Spála [scarlatina],66015019,15–19 let,Z,0,1
2023,1,CZ020,Středočeský kraj,A39,Meningokokové infekce,66015019,15–19 let,Z,0,1
2023,1,CZ020,Středočeský kraj,A40,Streptokoková sepse,66001004,1–4 roky,Z,0,1
2023,1,CZ020,Středočeský kraj,A40,Streptokoková sepse,66055059,55–59 let,M,0,1
2023,1,CZ020,Středočeský kraj,A40,Streptokoková sepse,66060064,60–64 let,Z,0,1
2023,1,CZ020,Středočeský kraj,A40,Streptokoková sepse,66065069,65–69 let,Z,0,1
2023,1,CZ020,Středočeský kraj,A40,Streptokoková sepse,66070074,70–74 let,M,0,3
2023,1,CZ020,Středočeský kraj,A40,Streptokoková sepse,66070074,70–74 let,Z,0,1
2023,1,CZ020,Středočeský kraj,A40,Streptokoková sepse,66075999,75+ let,M,0,3
2023,1,CZ020,Středočeský kraj,A40,Streptokoková sepse,66075999,75+ let,Z,0,2
2023,1,CZ020,Středočeský kraj,A41,Jiná sepse,66060064,60–64 let,M,0,1
2023,1,CZ020,Středočeský kraj,A41,Jiná sepse,66065069,65–69 let,Z,0,1
2023,1,CZ020,Středočeský kraj,A41,Jiná sepse,66070074,70–74 let,M,0,4
2023,1,CZ020,Středočeský kraj,A41,Jiná sepse,66075999,75+ let,M,0,3
2023,1,CZ020,Středočeský kraj,A41,Jiná sepse,66075999,75+ let,Z,0,3
2023,1,CZ020,Středočeský kraj,A46,Růže – erysipel,66030034,30–34 let,Z,0,1
2023,1,CZ020,Středočeský kraj,A46,Růže – erysipel,66045049,45–49 let,M,0,1
2023,1,CZ020,Středočeský kraj,A46,Růže – erysipel,66050054,50–54 let,M,0,1
2023,1,CZ020,Středočeský kraj,A46,Růže – erysipel,66055059,55–59 let,M,0,3
2023,1,CZ020,Středočeský kraj,A46,Růže – erysipel,66060064,60–64 let,M,0,1
2023,1,CZ020,Středočeský kraj,A46,Růže – erysipel,66060064,60–64 let,Z,0,1
2023,1,CZ020,Středočeský kraj,A46,Růže – erysipel,66065069,65–69 let,Z,0,1
2023,1,CZ020,Středočeský kraj,A46,Růže – erysipel,66070074,70–74 let,M,0,2
2023,1,CZ020,Středočeský kraj,A46,Růže – erysipel,66075999,75+ let,M,0,3
2023,1,CZ020,Středočeský kraj,A46,Růže – erysipel,66075999,75+ let,Z,0,1
2023,1,CZ020,Středočeský kraj,A48,Jiné bakteriální nemoci nezařazené jinde,66035039,35–39 let,M,0,1
2023,1,CZ020,Středočeský kraj,A48,Jiné bakteriální nemoci nezařazené jinde,66050054,50–54 let,M,0,1
2023,1,CZ020,Středočeský kraj,A48,Jiné bakteriální nemoci nezařazené jinde,66070074,70–74 let,M,0,1
2023,1,CZ020,Středočeský kraj,A48,Jiné bakteriální nemoci nezařazené jinde,66075999,75+ let,M,0,1
2023,1,CZ020,Středočeský kraj,A56,Jiná chlamydiová onemocnění přenášená pohlavním stykem,66015019,15–19 let,Z,0,1
2023,1,CZ020,Středočeský kraj,A56,Jiná chlamydiová onemocnění přenášená pohlavním stykem,66020024,20–24 let,Z,0,2
2023,1,CZ020,Středočeský kraj,A56,Jiná chlamydiová onemocnění přenášená pohlavním stykem,66025029,25–29 let,M,0,1
2023,1,CZ020,Středočeský kraj,A56,Jiná chlamydiová onemocnění přenášená pohlavním stykem,66025029,25–29 let,Z,0,1
2023,1,CZ020,Středočeský kraj,A56,Jiná chlamydiová onemocnění přenášená pohlavním stykem,66030034,30–34 let,M,0,2
2023,1,CZ020,Středočeský kraj,A56,Jiná chlamydiová onemocnění přenášená pohlavním stykem,66030034,30–34 let,Z,0,2
2023,1,CZ020,Středočeský kraj,A56,Jiná chlamydiová onemocnění přenášená pohlavním stykem,66035039,35–39 let,M,0,1
2023,1,CZ020,Středočeský kraj,A69,Jiné spirochetové infekce,66005009,5–9 let,Z,0,1
2023,1,CZ020,Středočeský kraj,A69,Jiné spirochetové infekce,66015019,15–19 let,Z,0,1
2023,1,CZ020,Středočeský kraj,A69,Jiné spirochetové infekce,66025029,25–29 let,M,0,1
2023,1,CZ020,Středočeský kraj,A69,Jiné spirochetové infekce,66025029,25–29 let,Z,0,1
2023,1,CZ020,Středočeský kraj,A69,Jiné spirochetové infekce,66030034,30–34 let,M,0,1
2023,1,CZ020,Středočeský kraj,A69,Jiné spirochetové infekce,66035039,35–39 let,M,0,1
2023,1,CZ020,Středočeský kraj,A69,Jiné spirochetové infekce,66035039,35–39 let,Z,0,1
2023,1,CZ020,Středočeský kraj,A69,Jiné spirochetové infekce,66040044,40–44 let,Z,0,2
2023,1,CZ020,Středočeský kraj,A69,Jiné spirochetové infekce,66045049,45–49 let,M,0,1
2023,1,CZ020,Středočeský kraj,A69,Jiné spirochetové infekce,66045049,45–49 let,Z,0,3
2023,1,CZ020,Středočeský kraj,A69,Jiné spirochetové infekce,66050054,50–54 let,M,0,1
2023,1,CZ020,Středočeský kraj,A69,Jiné spirochetové infekce,66055059,55–59 let,M,0,3
2023,1,CZ020,Středočeský kraj,A69,Jiné spirochetové infekce,66055059,55–59 let,Z,0,1
2023,1,CZ020,Středočeský kraj,A69,Jiné spirochetové infekce,66060064,60–64 let,M,0,2
2023,1,CZ020,Středočeský kraj,A69,Jiné spirochetové infekce,66065069,65–69 let,Z,0,3
2023,1,CZ020,Středočeský kraj,A69,Jiné spirochetové infekce,66075999,75+ let,Z,0,1
2023,1,CZ020,Středočeský kraj,A84,Virová encefalitida přenášená klíšťaty,66060064,60–64 let,M,0,1
2023,1,CZ020,Středočeský kraj,A84,Virová encefalitida přenášená klíšťaty,66065069,65–69 let,M,0,1
2023,1,CZ020,Středočeský kraj,A86,Neurčená virová encefalitida,66025029,25–29 let,M,0,1
2023,1,CZ020,Středočeský kraj,A87,Virová meningitida,66025029,25–29 let,M,0,1
2023,1,CZ020,Středočeský kraj,A87,Virová meningitida,66030034,30–34 let,M,0,1
2023,1,CZ020,Středočeský kraj,A87,Virová meningitida,66030034,30–34 let,Z,0,1
2023,1,CZ020,Středočeský kraj,A97,Dengue,66025029,25–29 let,Z,0,1
2023,1,CZ020,Středočeský kraj,B01,Plané neštovice [varicella],66000000,0 let,M,0,3
2023,1,CZ020,Středočeský kraj,B01,Plané neštovice [varicella],66000000,0 let,Z,0,6
2023,1,CZ020,Středočeský kraj,B01,Plané neštovice [varicella],66001004,1–4 roky,M,0,68
2023,1,CZ020,Středočeský kraj,B01,Plané neštovice [varicella],66001004,1–4 roky,Z,0,79
2023,1,CZ020,Středočeský kraj,B01,Plané neštovice [varicella],66005009,5–9 let,M,0,120
2023,1,CZ020,Středočeský kraj,B01,Plané neštovice [varicella],66005009,5–9 let,Z,0,108
2023,1,CZ020,Středočeský kraj,B01,Plané neštovice [varicella],66010014,10–14 let,M,0,13
2023,1,CZ020,Středočeský kraj,B01,Plané neštovice [varicella],66010014,10–14 let,Z,0,9
2023,1,CZ020,Středočeský kraj,B01,Plané neštovice [varicella],66015019,15–19 let,Z,0,2
2023,1,CZ020,Středočeský kraj,B01,Plané neštovice [varicella],66030034,30–34 let,M,0,2
2023,1,CZ020,Středočeský kraj,B02,Pásový opar [herpes zoster],66005009,5–9 let,M,0,1
2023,1,CZ020,Středočeský kraj,B02,Pásový opar [herpes zoster],66015019,15–19 let,M,0,1
2023,1,CZ020,Středočeský kraj,B02,Pásový opar [herpes zoster],66030034,30–34 let,Z,0,1
2023,1,CZ020,Středočeský kraj,B02,Pásový opar [herpes zoster],66040044,40–44 let,M,0,1
2023,1,CZ020,Středočeský kraj,B02,Pásový opar [herpes zoster],66045049,45–49 let,M,0,1
2023,1,CZ020,Středočeský kraj,B02,Pásový opar [herpes zoster],66050054,50–54 let,M,0,2
2023,1,CZ020,Středočeský kraj,B02,Pásový opar [herpes zoster],66050054,50–54 let,Z,0,1
2023,1,CZ020,Středočeský kraj,B02,Pásový opar [herpes zoster],66055059,55–59 let,Z,0,1
2023,1,CZ020,Středočeský kraj,B02,Pásový opar [herpes zoster],66070074,70–74 let,M,0,3
2023,1,CZ020,Středočeský kraj,B02,Pásový opar [herpes zoster],66070074,70–74 let,Z,0,2
2023,1,CZ020,Středočeský kraj,B02,Pásový opar [herpes zoster],66075999,75+ let,M,0,2
2023,1,CZ020,Středočeský kraj,B02,Pásový opar [herpes zoster],66075999,75+ let,Z,0,1
2023,1,CZ020,Středočeský kraj,B08,Jiné virové infekce charakterizované postižením kůže a sliznic NJ,66000000,0 let,Z,0,1
2023,1,CZ020,Středočeský kraj,B08,Jiné virové infekce charakterizované postižením kůže a sliznic NJ,66001004,1–4 roky,M,0,2
2023,1,CZ020,Středočeský kraj,B08,Jiné virové infekce charakterizované postižením kůže a sliznic NJ,66005009,5–9 let,M,0,2
2023,1,CZ020,Středočeský kraj,B16,Akutní hepatitida B,66020024,20–24 let,Z,0,1
2023,1,CZ020,Středočeský kraj,B17,Jiná akutní virová hepatitida,66005009,5–9 let,M,0,1
2023,1,CZ020,Středočeský kraj,B17,Jiná akutní virová hepatitida,66035039,35–39 let,M,0,2
2023,1,CZ020,Středočeský kraj,B17,Jiná akutní virová hepatitida,66035039,35–39 let,Z,0,1
2023,1,CZ020,Středočeský kraj,B17,Jiná akutní virová hepatitida,66040044,40–44 let,M,0,1
2023,1,CZ020,Středočeský kraj,B17,Jiná akutní virová hepatitida,66050054,50–54 let,Z,0,1
2023,1,CZ020,Středočeský kraj,B17,Jiná akutní virová hepatitida,66055059,55–59 let,M,0,2
2023,1,CZ020,Středočeský kraj,B17,Jiná akutní virová hepatitida,66065069,65–69 let,M,0,1
2023,1,CZ020,Středočeský kraj,B17,Jiná akutní virová hepatitida,66065069,65–69 let,Z,0,1
2023,1,CZ020,Středočeský kraj,B18,Chronická virová hepatitida,66015019,15–19 let,M,0,1
2023,1,CZ020,Středočeský kraj,B18,Chronická virová hepatitida,66025029,25–29 let,M,0,2
2023,1,CZ020,Středočeský kraj,B18,Chronická virová hepatitida,66030034,30–34 let,M,0,4
2023,1,CZ020,Středočeský kraj,B18,Chronická virová hepatitida,66035039,35–39 let,M,0,2
2023,1,CZ020,Středočeský kraj,B18,Chronická virová hepatitida,66045049,45–49 let,M,0,2
2023,1,CZ020,Středočeský kraj,B27,Infekční mononukleóza,66010014,10–14 let,M,0,1
2023,1,CZ020,Středočeský kraj,B27,Infekční mononukleóza,66010014,10–14 let,Z,0,2
2023,1,CZ020,Středočeský kraj,B27,Infekční mononukleóza,66015019,15–19 let,M,0,3
2023,1,CZ020,Středočeský kraj,B27,Infekční mononukleóza,66015019,15–19 let,Z,0,2
2023,1,CZ020,Středočeský kraj,B80,Enterobióza [enterobiasis],66005009,5–9 let,M,0,1
2023,1,CZ020,Středočeský kraj,B80,Enterobióza [enterobiasis],66005009,5–9 let,Z,0,2
2023,1,CZ020,Středočeský kraj,B86,Svrab [scabies],66001004,1–4 roky,M,0,1
2023,1,CZ020,Středočeský kraj,B86,Svrab [scabies],66001004,1–4 roky,Z,0,1
2023,1,CZ020,Středočeský kraj,B86,Svrab [scabies],66005009,5–9 let,M,0,2
2023,1,CZ020,Středočeský kraj,B86,Svrab [scabies],66005009,5–9 let,Z,0,4
2023,1,CZ020,Středočeský kraj,B86,Svrab [scabies],66010014,10–14 let,M,0,2
2023,1,CZ020,Středočeský kraj,B86,Svrab [scabies],66010014,10–14 let,Z,0,3
2023,1,CZ020,Středočeský kraj,B86,Svrab [scabies],66015019,15–19 let,M,0,8
2023,1,CZ020,Středočeský kraj,B86,Svrab [scabies],66015019,15–19 let,Z,0,5
2023,1,CZ020,Středočeský kraj,B86,Svrab [scabies],66020024,20–24 let,M,0,2
2023,1,CZ020,Středočeský kraj,B86,Svrab [scabies],66025029,25–29 let,M,0,1
2023,1,CZ020,Středočeský kraj,B86,Svrab [scabies],66035039,35–39 let,Z,0,1
2023,1,CZ020,Středočeský kraj,B86,Svrab [scabies],66040044,40–44 let,M,0,1
2023,1,CZ020,Středočeský kraj,B86,Svrab [scabies],66060064,60–64 let,Z,0,2
2023,1,CZ020,Středočeský kraj,B86,Svrab [scabies],66065069,65–69 let,M,0,1
2023,1,CZ020,Středočeský kraj,B86,Svrab [scabies],66075999,75+ let,M,0,1
2023,1,CZ020,Středočeský kraj,B86,Svrab [scabies],66075999,75+ let,Z,0,1
2023,1,CZ020,Středočeský kraj,G00,Bakteriální zánět mozkových a míšních plen (bakter. meningitida) NJ,66035039,35–39 let,Z,0,1
2023,1,CZ020,Středočeský kraj,G00,Bakteriální zánět mozkových a míšních plen (bakter. meningitida) NJ,66040044,40–44 let,M,0,1
2023,1,CZ020,Středočeský kraj,G00,Bakteriální zánět mozkových a míšních plen (bakter. meningitida) NJ,66060064,60–64 let,Z,0,1
2023,1,CZ020,Středočeský kraj,J10,Chřipka způsobená identifikovaným sezónním chřipkovým virem,66001004,1–4 roky,Z,0,1
2023,1,CZ020,Středočeský kraj,J10,Chřipka způsobená identifikovaným sezónním chřipkovým virem,66010014,10–14 let,M,0,1
2023,2,CZ020,Středočeský kraj,A02,Jiné infekce způsobené salmonelami,66001004,1–4 roky,M,0,5
2023,2,CZ020,Středočeský kraj,A02,Jiné infekce způsobené salmonelami,66001004,1–4 roky,Z,0,3
2023,2,CZ020,Středočeský kraj,A02,Jiné infekce způsobené salmonelami,66005009,5–9 let,M,0,2
2023,2,CZ020,Středočeský kraj,A02,Jiné infekce způsobené salmonelami,66005009,5–9 let,Z,0,1
2023,2,CZ020,Středočeský kraj,A02,Jiné infekce způsobené salmonelami,66010014,10–14 let,M,0,3
2022,3,CZ032,Plzeňský kraj,A04,Jiné bakteriální střevní infekce,66065069,65–69 let,Z,0,5
2022,3,CZ032,Plzeňský kraj,A04,Jiné bakteriální střevní infekce,66070074,70–74 let,M,0,5
2022,3,CZ032,Plzeňský kraj,A04,Jiné bakteriální střevní infekce,66070074,70–74 let,Z,0,6
2022,3,CZ032,Plzeňský kraj,A04,Jiné bakteriální střevní infekce,66075999,75+ let,M,0,7
2022,3,CZ032,Plzeňský kraj,A04,Jiné bakteriální střevní infekce,66075999,75+ let,Z,0,18
2022,3,CZ032,Plzeňský kraj,A08,Střevní infekce viry a jinými určenými mikroorganismy,66000000,0 let,M,0,8
2022,3,CZ032,Plzeňský kraj,A08,Střevní infekce viry a jinými určenými mikroorganismy,66000000,0 let,Z,0,4
2022,3,CZ032,Plzeňský kraj,A08,Střevní infekce viry a jinými určenými mikroorganismy,66001004,1–4 roky,M,0,24
2022,3,CZ032,Plzeňský kraj,A08,Střevní infekce viry a jinými určenými mikroorganismy,66001004,1–4 roky,Z,0,29
2022,3,CZ032,Plzeňský kraj,A08,Střevní infekce viry a jinými určenými mikroorganismy,66005009,5–9 let,M,0,7
2022,3,CZ032,Plzeňský kraj,A08,Střevní infekce viry a jinými určenými mikroorganismy,66005009,5–9 let,Z,0,7
2022,3,CZ032,Plzeňský kraj,A08,Střevní infekce viry a jinými určenými mikroorganismy,66010014,10–14 let,M,0,1
2022,3,CZ032,Plzeňský kraj,A08,Střevní infekce viry a jinými určenými mikroorganismy,66010014,10–14 let,Z,0,2
2022,3,CZ032,Plzeňský kraj,A08,Střevní infekce viry a jinými určenými mikroorganismy,66015019,15–19 let,Z,0,1
2022,3,CZ032,Plzeňský kraj,A08,Střevní infekce viry a jinými určenými mikroorganismy,66020024,20–24 let,M,0,1
2022,3,CZ032,Plzeňský kraj,A08,Střevní infekce viry a jinými určenými mikroorganismy,66025029,25–29 let,M,0,1
2022,3,CZ032,Plzeňský kraj,A08,Střevní infekce viry a jinými určenými mikroorganismy,66025029,25–29 let,Z,0,1
2022,3,CZ032,Plzeňský kraj,A08,Střevní infekce viry a jinými určenými mikroorganismy,66045049,45–49 let,Z,0,2
2022,3,CZ032,Plzeňský kraj,A08,Střevní infekce viry a jinými určenými mikroorganismy,66050054,50–54 let,Z,0,1
2022,3,CZ032,Plzeňský kraj,A08,Střevní infekce viry a jinými určenými mikroorganismy,66055059,55–59 let,M,0,1
2022,3,CZ032,Plzeňský kraj,A08,Střevní infekce viry a jinými určenými mikroorganismy,66065069,65–69 let,M,0,1
2022,3,CZ032,Plzeňský kraj,A08,Střevní infekce viry a jinými určenými mikroorganismy,66070074,70–74 let,Z,0,1
2022,3,CZ032,Plzeňský kraj,A08,Střevní infekce viry a jinými určenými mikroorganismy,66075999,75+ let,M,0,1
2022,3,CZ032,Plzeňský kraj,A08,Střevní infekce viry a jinými určenými mikroorganismy,66075999,75+ let,Z,0,4
2022,3,CZ032,Plzeňský kraj,A38,Spála [scarlatina],66001004,1–4 roky,M,0,1
2022,3,CZ032,Plzeňský kraj,A40,Streptokoková sepse,66001004,1–4 roky,Z,0,1
2022,3,CZ032,Plzeňský kraj,A40,Streptokoková sepse,66030034,30–34 let,M,0,1
2022,3,CZ032,Plzeňský kraj,A40,Streptokoková sepse,66035039,35–39 let,M,0,1
2022,3,CZ032,Plzeňský kraj,A40,Streptokoková sepse,66070074,70–74 let,M,0,2
2022,3,CZ032,Plzeňský kraj,A40,Streptokoková sepse,66075999,75+ let,Z,0,1
2022,3,CZ032,Plzeňský kraj,A41,Jiná sepse,66035039,35–39 let,Z,0,1
2022,3,CZ032,Plzeňský kraj,A41,Jiná sepse,66050054,50–54 let,Z,0,1
2022,3,CZ032,Plzeňský kraj,A41,Jiná sepse,66055059,55–59 let,M,0,1
2022,3,CZ032,Plzeňský kraj,A41,Jiná sepse,66060064,60–64 let,M,0,1
2022,3,CZ032,Plzeňský kraj,A41,Jiná sepse,66065069,65–69 let,M,0,1
2022,3,CZ032,Plzeňský kraj,A41,Jiná sepse,66065069,65–69 let,Z,0,1
2022,3,CZ032,Plzeňský kraj,A41,Jiná sepse,66070074,70–74 let,M,0,1
2022,3,CZ032,Plzeňský kraj,A41,Jiná sepse,66075999,75+ let,M,0,2
2022,3,CZ032,Plzeňský kraj,A41,Jiná sepse,66075999,75+ let,Z,0,2
2022,3,CZ032,Plzeňský kraj,A46,Růže – erysipel,66040044,40–44 let,M,0,1
2022,3,CZ032,Plzeňský kraj,A46,Růže – erysipel,66045049,45–49 let,Z,0,1
2022,3,CZ032,Plzeňský kraj,A46,Růže – erysipel,66050054,50–54 let,M,0,2
2022,3,CZ032,Plzeňský kraj,A46,Růže – erysipel,66050054,50–54 let,Z,0,1
2022,3,CZ032,Plzeňský kraj,A46,Růže – erysipel,66055059,55–59 let,M,0,2
2022,3,CZ032,Plzeňský kraj,A46,Růže – erysipel,66055059,55–59 let,Z,0,1
2022,3,CZ032,Plzeňský kraj,A46,Růže – erysipel,66060064,60–64 let,M,0,1
2022,3,CZ032,Plzeňský kraj,A46,Růže – erysipel,66060064,60–64 let,Z,0,1
2022,3,CZ032,Plzeňský kraj,A46,Růže – erysipel,66065069,65–69 let,Z,0,3
2022,3,CZ032,Plzeňský kraj,A46,Růže – erysipel,66070074,70–74 let,M,0,4
2022,3,CZ032,Plzeňský kraj,A46,Růže – erysipel,66075999,75+ let,M,0,2
2022,3,CZ032,Plzeňský kraj,A46,Růže – erysipel,66075999,75+ let,Z,0,2
2022,3,CZ032,Plzeňský kraj,A48,Jiné bakteriální nemoci nezařazené jinde,66070074,70–74 let,M,0,1
2022,3,CZ032,Plzeňský kraj,A56,Jiná chlamydiová onemocnění přenášená pohlavním stykem,66015019,15–19 let,Z,0,1
2022,3,CZ032,Plzeňský kraj,A56,Jiná chlamydiová onemocnění přenášená pohlavním stykem,66020024,20–24 let,M,0,2
2022,3,CZ032,Plzeňský kraj,A56,Jiná chlamydiová onemocnění přenášená pohlavním stykem,66020024,20–24 let,Z,0,5
2022,3,CZ032,Plzeňský kraj,A56,Jiná chlamydiová onemocnění přenášená pohlavním stykem,66030034,30–34 let,Z,0,1
2022,3,CZ032,Plzeňský kraj,A56,Jiná chlamydiová onemocnění přenášená pohlavním stykem,66035039,35–39 let,Z,0,1
2022,3,CZ032,Plzeňský kraj,A56,Jiná chlamydiová onemocnění přenášená pohlavním stykem,66040044,40–44 let,M,0,1
2022,3,CZ032,Plzeňský kraj,A56,Jiná chlamydiová onemocnění přenášená pohlavním stykem,66050054,50–54 let,M,0,1
2022,3,CZ032,Plzeňský kraj,A56,Jiná chlamydiová onemocnění přenášená pohlavním stykem,66050054,50–54 let,Z,0,1
2022,3,CZ032,Plzeňský kraj,A56,Jiná chlamydiová onemocnění přenášená pohlavním stykem,66055059,55–59 let,M,0,2
2022,3,CZ032,Plzeňský kraj,A69,Jiné spirochetové infekce,66050054,50–54 let,M,0,1
2022,3,CZ032,Plzeňský kraj,A69,Jiné spirochetové infekce,66075999,75+ let,M,0,1
2022,3,CZ032,Plzeňský kraj,A81,Atypické virové infekce centrální nervové soustavy,66065069,65–69 let,Z,0,1
2022,3,CZ032,Plzeňský kraj,B00,Infekce virem Herpes simplex,66010014,10–14 let,Z,0,1
2022,3,CZ032,Plzeňský kraj,B00,Infekce virem Herpes simplex,66025029,25–29 let,Z,0,1
2022,3,CZ032,Plzeňský kraj,B00,Infekce virem Herpes simplex,66060064,60–64 let,Z,0,1
2022,3,CZ032,Plzeňský kraj,B01,Plané neštovice [varicella],66000000,0 let,M,0,7
2022,3,CZ032,Plzeňský kraj,B01,Plané neštovice [varicella],66000000,0 let,Z,0,3
2022,3,CZ032,Plzeňský kraj,B01,Plané neštovice [varicella],66001004,1–4 roky,M,0,73
2022,3,CZ032,Plzeňský kraj,B01,Plané neštovice [varicella],66001004,1–4 roky,Z,0,82
2022,3,CZ032,Plzeňský kraj,B01,Plané neštovice [varicella],66005009,5–9 let,M,0,104
2022,3,CZ032,Plzeňský kraj,B01,Plané neštovice [varicella],66005009,5–9 let,Z,0,96
2022,3,CZ032,Plzeňský kraj,B01,Plané neštovice [varicella],66010014,10–14 let,M,0,12
2022,3,CZ032,Plzeňský kraj,B01,Plané neštovice [varicella],66010014,10–14 let,Z,0,14
2022,3,CZ032,Plzeňský kraj,B01,Plané neštovice [varicella],66015019,15–19 let,M,0,3
2022,3,CZ032,Plzeňský kraj,B01,Plané neštovice [varicella],66020024,20–24 let,Z,0,1
2022,3,CZ032,Plzeňský kraj,B02,Pásový opar [herpes zoster],66010014,10–14 let,Z,0,1
2022,3,CZ032,Plzeňský kraj,B02,Pásový opar [herpes zoster],66015019,15–19 let,M,0,1
2022,3,CZ032,Plzeňský kraj,B02,Pásový opar [herpes zoster],66020024,20–24 let,Z,0,1
2022,3,CZ032,Plzeňský kraj,B02,Pásový opar [herpes zoster],66025029,25–29 let,M,0,2
2022,3,CZ032,Plzeňský kraj,B02,Pásový opar [herpes zoster],66030034,30–34 let,Z,0,3
2022,3,CZ032,Plzeňský kraj,B02,Pásový opar [herpes zoster],66040044,40–44 let,Z,0,1
2022,3,CZ032,Plzeňský kraj,B02,Pásový opar [herpes zoster],66045049,45–49 let,Z,0,1
2022,3,CZ032,Plzeňský kraj,B02,Pásový opar [herpes zoster],66050054,50–54 let,M,0,1
2022,3,CZ032,Plzeňský kraj,B02,Pásový opar [herpes zoster],66050054,50–54 let,Z,0,4
2022,3,CZ032,Plzeňský kraj,B02,Pásový opar [herpes zoster],66055059,55–59 let,M,0,1
2022,3,CZ032,Plzeňský kraj,B02,Pásový opar [herpes zoster],66055059,55–59 let,Z,0,2
2022,3,CZ032,Plzeňský kraj,B02,Pásový opar [herpes zoster],66060064,60–64 let,M,0,2
2022,3,CZ032,Plzeňský kraj,B02,Pásový opar [herpes zoster],66065069,65–69 let,M,0,3
2022,3,CZ032,Plzeňský kraj,B02,Pásový opar [herpes zoster],66065069,65–69 let,Z,0,1
2022,3,CZ032,Plzeňský kraj,B02,Pásový opar [herpes zoster],66070074,70–74 let,M,0,2
2022,3,CZ032,Plzeňský kraj,B02,Pásový opar [herpes zoster],66075999,75+ let,M,0,2
2022,3,CZ032,Plzeňský kraj,B02,Pásový opar [herpes zoster],66075999,75+ let,Z,0,4
2022,3,CZ032,Plzeňský kraj,B08,Jiné virové infekce charakterizované postižením kůže a sliznic NJ,66000000,0 let,M,0,1
2022,3,CZ032,Plzeňský kraj,B08,Jiné virové infekce charakterizované postižením kůže a sliznic NJ,66000000,0 let,Z,0,1
2022,3,CZ032,Plzeňský kraj,B08,Jiné virové infekce charakterizované postižením kůže a sliznic NJ,66001004,1–4 roky,Z,0,1
2022,3,CZ032,Plzeňský kraj,B08,Jiné virové infekce charakterizované postižením kůže a sliznic NJ,66005009,5–9 let,M,0,1
2022,3,CZ032,Plzeňský kraj,B16,Akutní hepatitida B,66040044,40–44 let,M,0,1
2022,3,CZ032,Plzeňský kraj,B18,Chronická virová hepatitida,66025029,25–29 let,M,0,2
2022,3,CZ032,Plzeňský kraj,B18,Chronická virová hepatitida,66035039,35–39 let,M,0,1
2022,3,CZ032,Plzeňský kraj,B18,Chronická virová hepatitida,66035039,35–39 let,Z,0,1
2022,3,CZ032,Plzeňský kraj,B18,Chronická virová hepatitida,66050054,50–54 let,Z,0,2
2022,3,CZ032,Plzeňský kraj,B18,Chronická virová hepatitida,66055059,55–59 let,Z,0,1
2022,3,CZ032,Plzeňský kraj,B27,Infekční mononukleóza,66010014,10–14 let,Z,0,1
2022,3,CZ032,Plzeňský kraj,B27,Infekční mononukleóza,66030034,30–34 let,M,0,1
2022,3,CZ032,Plzeňský kraj,B35,Dermatofytóza,66030034,30–34 let,Z,0,1
2022,3,CZ032,Plzeňský kraj,B85,"Zavšivení – pedikulóza [pediculosis], ftiriáza [phthiriasis]",66060064,60–64 let,M,0,1
2022,3,CZ032,Plzeňský kraj,B86,Svrab [scabies],66000000,0 let,M,0,1
2022,3,CZ032,Plzeňský kraj,B86,Svrab [scabies],66001004,1–4 roky,M,0,2
2022,3,CZ032,Plzeňský kraj,B86,Svrab [scabies],66001004,1–4 roky,Z,0,1
2022,3,CZ032,Plzeňský kraj,B86,Svrab [scabies],66005009,5–9 let,Z,0,1
2022,3,CZ032,Plzeňský kraj,B86,Svrab [scabies],66010014,10–14 let,M,0,2
2022,3,CZ032,Plzeňský kraj,B86,Svrab [scabies],66010014,10–14 let,Z,0,5
2022,3,CZ032,Plzeňský kraj,B86,Svrab [scabies],66015019,15–19 let,M,0,6
2022,3,CZ032,Plzeňský kraj,B86,Svrab [scabies],66015019,15–19 let,Z,0,1
2022,3,CZ032,Plzeňský kraj,B86,Svrab [scabies],66020024,20–24 let,M,0,5
2022,3,CZ032,Plzeňský kraj,B86,Svrab [scabies],66020024,20–24 let,Z,0,1
2022,3,CZ032,Plzeňský kraj,B86,Svrab [scabies],66030034,30–34 let,Z,0,1
2022,3,CZ032,Plzeňský kraj,B86,Svrab [scabies],66035039,35–39 let,Z,0,2
2022,3,CZ032,Plzeňský kraj,B86,Svrab [scabies],66040044,40–44 let,M,0,1
2022,3,CZ032,Plzeňský kraj,B86,Svrab [scabies],66045049,45–49 let,M,0,1
2022,3,CZ032,Plzeňský kraj,B86,Svrab [scabies],66050054,50–54 let,M,0,1
2022,3,CZ032,Plzeňský kraj,B86,Svrab [scabies],66050054,50–54 let,Z,0,1
2022,3,CZ032,Plzeňský kraj,B86,Svrab [scabies],66055059,55–59 let,M,0,1
2022,3,CZ032,Plzeňský kraj,B86,Svrab [scabies],66055059,55–59 let,Z,0,2
2022,3,CZ032,Plzeňský kraj,B86,Svrab [scabies],66060064,60–64 let,Z,0,1
2022,3,CZ032,Plzeňský kraj,B86,Svrab [scabies],66070074,70–74 let,M,0,1
2022,3,CZ032,Plzeňský kraj,B86,Svrab [scabies],66070074,70–74 let,Z,0,2
2022,3,CZ032,Plzeňský kraj,B86,Svrab [scabies],66075999,75+ let,M,0,1
2022,3,CZ032,Plzeňský kraj,B86,Svrab [scabies],66075999,75+ let,Z,0,1
2022,3,CZ032,Plzeňský kraj,G00,Bakteriální zánět mozkových a míšních plen (bakter. meningitida) NJ,66070074,70–74 let,Z,0,1
2022,4,CZ032,Plzeňský kraj,A02,Jiné infekce způsobené salmonelami,66001004,1–4 roky,M,0,1
2022,4,CZ032,Plzeňský kraj,A02,Jiné infekce způsobené salmonelami,66001004,1–4 roky,Z,0,2
2022,4,CZ032,Plzeňský kraj,A02,Jiné infekce způsobené salmonelami,66005009,5–9 let,M,0,2
2022,4,CZ032,Plzeňský kraj,A02,Jiné infekce způsobené salmonelami,66005009,5–9 let,Z,0,1
2022,4,CZ032,Plzeňský kraj,A02,Jiné infekce způsobené salmonelami,66015019,15–19 let,M,0,1
2022,4,CZ032,Plzeňský kraj,A02,Jiné infekce způsobené salmonelami,66015019,15–19 let,Z,0,1
2022,4,CZ032,Plzeňský kraj,A02,Jiné infekce způsobené salmonelami,66025029,25–29 let,M,0,1
2022,4,CZ032,Plzeňský kraj,A02,Jiné infekce způsobené salmonelami,66030034,30–34 let,Z,0,1
2022,4,CZ032,Plzeňský kraj,A02,Jiné infekce způsobené salmonelami,66040044,40–44 let,Z,0,1
2022,4,CZ032,Plzeňský kraj,A02,Jiné infekce způsobené salmonelami,66045049,45–49 let,M,0,1
2022,4,CZ032,Plzeňský kraj,A02,Jiné infekce způsobené salmonelami,66060064,60–64 let,Z,0,3
2022,4,CZ032,Plzeňský kraj,A02,Jiné infekce způsobené salmonelami,66070074,70–74 let,M,0,2
2022,4,CZ032,Plzeňský kraj,A02,Jiné infekce způsobené salmonelami,66075999,75+ let,M,0,2
2022,4,CZ032,Plzeňský kraj,A02,Jiné infekce způsobené salmonelami,66075999,75+ let,Z,0,3
2022,4,CZ032,Plzeňský kraj,A04,Jiné bakteriální střevní infekce,66000000,0 let,M,0,1
2022,4,CZ032,Plzeňský kraj,A04,Jiné bakteriální střevní infekce,66000000,0 let,Z,0,2
2022,4,CZ032,Plzeňský kraj,A04,Jiné bakteriální střevní infekce,66001004,1–4 roky,M,0,1
2022,4,CZ032,Plzeňský kraj,A04,Jiné bakteriální střevní infekce,66001004,1–4 roky,Z,0,1
2022,4,CZ032,Plzeňský kraj,A04,Jiné bakteriální střevní infekce,66005009,5–9 let,M,0,2
2022,4,CZ032,Plzeňský kraj,A04,Jiné bakteriální střevní infekce,66005009,5–9 let,Z,0,1
2022,4,CZ032,Plzeňský kraj,A04,Jiné bakteriální střevní infekce,66010014,10–14 let,M,0,3
2022,4,CZ032,Plzeňský kraj,A04,Jiné bakteriální střevní infekce,66010014,10–14 let,Z,0,1
2022,4,CZ032,Plzeňský kraj,A04,Jiné bakteriální střevní infekce,66015019,15–19 let,M,0,3
2022,4,CZ032,Plzeňský kraj,A04,Jiné bakteriální střevní infekce,66015019,15–19 let,Z,0,1
2022,4,CZ032,Plzeňský kraj,A04,Jiné bakteriální střevní infekce,66020024,20–24 let,M,0,1
2022,4,CZ032,Plzeňský kraj,A04,Jiné bakteriální střevní infekce,66020024,20–24 let,Z,0,1
2022,4,CZ032,Plzeňský kraj,A04,Jiné bakteriální střevní infekce,66025029,25–29 let,M,0,1
2022,4,CZ032,Plzeňský kraj,A04,Jiné bakteriální střevní infekce,66025029,25–29 let,Z,0,1
2022,4,CZ032,Plzeňský kraj,A04,Jiné bakteriální střevní infekce,66040044,40–44 let,Z,0,1
2022,4,CZ032,Plzeňský kraj,A04,Jiné bakteriální střevní infekce,66045049,45–49 let,M,0,2
2022,4,CZ032,Plzeňský kraj,A04,Jiné bakteriální střevní infekce,66045049,45–49 let,Z,0,2
2022,4,CZ032,Plzeňský kraj,A04,Jiné bakteriální střevní infekce,66050054,50–54 let,M,0,1
2022,4,CZ032,Plzeňský kraj,A04,Jiné bakteriální střevní infekce,66050054,50–54 let,Z,0,2
2022,4,CZ032,Plzeňský kraj,A04,Jiné bakteriální střevní infekce,66055059,55–59 let,M,0,1
2022,4,CZ032,Plzeňský kraj,A04,Jiné bakteriální střevní infekce,66055059,55–59 let,Z,0,1
2022,4,CZ032,Plzeňský kraj,A04,Jiné bakteriální střevní infekce,66060064,60–64 let,Z,0,2
2022,4,CZ032,Plzeňský kraj,A04,Jiné bakteriální střevní infekce,66065069,65–69 let,M,0,2
2022,4,CZ032,Plzeňský kraj,A04,Jiné bakteriální střevní infekce,66065069,65–69 let,Z,0,2
2022,4,CZ032,Plzeňský kraj,A04,Jiné bakteriální střevní infekce,66070074,70–74 let,M,0,6
2022,4,CZ032,Plzeňský kraj,A04,Jiné bakteriální střevní infekce,66070074,70–74 let,Z,0,1
2022,4,CZ032,Plzeňský kraj,A04,Jiné bakteriální střevní infekce,66075999,75+ let,M,0,4
2022,4,CZ032,Plzeňský kraj,A04,Jiné bakteriální střevní infekce,66075999,75+ let,Z,0,13
2022,4,CZ032,Plzeňský kraj,A05,"Jiné bakteriální intoxikace – otravy, přenesené potravou",66001004,1–4 roky,M,0,1
2022,4,CZ032,Plzeňský kraj,A08,Střevní infekce viry a jinými určenými mikroorganismy,66000000,0 let,M,0,5
2022,4,CZ032,Plzeňský kraj,A08,Střevní infekce viry a jinými určenými mikroorganismy,66000000,0 let,Z,0,5
2022,4,CZ032,Plzeňský kraj,A08,Střevní infekce viry a jinými určenými mikroorganismy,66001004,1–4 roky,M,0,28
2022,4,CZ032,Plzeňský kraj,A08,Střevní infekce viry a jinými určenými mikroorganismy,66001004,1–4 roky,Z,0,29
2022,4,CZ032,Plzeňský kraj,A08,Střevní infekce viry a jinými určenými mikroorganismy,66005009,5–9 let,M,0,11
2022,4,CZ032,Plzeňský kraj,A08,Střevní infekce viry a jinými určenými mikroorganismy,66005009,5–9 let,Z,0,5
2022,4,CZ032,Plzeňský kraj,A08,Střevní infekce viry a jinými určenými mikroorganismy,66015019,15–19 let,M,0,2
2022,4,CZ032,Plzeňský kraj,A08,Střevní infekce viry a jinými určenými mikroorganismy,66015019,15–19 let,Z,0,2
2022,4,CZ032,Plzeňský kraj,A08,Střevní infekce viry a jinými určenými mikroorganismy,66020024,20–24 let,M,0,1
2022,4,CZ032,Plzeňský kraj,A08,Střevní infekce viry a jinými určenými mikroorganismy,66020024,20–24 let,Z,0,1
2022,4,CZ032,Plzeňský kraj,A08,Střevní infekce viry a jinými určenými mikroorganismy,66030034,30–34 let,M,0,1
2022,4,CZ032,Plzeňský kraj,A08,Střevní infekce viry a jinými určenými mikroorganismy,66035039,35–39 let,Z,0,1
2022,4,CZ032,Plzeňský kraj,A08,Střevní infekce viry a jinými určenými mikroorganismy,66040044,40–44 let,M,0,1
2022,4,CZ032,Plzeňský kraj,A08,Střevní infekce viry a jinými určenými mikroorganismy,66040044,40–44 let,Z,0,1
2022,4,CZ032,Plzeňský kraj,A08,Střevní infekce viry a jinými určenými mikroorganismy,66060064,60–64 let,Z,0,1
2022,4,CZ032,Plzeňský kraj,A08,Střevní infekce viry a jinými určenými mikroorganismy,66065069,65–69 let,M,0,1
2022,4,CZ032,Plzeňský kraj,A08,Střevní infekce viry a jinými určenými mikroorganismy,66070074,70–74 let,Z,0,2
2022,4,CZ032,Plzeňský kraj,A08,Střevní infekce viry a jinými určenými mikroorganismy,66075999,75+ let,M,0,1
2022,4,CZ032,Plzeňský kraj,A08,Střevní infekce viry a jinými určenými mikroorganismy,66075999,75+ let,Z,0,5
2022,4,CZ032,Plzeňský kraj,A38,Spála [scarlatina],66001004,1–4 roky,Z,0,1
2022,4,CZ032,Plzeňský kraj,A40,Streptokoková sepse,66075999,75+ let,M,0,1
2022,4,CZ032,Plzeňský kraj,A41,Jiná sepse,66045049,45–49 let,Z,0,1
2022,4,CZ032,Plzeňský kraj,A41,Jiná sepse,66055059,55–59 let,M,0,1
2022,4,CZ032,Plzeňský kraj,A41,Jiná sepse,66070074,70–74 let,M,0,1
2022,4,CZ032,Plzeňský kraj,A41,Jiná sepse,66075999,75+ let,M,0,3
2022,4,CZ032,Plzeňský kraj,A41,Jiná sepse,66075999,75+ let,Z,0,3
2022,4,CZ032,Plzeňský kraj,A46,Růže – erysipel,66040044,40–44 let,M,0,1
2022,4,CZ032,Plzeňský kraj,A46,Růže – erysipel,66045049,45–49 let,Z,0,1
2022,4,CZ032,Plzeňský kraj,A46,Růže – erysipel,66050054,50–54 let,M,0,1
2022,4,CZ032,Plzeňský kraj,A46,Růže – erysipel,66060064,60–64 let,Z,0,2
2022,4,CZ032,Plzeňský kraj,A46,Růže – erysipel,66065069,65–69 let,M,0,2
2022,4,CZ032,Plzeňský kraj,A46,Růže – erysipel,66070074,70–74 let,M,0,1
2022,4,CZ032,Plzeňský kraj,A46,Růže – erysipel,66075999,75+ let,M,0,4
2022,4,CZ032,Plzeňský kraj,A46,Růže – erysipel,66075999,75+ let,Z,0,3
2022,4,CZ032,Plzeňský kraj,A56,Jiná chlamydiová onemocnění přenášená pohlavním stykem,66020024,20–24 let,M,0,3
2022,4,CZ032,Plzeňský kraj,A56,Jiná chlamydiová onemocnění přenášená pohlavním stykem,66020024,20–24 let,Z,0,1
2022,4,CZ032,Plzeňský kraj,A56,Jiná chlamydiová onemocnění přenášená pohlavním stykem,66030034,30–34 let,M,0,3
2022,4,CZ032,Plzeňský kraj,A56,Jiná chlamydiová onemocnění přenášená pohlavním stykem,66030034,30–34 let,Z,0,1
2022,4,CZ032,Plzeňský kraj,A56,Jiná chlamydiová onemocnění přenášená pohlavním stykem,66035039,35–39 let,M,0,1
2022,4,CZ032,Plzeňský kraj,A56,Jiná chlamydiová onemocnění přenášená pohlavním stykem,66035039,35–39 let,Z,0,1
2022,4,CZ032,Plzeňský kraj,A69,Jiné spirochetové infekce,66045049,45–49 let,Z,0,1
2022,4,CZ032,Plzeňský kraj,A69,Jiné spirochetové infekce,66055059,55–59 let,Z,0,1
2022,4,CZ032,Plzeňský kraj,B00,Infekce virem Herpes simplex,66035039,35–39 let,M,0,1
2022,4,CZ032,Plzeňský kraj,B01,Plané neštovice [varicella],66000000,0 let,M,0,4
2022,4,CZ032,Plzeňský kraj,B01,Plané neštovice [varicella],66000000,0 let,Z,0,11
2022,4,CZ032,Plzeňský kraj,B01,Plané neštovice [varicella],66001004,1–4 roky,M,0,89
2022,4,CZ032,Plzeňský kraj,B01,Plané neštovice [varicella],66001004,1–4 roky,Z,0,78
2022,4,CZ032,Plzeňský kraj,B01,Plané neštovice [varicella],66005009,5–9 let,M,0,123
2022,4,CZ032,Plzeňský kraj,B01,Plané neštovice [varicella],66005009,5–9 let,Z,0,90
2022,4,CZ032,Plzeňský kraj,B01,Plané neštovice [varicella],66010014,10–14 let,M,0,10
2022,4,CZ032,Plzeňský kraj,B01,Plané neštovice [varicella],66010014,10–14 let,Z,0,10
2022,4,CZ032,Plzeňský kraj,B01,Plané neštovice [varicella],66030034,30–34 let,Z,0,1
2022,4,CZ032,Plzeňský kraj,B01,Plané neštovice [varicella],66040044,40–44 let,M,0,1
2022,4,CZ032,Plzeňský kraj,B02,Pásový opar [herpes zoster],66010014,10–14 let,M,0,1
2022,4,CZ032,Plzeňský kraj,B02,Pásový opar [herpes zoster],66025029,25–29 let,M,0,1
2022,4,CZ032,Plzeňský kraj,B02,Pásový opar [herpes zoster],66035039,35–39 let,M,0,3
2022,4,CZ032,Plzeňský kraj,B02,Pásový opar [herpes zoster],66040044,40–44 let,Z,0,1
2022,4,CZ032,Plzeňský kraj,B02,Pásový opar [herpes zoster],66050054,50–54 let,M,0,2
2022,4,CZ032,Plzeňský kraj,B02,Pásový opar [herpes zoster],66050054,50–54 let,Z,0,1
2022,4,CZ032,Plzeňský kraj,B02,Pásový opar [herpes zoster],66055059,55–59 let,M,0,2
2022,4,CZ032,Plzeňský kraj,B02,Pásový opar [herpes zoster],66060064,60–64 let,M,0,2
2022,4,CZ032,Plzeňský kraj,B02,Pásový opar [herpes zoster],66060064,60–64 let,Z,0,2
2022,4,CZ032,Plzeňský kraj,B02,Pásový opar [herpes zoster],66065069,65–69 let,M,0,2
2022,4,CZ032,Plzeňský kraj,B02,Pásový opar [herpes zoster],66065069,65–69 let,Z,0,2
2022,4,CZ032,Plzeňský kraj,B02,Pásový opar [herpes zoster],66070074,70–74 let,M,0,2
2022,4,CZ032,Plzeňský kraj,B02,Pásový opar [herpes zoster],66070074,70–74 let,Z,0,4
2022,4,CZ032,Plzeňský kraj,B02,Pásový opar [herpes zoster],66075999,75+ let,M,0,1
2022,4,CZ032,Plzeňský kraj,B02,Pásový opar [herpes zoster],66075999,75+ let,Z,0,3
2022,4,CZ032,Plzeňský kraj,B08,Jiné virové infekce charakterizované postižením kůže a sliznic NJ,66000000,0 let,M,0,1
2022,4,CZ032,Plzeňský kraj,B08,Jiné virové infekce charakterizované postižením kůže a sliznic NJ,66000000,0 let,Z,0,1
2022,4,CZ032,Plzeňský kraj,B08,Jiné virové infekce charakterizované postižením kůže a sliznic NJ,66001004,1–4 roky,M,0,1
2022,4,CZ032,Plzeňský kraj,B08,Jiné virové infekce charakterizované postižením kůže a sliznic NJ,66001004,1–4 roky,Z,0,1
2022,4,CZ032,Plzeňský kraj,B08,Jiné virové infekce charakterizované postižením kůže a sliznic NJ,66005009,5–9 let,M,0,1
2022,4,CZ032,Plzeňský kraj,B17,Jiná akutní virová hepatitida,66015019,15–19 let,M,0,2
2022,4,CZ032,Plzeňský kraj,B18,Chronická virová hepatitida,66025029,25–29 let,M,0,1
2022,4,CZ032,Plzeňský kraj,B18,Chronická virová hepatitida,66030034,30–34 let,M,0,1
2022,4,CZ032,Plzeňský kraj,B18,Chronická virová hepatitida,66035039,35–39 let,M,0,3
2022,4,CZ032,Plzeňský kraj,B18,Chronická virová hepatitida,66040044,40–44 let,M,0,1
2022,4,CZ032,Plzeňský kraj,B18,Chronická virová hepatitida,66040044,40–44 let,Z,0,1
2022,4,CZ032,Plzeňský kraj,B18,Chronická virová hepatitida,66045049,45–49 let,M,0,1
2022,4,CZ032,Plzeňský kraj,B18,Chronická virová hepatitida,66055059,55–59 let,M,0,1
2022,4,CZ032,Plzeňský kraj,B18,Chronická virová hepatitida,66055059,55–59 let,Z,0,1
2022,4,CZ032,Plzeňský kraj,B26,Příušnice [parotitis epidemica],66010014,10–14 let,M,0,1
2022,4,CZ032,Plzeňský kraj,B26,Příušnice [parotitis epidemica],66015019,15–19 let,M,0,1
2022,4,CZ032,Plzeňský kraj,B58,Toxoplazmóza [toxoplasmosis],66070074,70–74 let,Z,0,1
2022,4,CZ032,Plzeňský kraj,B86,Svrab [scabies],66001004,1–4 roky,M,0,2
2022,4,CZ032,Plzeňský kraj,B86,Svrab [scabies],66001004,1–4 roky,Z,0,1
2022,4,CZ032,Plzeňský kraj,B86,Svrab [scabies],66005009,5–9 let,M,0,1
2022,4,CZ032,Plzeňský kraj,B86,Svrab [scabies],66005009,5–9 let,Z,0,3
2022,4,CZ032,Plzeňský kraj,B86,Svrab [scabies],66010014,10–14 let,M,0,1
2022,4,CZ032,Plzeňský kraj,B86,Svrab [scabies],66010014,10–14 let,Z,0,1
2022,4,CZ032,Plzeňský kraj,B86,Svrab [scabies],66015019,15–19 let,M,0,2
2022,4,CZ032,Plzeňský kraj,B86,Svrab [scabies],66015019,15–19 let,Z,0,3
2022,4,CZ032,Plzeňský kraj,B86,Svrab [scabies],66020024,20–24 let,M,0,1
2022,4,CZ032,Plzeňský kraj,B86,Svrab [scabies],66020024,20–24 let,Z,0,3
2022,4,CZ032,Plzeňský kraj,B86,Svrab [scabies],66025029,25–29 let,M,0,1
2022,4,CZ032,Plzeňský kraj,B86,Svrab [scabies],66030034,30–34 let,Z,0,3
2022,4,CZ032,Plzeňský kraj,B86,Svrab [scabies],66035039,35–39 let,M,0,1
2022,4,CZ032,Plzeňský kraj,B86,Svrab [scabies],66035039,35–39 let,Z,0,2
2022,4,CZ032,Plzeňský kraj,B86,Svrab [scabies],66040044,40–44 let,M,0,1
2022,4,CZ032,Plzeňský kraj,B86,Svrab [scabies],66045049,45–49 let,M,0,1
2022,4,CZ032,Plzeňský kraj,B86,Svrab [scabies],66050054,50–54 let,M,0,1
2022,4,CZ032,Plzeňský kraj,B86,Svrab [scabies],66050054,50–54 let,Z,0,3
2022,4,CZ032,Plzeňský kraj,B86,Svrab [scabies],66055059,55–59 let,Z,0,2
2022,4,CZ032,Plzeňský kraj,B86,Svrab [scabies],66060064,60–64 let,M,0,1
2022,4,CZ032,Plzeňský kraj,B86,Svrab [scabies],66065069,65–69 let,M,0,1
2022,5,CZ032,Plzeňský kraj,A02,Jiné infekce způsobené salmonelami,66001004,1–4 roky,M,0,1
2022,5,CZ032,Plzeňský kraj,A02,Jiné infekce způsobené salmonelami,66001004,1–4 roky,Z,0,2
2022,5,CZ032,Plzeňský kraj,A02,Jiné infekce způsobené salmonelami,66005009,5–9 let,M,0,1
2022,5,CZ032,Plzeňský kraj,A02,Jiné infekce způsobené salmonelami,66010014,10–14 let,Z,0,1
2022,5,CZ032,Plzeňský kraj,A02,Jiné infekce způsobené salmonelami,66015019,15–19 let,Z,0,1
2022,5,CZ032,Plzeňský kraj,A02,Jiné infekce způsobené salmonelami,66040044,40–44 let,Z,0,1
2022,5,CZ032,Plzeňský kraj,A02,Jiné infekce způsobené salmonelami,66045049,45–49 let,Z,0,2
2022,5,CZ032,Plzeňský kraj,A02,Jiné infekce způsobené salmonelami,66060064,60–64 let,Z,0,1
2022,5,CZ032,Plzeňský kraj,A02,Jiné infekce způsobené salmonelami,66070074,70–74 let,Z,0,1
2022,5,CZ032,Plzeňský kraj,A02,Jiné infekce způsobené salmonelami,66075999,75+ let,M,0,2
2022,5,CZ032,Plzeňský kraj,A02,Jiné infekce způsobené salmonelami,66075999,75+ let,Z,0,2
2022,5,CZ032,Plzeňský kraj,A04,Jiné bakteriální střevní infekce,66000000,0 let,M,0,2
2022,5,CZ032,Plzeňský kraj,A04,Jiné bakteriální střevní infekce,66000000,0 let,Z,0,1
2022,5,CZ032,Plzeňský kraj,A04,Jiné bakteriální střevní infekce,66001004,1–4 roky,M,0,6
2022,5,CZ032,Plzeňský kraj,A04,Jiné bakteriální střevní infekce,66001004,1–4 roky,Z,0,4
2022,5,CZ032,Plzeňský kraj,A04,Jiné bakteriální střevní infekce,66005009,5–9 let,M,0,4
2022,5,CZ032,Plzeňský kraj,A04,Jiné bakteriální střevní infekce,66005009,5–9 let,Z,0,1
2022,5,CZ032,Plzeňský kraj,A04,Jiné bakteriální střevní infekce,66010014,10–14 let,Z,0,1
2022,5,CZ032,Plzeňský kraj,A04,Jiné bakteriální střevní infekce,66015019,15–19 let,Z,0,2
2022,5,CZ032,Plzeňský kraj,A04,Jiné bakteriální střevní infekce,66030034,30–34 let,M,0,1
2022,5,CZ032,Plzeňský kraj,A04,Jiné bakteriální střevní infekce,66030034,30–34 let,Z,0,2
2022,5,CZ032,Plzeňský kraj,A04,Jiné bakteriální střevní infekce,66035039,35–39 let,M,0,2
2022,5,CZ032,Plzeňský kraj,A04,Jiné bakteriální střevní infekce,66035039,35–39 let,Z,0,1
2022,5,CZ032,Plzeňský kraj,A04,Jiné bakteriální střevní infekce,66040044,40–44 let,M,0,1
2022,5,CZ032,Plzeňský kraj,A04,Jiné bakteriální střevní infekce,66040044,40–44 let,Z,0,1
2022,5,CZ032,Plzeňský kraj,A04,Jiné bakteriální střevní infekce,66045049,45–49 let,M,0,3
2022,5,CZ032,Plzeňský kraj,A04,Jiné bakteriální střevní infekce,66045049,45–49 let,Z,0,6
2022,5,CZ032,Plzeňský kraj,A04,Jiné bakteriální střevní infekce,66050054,50–54 let,M,0,4
2022,5,CZ032,Plzeňský kraj,A04,Jiné bakteriální střevní infekce,66055059,55–59 let,M,0,2
2022,5,CZ032,Plzeňský kraj,A04,Jiné bakteriální střevní infekce,66060064,60–64 let,M,0,4
2022,5,CZ032,Plzeňský kraj,A04,Jiné bakteriální střevní infekce,66060064,60–64 let,Z,0,2
2022,5,CZ032,Plzeňský kraj,A04,Jiné bakteriální střevní infekce,66065069,65–69 let,M,0,2
2022,5,CZ032,Plzeňský kraj,A04,Jiné bakteriální střevní infekce,66070074,70–74 let,M,0,4
2022,5,CZ032,Plzeňský kraj,A04,Jiné bakteriální střevní infekce,66070074,70–74 let,Z,0,5
2022,5,CZ032,Plzeňský kraj,A04,Jiné bakteriální střevní infekce,66075999,75+ let,M,0,9
2022,5,CZ032,Plzeňský kraj,A04,Jiné bakteriální střevní infekce,66075999,75+ let,Z,0,14
2022,5,CZ032,Plzeňský kraj,A08,Střevní infekce viry a jinými určenými mikroorganismy,66000000,0 let,M,0,9
2022,5,CZ032,Plzeňský kraj,A08,Střevní infekce viry a jinými určenými mikroorganismy,66000000,0 let,Z,0,7
2022,5,CZ032,Plzeňský kraj,A08,Střevní infekce viry a jinými určenými mikroorganismy,66001004,1–4 roky,M,0,48
2022,5,CZ032,Plzeňský kraj,A08,Střevní infekce viry a jinými určenými mikroorganismy,66001004,1–4 roky,Z,0,45
2022,5,CZ032,Plzeňský kraj,A08,Střevní infekce viry a jinými určenými mikroorganismy,66005009,5–9 let,M,0,17
2022,5,CZ032,Plzeňský kraj,A08,Střevní infekce viry a jinými určenými mikroorganismy,66005009,5–9 let,Z,0,13
2022,5,CZ032,Plzeňský kraj,A08,Střevní infekce viry a jinými určenými mikroorganismy,66010014,10–14 let,M,0,5
2022,5,CZ032,Plzeňský kraj,A08,Střevní infekce viry a jinými určenými mikroorganismy,66010014,10–14 let,Z,0,2
2022,5,CZ032,Plzeňský kraj,A08,Střevní infekce viry a jinými určenými mikroorganismy,66020024,20–24 let,Z,0,3
2022,5,CZ032,Plzeňský kraj,A08,Střevní infekce viry a jinými určenými mikroorganismy,66025029,25–29 let,Z,0,2
2022,5,CZ032,Plzeňský kraj,A08,Střevní infekce viry a jinými určenými mikroorganismy,66045049,45–49 let,M,0,1
2022,5,CZ032,Plzeňský kraj,A08,Střevní infekce viry a jinými určenými mikroorganismy,66055059,55–59 let,Z,0,2
2022,5,CZ032,Plzeňský kraj,A08,Střevní infekce viry a jinými určenými mikroorganismy,66065069,65–69 let,Z,0,1
2022,5,CZ032,Plzeňský kraj,A08,Střevní infekce viry a jinými určenými mikroorganismy,66070074,70–74 let,M,0,3
2022,5,CZ032,Plzeňský kraj,A08,Střevní infekce viry a jinými určenými mikroorganismy,66075999,75+ let,Z,0,2
2022,5,CZ032,Plzeňský kraj,A32,Listerióza [listeriosis],66075999,75+ let,Z,0,1
2022,5,CZ032,Plzeňský kraj,A37,Dávivý kašel [pertussis],66005009,5–9 let,M,0,1
2022,5,CZ032,Plzeňský kraj,A38,Spála [scarlatina],66001004,1–4 roky,M,0,2
2022,5,CZ032,Plzeňský kraj,A38,Spála [scarlatina],66005009,5–9 let,Z,0,1
2022,5,CZ032,Plzeňský kraj,A40,Streptokoková sepse,66055059,55–59 let,M,0,1
2022,5,CZ032,Plzeňský kraj,A40,Streptokoková sepse,66065069,65–69 let,Z,0,1
2022,5,CZ032,Plzeňský kraj,A40,Streptokoková sepse,66070074,70–74 let,M,0,1
2022,5,CZ032,Plzeňský kraj,A40,Streptokoková sepse,66075999,75+ let,M,0,2
2022,5,CZ032,Plzeňský kraj,A41,Jiná sepse,66055059,55–59 let,M,0,2
2022,5,CZ032,Plzeňský kraj,A41,Jiná sepse,66065069,65–69 let,M,0,1
2022,5,CZ032,Plzeňský kraj,A41,Jiná sepse,66075999,75+ let,M,0,1
2022,5,CZ032,Plzeňský kraj,A41,Jiná sepse,66075999,75+ let,Z,0,3
2022,5,CZ032,Plzeňský kraj,A46,Růže – erysipel,66020024,20–24 let,M,0,1
2022,5,CZ032,Plzeňský kraj,A46,Růže – erysipel,66020024,20–24 let,Z,0,1
2022,5,CZ032,Plzeňský kraj,A46,Růže – erysipel,66045049,45–49 let,Z,0,1
2022,5,CZ032,Plzeňský kraj,A46,Růže – erysipel,66050054,50–54 let,M,0,1
2022,5,CZ032,Plzeňský kraj,A46,Růže – erysipel,66055059,55–59 let,M,0,2
2022,5,CZ032,Plzeňský kraj,A46,Růže – erysipel,66060064,60–64 let,M,0,1
2022,5,CZ032,Plzeňský kraj,A46,Růže – erysipel,66060064,60–64 let,Z,0,1
2022,5,CZ032,Plzeňský kraj,A46,Růže – erysipel,66065069,65–69 let,M,0,1
2022,5,CZ032,Plzeňský kraj,A46,Růže – erysipel,66065069,65–69 let,Z,0,1
2022,5,CZ032,Plzeňský kraj,A46,Růže – erysipel,66070074,70–74 let,M,0,2
2022,5,CZ032,Plzeňský kraj,A46,Růže – erysipel,66070074,70–74 let,Z,0,1
2022,5,CZ032,Plzeňský kraj,A46,Růže – erysipel,66075999,75+ let,M,0,2
2022,5,CZ032,Plzeňský kraj,A48,Jiné bakteriální nemoci nezařazené jinde,66065069,65–69 let,Z,0,1
2022,5,CZ032,Plzeňský kraj,A56,Jiná chlamydiová onemocnění přenášená pohlavním stykem,66015019,15–19 let,Z,0,5
2022,5,CZ032,Plzeňský kraj,A56,Jiná chlamydiová onemocnění přenášená pohlavním stykem,66020024,20–24 let,Z,0,2
2022,5,CZ032,Plzeňský kraj,A56,Jiná chlamydiová onemocnění přenášená pohlavním stykem,66025029,25–29 let,M,0,1
2022,5,CZ032,Plzeňský kraj,A56,Jiná chlamydiová onemocnění přenášená pohlavním stykem,66025029,25–29 let,Z,0,2
2022,5,CZ032,Plzeňský kraj,A56,Jiná chlamydiová onemocnění přenášená pohlavním stykem,66030034,30–34 let,M,0,1
2022,5,CZ032,Plzeňský kraj,A56,Jiná chlamydiová onemocnění přenášená pohlavním stykem,66035039,35–39 let,M,0,1
2022,5,CZ032,Plzeňský kraj,A69,Jiné spirochetové infekce,66005009,5–9 let,Z,0,1
2022,5,CZ032,Plzeňský kraj,A69,Jiné spirochetové infekce,66050054,50–54 let,Z,0,1
2022,5,CZ032,Plzeňský kraj,A69,Jiné spirochetové infekce,66065069,65–69 let,Z,0,1
2022,5,CZ032,Plzeňský kraj,A69,Jiné spirochetové infekce,66075999,75+ let,Z,0,2
2022,5,CZ032,Plzeňský kraj,A81,Atypické virové infekce centrální nervové soustavy,66065069,65–69 let,M,0,1
2022,5,CZ032,Plzeňský kraj,A84,Virová encefalitida přenášená klíšťaty,66035039,35–39 let,Z,0,1
2022,5,CZ032,Plzeňský kraj,B00,Infekce virem Herpes simplex,66020024,20–24 let,M,0,1
2022,5,CZ032,Plzeňský kraj,B00,Infekce virem Herpes simplex,66055059,55–59 let,M,0,2
2022,5,CZ032,Plzeňský kraj,B00,Infekce virem Herpes simplex,66070074,70–74 let,Z,0,1
2022,5,CZ032,Plzeňský kraj,B01,Plané neštovice [varicella],66000000,0 let,M,0,6
2022,5,CZ032,Plzeňský kraj,B01,Plané neštovice [varicella],66000000,0 let,Z,0,10
2022,5,CZ032,Plzeňský kraj,B01,Plané neštovice [varicella],66001004,1–4 roky,M,0,110
2022,5,CZ032,Plzeňský kraj,B01,Plané neštovice [varicella],66001004,1–4 roky,Z,0,125
2022,5,CZ032,Plzeňský kraj,B01,Plané neštovice [varicella],66005009,5–9 let,M,0,119
2022,5,CZ032,Plzeňský kraj,B01,Plané neštovice [varicella],66005009,5–9 let,Z,0,136
2022,5,CZ032,Plzeňský kraj,B01,Plané neštovice [varicella],66010014,10–14 let,M,0,16
2022,5,CZ032,Plzeňský kraj,B01,Plané neštovice [varicella],66010014,10–14 let,Z,0,14
2022,5,CZ032,Plzeňský kraj,B01,Plané neštovice [varicella],66015019,15–19 let,M,0,6
2022,5,CZ032,Plzeňský kraj,B01,Plané neštovice [varicella],66015019,15–19 let,Z,0,5
2022,5,CZ032,Plzeňský kraj,B01,Plané neštovice [varicella],66025029,25–29 let,Z,0,3
2022,5,CZ032,Plzeňský kraj,B01,Plané neštovice [varicella],66035039,35–39 let,M,0,1
2022,5,CZ032,Plzeňský kraj,B01,Plané neštovice [varicella],66040044,40–44 let,Z,0,2
2022,5,CZ032,Plzeňský kraj,B02,Pásový opar [herpes zoster],66010014,10–14 let,M,0,1
2022,5,CZ032,Plzeňský kraj,B02,Pásový opar [herpes zoster],66020024,20–24 let,Z,0,1
2022,5,CZ032,Plzeňský kraj,B02,Pásový opar [herpes zoster],66025029,25–29 let,M,0,1
2022,5,CZ032,Plzeňský kraj,B02,Pásový opar [herpes zoster],66025029,25–29 let,Z,0,2
2022,5,CZ032,Plzeňský kraj,B02,Pásový opar [herpes zoster],66055059,55–59 let,Z,0,1
2022,5,CZ032,Plzeňský kraj,B02,Pásový opar [herpes zoster],66065069,65–69 let,Z,0,1
2022,5,CZ032,Plzeňský kraj,B02,Pásový opar [herpes zoster],66075999,75+ let,M,0,1
2022,5,CZ032,Plzeňský kraj,B02,Pásový opar [herpes zoster],66075999,75+ let,Z,0,2
2022,5,CZ032,Plzeňský kraj,B08,Jiné virové infekce charakterizované postižením kůže a sliznic NJ,66000000,0 let,Z,0,1
2022,5,CZ032,Plzeňský kraj,B08,Jiné virové infekce charakterizované postižením kůže a sliznic NJ,66001004,1–4 roky,M,0,2
2022,5,CZ032,Plzeňský kraj,B08,Jiné virové infekce charakterizované postižením kůže a sliznic NJ,66001004,1–4 roky,Z,0,1
2022,5,CZ032,Plzeňský kraj,B16,Akutní hepatitida B,66025029,25–29 let,M,0,1
2022,5,CZ032,Plzeňský kraj,B16,Akutní hepatitida B,66045049,45–49 let,Z,0,1
2022,5,CZ032,Plzeňský kraj,B18,Chronická virová hepatitida,66035039,35–39 let,Z,0,1
2022,5,CZ032,Plzeňský kraj,B18,Chronická virová hepatitida,66045049,45–49 let,M,0,1
2022,5,CZ032,Plzeňský kraj,B18,Chronická virová hepatitida,66045049,45–49 let,Z,0,1
2022,5,CZ032,Plzeňský kraj,B26,Příušnice [parotitis epidemica],66005009,5–9 let,M,0,1
2022,5,CZ032,Plzeňský kraj,B26,Příušnice [parotitis epidemica],66010014,10–14 let,Z,0,1
2022,5,CZ032,Plzeňský kraj,B27,Infekční mononukleóza,66001004,1–4 roky,M,0,1
2022,5,CZ032,Plzeňský kraj,B27,Infekční mononukleóza,66001004,1–4 roky,Z,0,1
2022,5,CZ032,Plzeňský kraj,B27,Infekční mononukleóza,66005009,5–9 let,M,0,1
2022,5,CZ032,Plzeňský kraj,B27,Infekční mononukleóza,66015019,15–19 let,M,0,1
2022,5,CZ032,Plzeňský kraj,B27,Infekční mononukleóza,66015019,15–19 let,Z,0,2
2022,5,CZ032,Plzeňský kraj,B27,Infekční mononukleóza,66020024,20–24 let,M,0,1
2022,5,CZ032,Plzeňský kraj,B35,Dermatofytóza,66070074,70–74 let,M,0,1
2022,5,CZ032,Plzeňský kraj,B85,"Zavšivení – pedikulóza [pediculosis], ftiriáza [phthiriasis]",66045049,45–49 let,M,0,1
2022,5,CZ032,Plzeňský kraj,B86,Svrab [scabies],66001004,1–4 roky,M,0,1
2022,5,CZ032,Plzeňský kraj,B86,Svrab [scabies],66005009,5–9 let,M,0,4
2022,5,CZ032,Plzeňský kraj,B86,Svrab [scabies],66010014,10–14 let,M,0,3
2022,5,CZ032,Plzeňský kraj,B86,Svrab [scabies],66010014,10–14 let,Z,0,2
2022,5,CZ032,Plzeňský kraj,B86,Svrab [scabies],66015019,15–19 let,M,0,1
2022,5,CZ032,Plzeňský kraj,B86,Svrab [scabies],66015019,15–19 let,Z,0,1
2022,5,CZ032,Plzeňský kraj,B86,Svrab [scabies],66020024,20–24 let,M,0,3
2022,5,CZ032,Plzeňský kraj,B86,Svrab [scabies],66020024,20–24 let,Z,0,3
2022,5,CZ032,Plzeňský kraj,B86,Svrab [scabies],66030034,30–34 let,M,0,1
2022,5,CZ032,Plzeňský kraj,B86,Svrab [scabies],66035039,35–39 let,M,0,2
2022,5,CZ032,Plzeňský kraj,B86,Svrab [scabies],66035039,35–39 let,Z,0,2
2022,5,CZ032,Plzeňský kraj,B86,Svrab [scabies],66045049,45–49 let,M,0,1
2022,5,CZ032,Plzeňský kraj,B86,Svrab [scabies],66045049,45–49 let,Z,0,3
2022,5,CZ032,Plzeňský kraj,B86,Svrab [scabies],66050054,50–54 let,Z,0,1
2022,5,CZ032,Plzeňský kraj,B86,Svrab [scabies],66055059,55–59 let,M,0,1
2022,5,CZ032,Plzeňský kraj,B86,Svrab [scabies],66060064,60–64 let,M,0,3
2022,5,CZ032,Plzeňský kraj,B86,Svrab [scabies],66065069,65–69 let,M,0,2
2022,5,CZ032,Plzeňský kraj,B86,Svrab [scabies],66075999,75+ let,M,0,1
2022,5,CZ032,Plzeňský kraj,B86,Svrab [scabies],66075999,75+ let,Z,0,1
2022,5,CZ032,Plzeňský kraj,B96,Jiná určená bakteriální agens jako příč. nemoci zař. do jiných kapitol,66070074,70–74 let,M,0,1
2022,6,CZ032,Plzeňský kraj,A02,Jiné infekce způsobené salmonelami,66000000,0 let,M,0,3
2022,6,CZ032,Plzeňský kraj,A02,Jiné infekce způsobené salmonelami,66000000,0 let,Z,0,1
2022,6,CZ032,Plzeňský kraj,A02,Jiné infekce způsobené salmonelami,66001004,1–4 roky,M,0,3
2022,6,CZ032,Plzeňský kraj,A02,Jiné infekce způsobené salmonelami,66001004,1–4 roky,Z,0,2
2022,6,CZ032,Plzeňský kraj,A02,Jiné infekce způsobené salmonelami,66005009,5–9 let,M,0,2
2022,6,CZ032,Plzeňský kraj,A02,Jiné infekce způsobené salmonelami,66005009,5–9 let,Z,0,3
2022,6,CZ032,Plzeňský kraj,A02,Jiné infekce způsobené salmonelami,66010014,10–14 let,M,0,2
2022,6,CZ032,Plzeňský kraj,A02,Jiné infekce způsobené salmonelami,66010014,10–14 let,Z,0,1
2022,6,CZ032,Plzeňský kraj,A02,Jiné infekce způsobené salmonelami,66015019,15–19 let,Z,0,1
2022,6,CZ032,Plzeňský kraj,A02,Jiné infekce způsobené salmonelami,66020024,20–24 let,M,0,1
2022,6,CZ032,Plzeňský kraj,A02,Jiné infekce způsobené salmonelami,66025029,25–29 let,Z,0,1
2022,6,CZ032,Plzeňský kraj,A02,Jiné infekce způsobené salmonelami,66030034,30–34 let,M,0,1
2022,6,CZ032,Plzeňský kraj,A02,Jiné infekce způsobené salmonelami,66040044,40–44 let,M,0,1
2022,6,CZ032,Plzeňský kraj,A02,Jiné infekce způsobené salmonelami,66040044,40–44 let,Z,0,1
2022,6,CZ032,Plzeňský kraj,A02,Jiné infekce způsobené salmonelami,66045049,45–49 let,M,0,2
2022,6,CZ032,Plzeňský kraj,A02,Jiné infekce způsobené salmonelami,66045049,45–49 let,Z,0,1
2022,6,CZ032,Plzeňský kraj,A02,Jiné infekce způsobené salmonelami,66050054,50–54 let,M,0,1
2022,6,CZ032,Plzeňský kraj,A02,Jiné infekce způsobené salmonelami,66050054,50–54 let,Z,0,1
2022,6,CZ032,Plzeňský kraj,A02,Jiné infekce způsobené salmonelami,66055059,55–59 let,M,0,2
2022,6,CZ032,Plzeňský kraj,A02,Jiné infekce způsobené salmonelami,66055059,55–59 let,Z,0,2
2022,6,CZ032,Plzeňský kraj,A02,Jiné infekce způsobené salmonelami,66065069,65–69 let,Z,0,1
2022,6,CZ032,Plzeňský kraj,A02,Jiné infekce způsobené salmonelami,66070074,70–74 let,Z,0,4
2022,6,CZ032,Plzeňský kraj,A02,Jiné infekce způsobené salmonelami,66075999,75+ let,M,0,1
2022,6,CZ032,Plzeňský kraj,A02,Jiné infekce způsobené salmonelami,66075999,75+ let,Z,0,3
2022,6,CZ032,Plzeňský kraj,A03,Shigelóza,66040044,40–44 let,Z,0,1
2022,6,CZ032,Plzeňský kraj,A04,Jiné bakteriální střevní infekce,66000000,0 let,M,0,4
2022,6,CZ032,Plzeňský kraj,A04,Jiné bakteriální střevní infekce,66001004,1–4 roky,M,0,7
2022,6,CZ032,Plzeňský kraj,A04,Jiné bakteriální střevní infekce,66001004,1–4 roky,Z,0,10
2022,6,CZ032,Plzeňský kraj,A04,Jiné bakteriální střevní infekce,66005009,5–9 let,M,0,1
2022,6,CZ032,Plzeňský kraj,A04,Jiné bakteriální střevní infekce,66005009,5–9 let,Z,0,2
2022,6,CZ032,Plzeňský kraj,A04,Jiné bakteriální střevní infekce,66010014,10–14 let,M,0,5
2022,6,CZ032,Plzeňský kraj,A04,Jiné bakteriální střevní infekce,66010014,10–14 let,Z,0,2
2022,6,CZ032,Plzeňský kraj,A04,Jiné bakteriální střevní infekce,66015019,15–19 let,M,0,5
2022,6,CZ032,Plzeňský kraj,A04,Jiné bakteriální střevní infekce,66015019,15–19 let,Z,0,4
2022,6,CZ032,Plzeňský kraj,A04,Jiné bakteriální střevní infekce,66020024,20–24 let,M,0,3
2022,6,CZ032,Plzeňský kraj,A04,Jiné bakteriální střevní infekce,66020024,20–24 let,Z,0,3
2022,6,CZ032,Plzeňský kraj,A04,Jiné bakteriální střevní infekce,66025029,25–29 let,M,0,2
2022,6,CZ032,Plzeňský kraj,A04,Jiné bakteriální střevní infekce,66025029,25–29 let,Z,0,1
2022,2,CZ053,Pardubický kraj,A04,Jiné bakteriální střevní infekce,66000000,0 let,Z,0,1
2022,2,CZ053,Pardubický kraj,A04,Jiné bakteriální střevní infekce,66001004,1–4 roky,M,0,4
2022,2,CZ053,Pardubický kraj,A04,Jiné bakteriální střevní infekce,66001004,1–4 roky,Z,0,3
2022,2,CZ053,Pardubický kraj,A04,Jiné bakteriální střevní infekce,66005009,5–9 let,M,0,4
2022,2,CZ053,Pardubický kraj,A04,Jiné bakteriální střevní infekce,66005009,5–9 let,Z,0,1
2022,2,CZ053,Pardubický kraj,A04,Jiné bakteriální střevní infekce,66010014,10–14 let,M,0,2
2022,2,CZ053,Pardubický kraj,A04,Jiné bakteriální střevní infekce,66010014,10–14 let,Z,0,1
2022,2,CZ053,Pardubický kraj,A04,Jiné bakteriální střevní infekce,66020024,20–24 let,M,0,1
2022,2,CZ053,Pardubický kraj,A04,Jiné bakteriální střevní infekce,66020024,20–24 let,Z,0,1
2022,2,CZ053,Pardubický kraj,A04,Jiné bakteriální střevní infekce,66025029,25–29 let,M,0,2
2022,2,CZ053,Pardubický kraj,A04,Jiné bakteriální střevní infekce,66030034,30–34 let,M,0,1
2022,2,CZ053,Pardubický kraj,A04,Jiné bakteriální střevní infekce,66035039,35–39 let,M,0,1
2022,2,CZ053,Pardubický kraj,A04,Jiné bakteriální střevní infekce,66035039,35–39 let,Z,0,1
2022,2,CZ053,Pardubický kraj,A04,Jiné bakteriální střevní infekce,66045049,45–49 let,Z,0,1
2022,2,CZ053,Pardubický kraj,A04,Jiné bakteriální střevní infekce,66050054,50–54 let,M,0,1
2022,2,CZ053,Pardubický kraj,A04,Jiné bakteriální střevní infekce,66055059,55–59 let,M,0,1
2022,2,CZ053,Pardubický kraj,A04,Jiné bakteriální střevní infekce,66060064,60–64 let,M,0,3
2022,2,CZ053,Pardubický kraj,A04,Jiné bakteriální střevní infekce,66060064,60–64 let,Z,0,1
2022,2,CZ053,Pardubický kraj,A04,Jiné bakteriální střevní infekce,66065069,65–69 let,Z,0,2
2022,2,CZ053,Pardubický kraj,A04,Jiné bakteriální střevní infekce,66070074,70–74 let,M,0,3
2022,2,CZ053,Pardubický kraj,A04,Jiné bakteriální střevní infekce,66075999,75+ let,M,0,7
2022,2,CZ053,Pardubický kraj,A04,Jiné bakteriální střevní infekce,66075999,75+ let,Z,0,9
2022,2,CZ053,Pardubický kraj,A08,Střevní infekce viry a jinými určenými mikroorganismy,66000000,0 let,M,0,6
2022,2,CZ053,Pardubický kraj,A08,Střevní infekce viry a jinými určenými mikroorganismy,66000000,0 let,Z,0,4
2022,2,CZ053,Pardubický kraj,A08,Střevní infekce viry a jinými určenými mikroorganismy,66001004,1–4 roky,M,0,14
2022,2,CZ053,Pardubický kraj,A08,Střevní infekce viry a jinými určenými mikroorganismy,66001004,1–4 roky,Z,0,11
2022,2,CZ053,Pardubický kraj,A08,Střevní infekce viry a jinými určenými mikroorganismy,66005009,5–9 let,M,0,5
2022,2,CZ053,Pardubický kraj,A08,Střevní infekce viry a jinými určenými mikroorganismy,66005009,5–9 let,Z,0,4
2022,2,CZ053,Pardubický kraj,A08,Střevní infekce viry a jinými určenými mikroorganismy,66010014,10–14 let,M,0,3
2022,2,CZ053,Pardubický kraj,A08,Střevní infekce viry a jinými určenými mikroorganismy,66015019,15–19 let,M,0,1
2022,2,CZ053,Pardubický kraj,A08,Střevní infekce viry a jinými určenými mikroorganismy,66015019,15–19 let,Z,0,1
2022,2,CZ053,Pardubický kraj,A08,Střevní infekce viry a jinými určenými mikroorganismy,66020024,20–24 let,M,0,2
2022,2,CZ053,Pardubický kraj,A08,Střevní infekce viry a jinými určenými mikroorganismy,66025029,25–29 let,M,0,1
2022,2,CZ053,Pardubický kraj,A08,Střevní infekce viry a jinými určenými mikroorganismy,66030034,30–34 let,M,0,1
2022,2,CZ053,Pardubický kraj,A08,Střevní infekce viry a jinými určenými mikroorganismy,66035039,35–39 let,M,0,1
2022,2,CZ053,Pardubický kraj,A08,Střevní infekce viry a jinými určenými mikroorganismy,66050054,50–54 let,M,0,1
2022,2,CZ053,Pardubický kraj,A08,Střevní infekce viry a jinými určenými mikroorganismy,66050054,50–54 let,Z,0,1
2022,2,CZ053,Pardubický kraj,A08,Střevní infekce viry a jinými určenými mikroorganismy,66055059,55–59 let,M,0,2
2022,2,CZ053,Pardubický kraj,A08,Střevní infekce viry a jinými určenými mikroorganismy,66055059,55–59 let,Z,0,1
2022,2,CZ053,Pardubický kraj,A08,Střevní infekce viry a jinými určenými mikroorganismy,66060064,60–64 let,M,0,1
2022,2,CZ053,Pardubický kraj,A08,Střevní infekce viry a jinými určenými mikroorganismy,66065069,65–69 let,M,0,1
2022,2,CZ053,Pardubický kraj,A08,Střevní infekce viry a jinými určenými mikroorganismy,66065069,65–69 let,Z,0,1
2022,2,CZ053,Pardubický kraj,A08,Střevní infekce viry a jinými určenými mikroorganismy,66070074,70–74 let,M,0,2
2022,2,CZ053,Pardubický kraj,A08,Střevní infekce viry a jinými určenými mikroorganismy,66075999,75+ let,M,0,5
2022,2,CZ053,Pardubický kraj,A08,Střevní infekce viry a jinými určenými mikroorganismy,66075999,75+ let,Z,0,7
2022,2,CZ053,Pardubický kraj,A37,Dávivý kašel [pertussis],66060064,60–64 let,M,0,1
2022,2,CZ053,Pardubický kraj,A37,Dávivý kašel [pertussis],66060064,60–64 let,Z,0,1
2022,2,CZ053,Pardubický kraj,A37,Dávivý kašel [pertussis],66070074,70–74 let,M,0,1
2022,2,CZ053,Pardubický kraj,A37,Dávivý kašel [pertussis],66075999,75+ let,M,0,2
2022,2,CZ053,Pardubický kraj,A38,Spála [scarlatina],66010014,10–14 let,Z,0,1
2022,2,CZ053,Pardubický kraj,A40,Streptokoková sepse,66070074,70–74 let,Z,0,1
2022,2,CZ053,Pardubický kraj,A40,Streptokoková sepse,66075999,75+ let,M,0,1
2022,2,CZ053,Pardubický kraj,A40,Streptokoková sepse,66075999,75+ let,Z,0,1
2022,2,CZ053,Pardubický kraj,A41,Jiná sepse,66000000,0 let,M,0,1
2022,2,CZ053,Pardubický kraj,A46,Růže – erysipel,66035039,35–39 let,M,0,1
2022,2,CZ053,Pardubický kraj,A46,Růže – erysipel,66040044,40–44 let,Z,0,1
2022,2,CZ053,Pardubický kraj,A46,Růže – erysipel,66045049,45–49 let,M,0,1
2022,2,CZ053,Pardubický kraj,A46,Růže – erysipel,66045049,45–49 let,Z,0,1
2022,2,CZ053,Pardubický kraj,A46,Růže – erysipel,66055059,55–59 let,Z,0,1
2022,2,CZ053,Pardubický kraj,A46,Růže – erysipel,66060064,60–64 let,Z,0,1
2022,2,CZ053,Pardubický kraj,A46,Růže – erysipel,66070074,70–74 let,Z,0,1
2022,2,CZ053,Pardubický kraj,A46,Růže – erysipel,66075999,75+ let,Z,0,5
2022,2,CZ053,Pardubický kraj,A48,Jiné bakteriální nemoci nezařazené jinde,66075999,75+ let,Z,0,1
2022,2,CZ053,Pardubický kraj,A56,Jiná chlamydiová onemocnění přenášená pohlavním stykem,66015019,15–19 let,M,0,1
2022,2,CZ053,Pardubický kraj,A56,Jiná chlamydiová onemocnění přenášená pohlavním stykem,66020024,20–24 let,M,0,1
2022,2,CZ053,Pardubický kraj,A56,Jiná chlamydiová onemocnění přenášená pohlavním stykem,66020024,20–24 let,Z,0,2
2022,2,CZ053,Pardubický kraj,A56,Jiná chlamydiová onemocnění přenášená pohlavním stykem,66025029,25–29 let,Z,0,1
2022,2,CZ053,Pardubický kraj,A56,Jiná chlamydiová onemocnění přenášená pohlavním stykem,66030034,30–34 let,Z,0,1
2022,2,CZ053,Pardubický kraj,A56,Jiná chlamydiová onemocnění přenášená pohlavním stykem,66035039,35–39 let,M,0,1
2022,2,CZ053,Pardubický kraj,A69,Jiné spirochetové infekce,66005009,5–9 let,Z,0,1
2022,2,CZ053,Pardubický kraj,A69,Jiné spirochetové infekce,66010014,10–14 let,Z,0,1
2022,2,CZ053,Pardubický kraj,A69,Jiné spirochetové infekce,66030034,30–34 let,Z,0,1
2022,2,CZ053,Pardubický kraj,A69,Jiné spirochetové infekce,66040044,40–44 let,Z,0,1
2022,2,CZ053,Pardubický kraj,A69,Jiné spirochetové infekce,66045049,45–49 let,M,0,1
2022,2,CZ053,Pardubický kraj,A69,Jiné spirochetové infekce,66050054,50–54 let,Z,0,1
2022,2,CZ053,Pardubický kraj,A69,Jiné spirochetové infekce,66060064,60–64 let,M,0,1
2022,2,CZ053,Pardubický kraj,A69,Jiné spirochetové infekce,66065069,65–69 let,Z,0,1
2022,2,CZ053,Pardubický kraj,B01,Plané neštovice [varicella],66000000,0 let,M,0,3
2022,2,CZ053,Pardubický kraj,B01,Plané neštovice [varicella],66000000,0 let,Z,0,3
2022,2,CZ053,Pardubický kraj,B01,Plané neštovice [varicella],66001004,1–4 roky,M,0,24
2022,2,CZ053,Pardubický kraj,B01,Plané neštovice [varicella],66001004,1–4 roky,Z,0,37
2022,2,CZ053,Pardubický kraj,B01,Plané neštovice [varicella],66005009,5–9 let,M,0,28
2022,2,CZ053,Pardubický kraj,B01,Plané neštovice [varicella],66005009,5–9 let,Z,0,25
2022,2,CZ053,Pardubický kraj,B01,Plané neštovice [varicella],66010014,10–14 let,M,0,4
2022,2,CZ053,Pardubický kraj,B01,Plané neštovice [varicella],66010014,10–14 let,Z,0,2
2022,2,CZ053,Pardubický kraj,B01,Plané neštovice [varicella],66030034,30–34 let,M,0,1
2022,2,CZ053,Pardubický kraj,B01,Plané neštovice [varicella],66035039,35–39 let,M,0,1
2022,2,CZ053,Pardubický kraj,B02,Pásový opar [herpes zoster],66010014,10–14 let,M,0,2
2022,2,CZ053,Pardubický kraj,B02,Pásový opar [herpes zoster],66015019,15–19 let,M,0,1
2022,2,CZ053,Pardubický kraj,B02,Pásový opar [herpes zoster],66025029,25–29 let,M,0,1
2022,2,CZ053,Pardubický kraj,B02,Pásový opar [herpes zoster],66025029,25–29 let,Z,0,1
2022,2,CZ053,Pardubický kraj,B02,Pásový opar [herpes zoster],66030034,30–34 let,Z,0,1
2022,2,CZ053,Pardubický kraj,B02,Pásový opar [herpes zoster],66040044,40–44 let,M,0,1
2022,2,CZ053,Pardubický kraj,B02,Pásový opar [herpes zoster],66040044,40–44 let,Z,0,1
2022,2,CZ053,Pardubický kraj,B02,Pásový opar [herpes zoster],66045049,45–49 let,M,0,1
2022,2,CZ053,Pardubický kraj,B02,Pásový opar [herpes zoster],66045049,45–49 let,Z,0,1
2022,2,CZ053,Pardubický kraj,B02,Pásový opar [herpes zoster],66050054,50–54 let,M,0,1
2022,2,CZ053,Pardubický kraj,B02,Pásový opar [herpes zoster],66050054,50–54 let,Z,0,2
2022,2,CZ053,Pardubický kraj,B02,Pásový opar [herpes zoster],66055059,55–59 let,Z,0,4
2022,2,CZ053,Pardubický kraj,B02,Pásový opar [herpes zoster],66060064,60–64 let,Z,0,1
2022,2,CZ053,Pardubický kraj,B02,Pásový opar [herpes zoster],66065069,65–69 let,Z,0,1
2022,2,CZ053,Pardubický kraj,B02,Pásový opar [herpes zoster],66070074,70–74 let,Z,0,4
2022,2,CZ053,Pardubický kraj,B02,Pásový opar [herpes zoster],66075999,75+ let,M,0,1
2022,2,CZ053,Pardubický kraj,B02,Pásový opar [herpes zoster],66075999,75+ let,Z,0,3
2022,2,CZ053,Pardubický kraj,B08,Jiné virové infekce charakterizované postižením kůže a sliznic NJ,66000000,0 let,M,0,2
2022,2,CZ053,Pardubický kraj,B08,Jiné virové infekce charakterizované postižením kůže a sliznic NJ,66001004,1–4 roky,M,0,1
2022,2,CZ053,Pardubický kraj,B18,Chronická virová hepatitida,66045049,45–49 let,M,0,1
2022,2,CZ053,Pardubický kraj,B27,Infekční mononukleóza,66015019,15–19 let,Z,0,1
2022,2,CZ053,Pardubický kraj,B80,Enterobióza [enterobiasis],66005009,5–9 let,Z,0,3
2022,2,CZ053,Pardubický kraj,B80,Enterobióza [enterobiasis],66010014,10–14 let,Z,0,2
2022,2,CZ053,Pardubický kraj,B80,Enterobióza [enterobiasis],66035039,35–39 let,Z,0,1
2022,2,CZ053,Pardubický kraj,B80,Enterobióza [enterobiasis],66040044,40–44 let,Z,0,1
2022,2,CZ053,Pardubický kraj,B86,Svrab [scabies],66000000,0 let,Z,0,1
2022,2,CZ053,Pardubický kraj,B86,Svrab [scabies],66001004,1–4 roky,M,0,1
2022,2,CZ053,Pardubický kraj,B86,Svrab [scabies],66005009,5–9 let,M,0,1
2022,2,CZ053,Pardubický kraj,B86,Svrab [scabies],66005009,5–9 let,Z,0,1
2022,2,CZ053,Pardubický kraj,B86,Svrab [scabies],66010014,10–14 let,Z,0,2
2022,2,CZ053,Pardubický kraj,B86,Svrab [scabies],66015019,15–19 let,Z,0,2
2022,2,CZ053,Pardubický kraj,B86,Svrab [scabies],66020024,20–24 let,M,0,1
2022,2,CZ053,Pardubický kraj,B86,Svrab [scabies],66020024,20–24 let,Z,0,1
2022,2,CZ053,Pardubický kraj,B86,Svrab [scabies],66025029,25–29 let,M,0,1
2022,2,CZ053,Pardubický kraj,B86,Svrab [scabies],66025029,25–29 let,Z,0,1
2022,2,CZ053,Pardubický kraj,B86,Svrab [scabies],66030034,30–34 let,M,0,1
2022,2,CZ053,Pardubický kraj,B86,Svrab [scabies],66030034,30–34 let,Z,0,1
2022,2,CZ053,Pardubický kraj,B86,Svrab [scabies],66035039,35–39 let,Z,0,1
2022,2,CZ053,Pardubický kraj,W54,Kousnutí nebo úder psem,66015019,15–19 let,M,0,2
2022,2,CZ053,Pardubický kraj,W54,Kousnutí nebo úder psem,66025029,25–29 let,Z,0,1
2022,2,CZ053,Pardubický kraj,W54,Kousnutí nebo úder psem,66030034,30–34 let,Z,0,1
2022,2,CZ053,Pardubický kraj,W54,Kousnutí nebo úder psem,66045049,45–49 let,M,0,1
2022,2,CZ053,Pardubický kraj,W54,Kousnutí nebo úder psem,66055059,55–59 let,Z,0,1
2022,2,CZ053,Pardubický kraj,W54,Kousnutí nebo úder psem,66075999,75+ let,Z,0,1
2022,2,CZ053,Pardubický kraj,W55,Kousnutí nebo úder jinými savci,66020024,20–24 let,M,0,1
2022,2,CZ053,Pardubický kraj,W55,Kousnutí nebo úder jinými savci,66020024,20–24 let,Z,0,1
2022,2,CZ053,Pardubický kraj,W55,Kousnutí nebo úder jinými savci,66065069,65–69 let,Z,0,1
2022,3,CZ053,Pardubický kraj,A02,Jiné infekce způsobené salmonelami,66001004,1–4 roky,M,0,4
2022,3,CZ053,Pardubický kraj,A02,Jiné infekce způsobené salmonelami,66001004,1–4 roky,Z,0,4
2022,3,CZ053,Pardubický kraj,A02,Jiné infekce způsobené salmonelami,66010014,10–14 let,M,0,1
2022,3,CZ053,Pardubický kraj,A02,Jiné infekce způsobené salmonelami,66015019,15–19 let,M,0,1
2022,3,CZ053,Pardubický kraj,A02,Jiné infekce způsobené salmonelami,66015019,15–19 let,Z,0,3
2022,3,CZ053,Pardubický kraj,A02,Jiné infekce způsobené salmonelami,66030034,30–34 let,M,0,1
2022,3,CZ053,Pardubický kraj,A02,Jiné infekce způsobené salmonelami,66035039,35–39 let,Z,0,1
2022,3,CZ053,Pardubický kraj,A02,Jiné infekce způsobené salmonelami,66040044,40–44 let,M,0,2
2022,3,CZ053,Pardubický kraj,A02,Jiné infekce způsobené salmonelami,66040044,40–44 let,Z,0,1
2022,3,CZ053,Pardubický kraj,A02,Jiné infekce způsobené salmonelami,66045049,45–49 let,M,0,1
2022,3,CZ053,Pardubický kraj,A02,Jiné infekce způsobené salmonelami,66045049,45–49 let,Z,0,1
2022,3,CZ053,Pardubický kraj,A02,Jiné infekce způsobené salmonelami,66075999,75+ let,Z,0,1
2022,3,CZ053,Pardubický kraj,A04,Jiné bakteriální střevní infekce,66000000,0 let,M,0,10
2022,3,CZ053,Pardubický kraj,A04,Jiné bakteriální střevní infekce,66000000,0 let,Z,0,4
2022,3,CZ053,Pardubický kraj,A04,Jiné bakteriální střevní infekce,66001004,1–4 roky,M,0,5
2022,3,CZ053,Pardubický kraj,A04,Jiné bakteriální střevní infekce,66001004,1–4 roky,Z,0,7
2022,3,CZ053,Pardubický kraj,A04,Jiné bakteriální střevní infekce,66005009,5–9 let,Z,0,2
2022,3,CZ053,Pardubický kraj,A04,Jiné bakteriální střevní infekce,66010014,10–14 let,M,0,4
2022,3,CZ053,Pardubický kraj,A04,Jiné bakteriální střevní infekce,66015019,15–19 let,M,0,2
2022,3,CZ053,Pardubický kraj,A04,Jiné bakteriální střevní infekce,66020024,20–24 let,M,0,1
2022,3,CZ053,Pardubický kraj,A04,Jiné bakteriální střevní infekce,66020024,20–24 let,Z,0,1
2022,3,CZ053,Pardubický kraj,A04,Jiné bakteriální střevní infekce,66025029,25–29 let,M,0,1
2022,3,CZ053,Pardubický kraj,A04,Jiné bakteriální střevní infekce,66025029,25–29 let,Z,0,2
2022,3,CZ053,Pardubický kraj,A04,Jiné bakteriální střevní infekce,66030034,30–34 let,M,0,2
2022,3,CZ053,Pardubický kraj,A04,Jiné bakteriální střevní infekce,66035039,35–39 let,M,0,4
2022,3,CZ053,Pardubický kraj,A04,Jiné bakteriální střevní infekce,66035039,35–39 let,Z,0,3
2022,3,CZ053,Pardubický kraj,A04,Jiné bakteriální střevní infekce,66040044,40–44 let,Z,0,2
2022,3,CZ053,Pardubický kraj,A04,Jiné bakteriální střevní infekce,66050054,50–54 let,Z,0,2
2022,3,CZ053,Pardubický kraj,A04,Jiné bakteriální střevní infekce,66060064,60–64 let,M,0,3
2022,3,CZ053,Pardubický kraj,A04,Jiné bakteriální střevní infekce,66060064,60–64 let,Z,0,2
2022,3,CZ053,Pardubický kraj,A04,Jiné bakteriální střevní infekce,66065069,65–69 let,M,0,3
2022,3,CZ053,Pardubický kraj,A04,Jiné bakteriální střevní infekce,66065069,65–69 let,Z,0,1
2022,3,CZ053,Pardubický kraj,A04,Jiné bakteriální střevní infekce,66070074,70–74 let,M,0,1
2022,3,CZ053,Pardubický kraj,A04,Jiné bakteriální střevní infekce,66070074,70–74 let,Z,0,3
2022,3,CZ053,Pardubický kraj,A04,Jiné bakteriální střevní infekce,66075999,75+ let,M,0,13
2022,3,CZ053,Pardubický kraj,A04,Jiné bakteriální střevní infekce,66075999,75+ let,Z,0,15
2022,3,CZ053,Pardubický kraj,A08,Střevní infekce viry a jinými určenými mikroorganismy,66000000,0 let,M,0,6
2022,3,CZ053,Pardubický kraj,A08,Střevní infekce viry a jinými určenými mikroorganismy,66000000,0 let,Z,0,7
2022,3,CZ053,Pardubický kraj,A08,Střevní infekce viry a jinými určenými mikroorganismy,66001004,1–4 roky,M,0,35
2022,3,CZ053,Pardubický kraj,A08,Střevní infekce viry a jinými určenými mikroorganismy,66001004,1–4 roky,Z,0,39
2022,3,CZ053,Pardubický kraj,A08,Střevní infekce viry a jinými určenými mikroorganismy,66005009,5–9 let,M,0,8
2022,3,CZ053,Pardubický kraj,A08,Střevní infekce viry a jinými určenými mikroorganismy,66005009,5–9 let,Z,0,13
2022,3,CZ053,Pardubický kraj,A08,Střevní infekce viry a jinými určenými mikroorganismy,66010014,10–14 let,M,0,3
2022,3,CZ053,Pardubický kraj,A08,Střevní infekce viry a jinými určenými mikroorganismy,66010014,10–14 let,Z,0,5
2022,3,CZ053,Pardubický kraj,A08,Střevní infekce viry a jinými určenými mikroorganismy,66015019,15–19 let,M,0,1
2022,3,CZ053,Pardubický kraj,A08,Střevní infekce viry a jinými určenými mikroorganismy,66015019,15–19 let,Z,0,1
2022,3,CZ053,Pardubický kraj,A08,Střevní infekce viry a jinými určenými mikroorganismy,66025029,25–29 let,Z,0,1
2022,3,CZ053,Pardubický kraj,A08,Střevní infekce viry a jinými určenými mikroorganismy,66030034,30–34 let,M,0,1
2022,3,CZ053,Pardubický kraj,A08,Střevní infekce viry a jinými určenými mikroorganismy,66030034,30–34 let,Z,0,1
2022,3,CZ053,Pardubický kraj,A08,Střevní infekce viry a jinými určenými mikroorganismy,66040044,40–44 let,Z,0,1
2022,3,CZ053,Pardubický kraj,A08,Střevní infekce viry a jinými určenými mikroorganismy,66060064,60–64 let,Z,0,1
2022,3,CZ053,Pardubický kraj,A08,Střevní infekce viry a jinými určenými mikroorganismy,66065069,65–69 let,Z,0,2
2022,3,CZ053,Pardubický kraj,A08,Střevní infekce viry a jinými určenými mikroorganismy,66075999,75+ let,Z,0,3
2022,3,CZ053,Pardubický kraj,A28,Další bakteriální zoonózy nezařazené jinde,66070074,70–74 let,Z,0,1
2022,3,CZ053,Pardubický kraj,A37,Dávivý kašel [pertussis],66040044,40–44 let,Z,0,1
2022,3,CZ053,Pardubický kraj,A37,Dávivý kašel [pertussis],66070074,70–74 let,Z,0,1
2022,3,CZ053,Pardubický kraj,A37,Dávivý kašel [pertussis],66075999,75+ let,Z,0,1
2022,3,CZ053,Pardubický kraj,A41,Jiná sepse,66055059,55–59 let,M,0,1
2022,3,CZ053,Pardubický kraj,A41,Jiná sepse,66075999,75+ let,M,0,1
2022,3,CZ053,Pardubický kraj,A41,Jiná sepse,66075999,75+ let,Z,0,2
2022,3,CZ053,Pardubický kraj,A46,Růže – erysipel,66020024,20–24 let,M,0,1
2022,3,CZ053,Pardubický kraj,A46,Růže – erysipel,66045049,45–49 let,M,0,1
2022,3,CZ053,Pardubický kraj,A46,Růže – erysipel,66060064,60–64 let,Z,0,1
2022,3,CZ053,Pardubický kraj,A46,Růže – erysipel,66065069,65–69 let,Z,0,1
2022,3,CZ053,Pardubický kraj,A46,Růže – erysipel,66070074,70–74 let,M,0,1
2022,3,CZ053,Pardubický kraj,A46,Růže – erysipel,66075999,75+ let,Z,0,2
2022,3,CZ053,Pardubický kraj,A56,Jiná chlamydiová onemocnění přenášená pohlavním stykem,66015019,15–19 let,M,0,1
2022,3,CZ053,Pardubický kraj,A56,Jiná chlamydiová onemocnění přenášená pohlavním stykem,66020024,20–24 let,M,0,1
2022,3,CZ053,Pardubický kraj,A56,Jiná chlamydiová onemocnění přenášená pohlavním stykem,66020024,20–24 let,Z,0,1
2022,3,CZ053,Pardubický kraj,A56,Jiná chlamydiová onemocnění přenášená pohlavním stykem,66025029,25–29 let,M,0,3
2022,3,CZ053,Pardubický kraj,A56,Jiná chlamydiová onemocnění přenášená pohlavním stykem,66025029,25–29 let,Z,0,1
2022,3,CZ053,Pardubický kraj,A56,Jiná chlamydiová onemocnění přenášená pohlavním stykem,66030034,30–34 let,M,0,1
2022,3,CZ053,Pardubický kraj,A56,Jiná chlamydiová onemocnění přenášená pohlavním stykem,66035039,35–39 let,M,0,1
2022,3,CZ053,Pardubický kraj,A56,Jiná chlamydiová onemocnění přenášená pohlavním stykem,66045049,45–49 let,Z,0,1
2022,3,CZ053,Pardubický kraj,A56,Jiná chlamydiová onemocnění přenášená pohlavním stykem,66055059,55–59 let,Z,0,1
2022,3,CZ053,Pardubický kraj,A59,Trichomoniáza,66025029,25–29 let,Z,0,1
2022,3,CZ053,Pardubický kraj,A59,Trichomoniáza,66040044,40–44 let,Z,0,1
2022,3,CZ053,Pardubický kraj,A69,Jiné spirochetové infekce,66050054,50–54 let,Z,0,2
2022,3,CZ053,Pardubický kraj,A74,Jiné nemoci způsobené chlamydiemi,66000000,0 let,Z,0,1
2022,3,CZ053,Pardubický kraj,B01,Plané neštovice [varicella],66000000,0 let,M,0,7
2022,3,CZ053,Pardubický kraj,B01,Plané neštovice [varicella],66000000,0 let,Z,0,2
2022,3,CZ053,Pardubický kraj,B01,Plané neštovice [varicella],66001004,1–4 roky,M,0,64
2022,3,CZ053,Pardubický kraj,B01,Plané neštovice [varicella],66001004,1–4 roky,Z,0,62
2022,3,CZ053,Pardubický kraj,B01,Plané neštovice [varicella],66005009,5–9 let,M,0,54
2022,3,CZ053,Pardubický kraj,B01,Plané neštovice [varicella],66005009,5–9 let,Z,0,53
2022,3,CZ053,Pardubický kraj,B01,Plané neštovice [varicella],66010014,10–14 let,M,0,3
2022,3,CZ053,Pardubický kraj,B01,Plané neštovice [varicella],66010014,10–14 let,Z,0,3
2022,3,CZ053,Pardubický kraj,B01,Plané neštovice [varicella],66015019,15–19 let,Z,0,1
2022,3,CZ053,Pardubický kraj,B01,Plané neštovice [varicella],66025029,25–29 let,M,0,1
2022,3,CZ053,Pardubický kraj,B01,Plané neštovice [varicella],66025029,25–29 let,Z,0,1
2022,3,CZ053,Pardubický kraj,B02,Pásový opar [herpes zoster],66010014,10–14 let,Z,0,1
2022,3,CZ053,Pardubický kraj,B02,Pásový opar [herpes zoster],66015019,15–19 let,Z,0,1
2022,3,CZ053,Pardubický kraj,B02,Pásový opar [herpes zoster],66020024,20–24 let,M,0,1
2022,3,CZ053,Pardubický kraj,B02,Pásový opar [herpes zoster],66030034,30–34 let,Z,0,1
2022,3,CZ053,Pardubický kraj,B02,Pásový opar [herpes zoster],66040044,40–44 let,Z,0,1
2022,3,CZ053,Pardubický kraj,B02,Pásový opar [herpes zoster],66045049,45–49 let,M,0,1
2022,3,CZ053,Pardubický kraj,B02,Pásový opar [herpes zoster],66045049,45–49 let,Z,0,1
2022,3,CZ053,Pardubický kraj,B02,Pásový opar [herpes zoster],66050054,50–54 let,M,0,1
2022,3,CZ053,Pardubický kraj,B02,Pásový opar [herpes zoster],66050054,50–54 let,Z,0,2
2022,3,CZ053,Pardubický kraj,B02,Pásový opar [herpes zoster],66055059,55–59 let,Z,0,2
2022,3,CZ053,Pardubický kraj,B02,Pásový opar [herpes zoster],66060064,60–64 let,M,0,1
2022,3,CZ053,Pardubický kraj,B02,Pásový opar [herpes zoster],66060064,60–64 let,Z,0,1
2022,3,CZ053,Pardubický kraj,B02,Pásový opar [herpes zoster],66065069,65–69 let,M,0,3
2022,3,CZ053,Pardubický kraj,B02,Pásový opar [herpes zoster],66065069,65–69 let,Z,0,1
2022,3,CZ053,Pardubický kraj,B02,Pásový opar [herpes zoster],66070074,70–74 let,M,0,3
2022,3,CZ053,Pardubický kraj,B02,Pásový opar [herpes zoster],66070074,70–74 let,Z,0,1
2022,3,CZ053,Pardubický kraj,B02,Pásový opar [herpes zoster],66075999,75+ let,M,0,3
2022,3,CZ053,Pardubický kraj,B02,Pásový opar [herpes zoster],66075999,75+ let,Z,0,4
2022,3,CZ053,Pardubický kraj,B17,Jiná akutní virová hepatitida,66045049,45–49 let,Z,0,1
2022,3,CZ053,Pardubický kraj,B18,Chronická virová hepatitida,66045049,45–49 let,Z,0,1
2022,3,CZ053,Pardubický kraj,B27,Infekční mononukleóza,66010014,10–14 let,Z,0,1
2022,3,CZ053,Pardubický kraj,B27,Infekční mononukleóza,66015019,15–19 let,Z,0,3
2022,3,CZ053,Pardubický kraj,B27,Infekční mononukleóza,66020024,20–24 let,M,0,2
2022,3,CZ053,Pardubický kraj,B80,Enterobióza [enterobiasis],66005009,5–9 let,Z,0,1
2022,3,CZ053,Pardubický kraj,B80,Enterobióza [enterobiasis],66010014,10–14 let,Z,0,1
2022,3,CZ053,Pardubický kraj,B86,Svrab [scabies],66000000,0 let,Z,0,1
2022,3,CZ053,Pardubický kraj,B86,Svrab [scabies],66001004,1–4 roky,M,0,4
2022,3,CZ053,Pardubický kraj,B86,Svrab [scabies],66001004,1–4 roky,Z,0,2
2022,3,CZ053,Pardubický kraj,B86,Svrab [scabies],66005009,5–9 let,M,0,1
2022,3,CZ053,Pardubický kraj,B86,Svrab [scabies],66005009,5–9 let,Z,0,5
2022,3,CZ053,Pardubický kraj,B86,Svrab [scabies],66010014,10–14 let,Z,0,3
2022,3,CZ053,Pardubický kraj,B86,Svrab [scabies],66015019,15–19 let,Z,0,3
2022,3,CZ053,Pardubický kraj,B86,Svrab [scabies],66025029,25–29 let,Z,0,2
2022,3,CZ053,Pardubický kraj,B86,Svrab [scabies],66030034,30–34 let,Z,0,2
2022,3,CZ053,Pardubický kraj,B86,Svrab [scabies],66035039,35–39 let,M,0,1
2022,3,CZ053,Pardubický kraj,B86,Svrab [scabies],66035039,35–39 let,Z,0,2
2022,3,CZ053,Pardubický kraj,B86,Svrab [scabies],66045049,45–49 let,M,0,1
2022,3,CZ053,Pardubický kraj,B86,Svrab [scabies],66045049,45–49 let,Z,0,1
2022,3,CZ053,Pardubický kraj,B86,Svrab [scabies],66050054,50–54 let,M,0,1
2022,3,CZ053,Pardubický kraj,B86,Svrab [scabies],66050054,50–54 let,Z,0,1
2022,3,CZ053,Pardubický kraj,B86,Svrab [scabies],66060064,60–64 let,M,0,1
2022,3,CZ053,Pardubický kraj,B86,Svrab [scabies],66065069,65–69 let,M,0,2
2022,3,CZ053,Pardubický kraj,B86,Svrab [scabies],66070074,70–74 let,M,0,1
2022,3,CZ053,Pardubický kraj,B86,Svrab [scabies],66070074,70–74 let,Z,0,1
2022,3,CZ053,Pardubický kraj,B86,Svrab [scabies],66075999,75+ let,M,0,3
2022,3,CZ053,Pardubický kraj,B86,Svrab [scabies],66075999,75+ let,Z,0,1
2022,3,CZ053,Pardubický kraj,W54,Kousnutí nebo úder psem,66005009,5–9 let,M,0,1
2022,3,CZ053,Pardubický kraj,W54,Kousnutí nebo úder psem,66005009,5–9 let,Z,0,1
2022,3,CZ053,Pardubický kraj,W54,Kousnutí nebo úder psem,66020024,20–24 let,Z,0,1
2022,3,CZ053,Pardubický kraj,W54,Kousnutí nebo úder psem,66025029,25–29 let,Z,0,2
2022,3,CZ053,Pardubický kraj,W54,Kousnutí nebo úder psem,66030034,30–34 let,M,0,1
2022,3,CZ053,Pardubický kraj,W54,Kousnutí nebo úder psem,66035039,35–39 let,M,0,1
2022,3,CZ053,Pardubický kraj,W54,Kousnutí nebo úder psem,66035039,35–39 let,Z,0,1
2022,3,CZ053,Pardubický kraj,W54,Kousnutí nebo úder psem,66040044,40–44 let,Z,0,1
2022,3,CZ053,Pardubický kraj,W54,Kousnutí nebo úder psem,66045049,45–49 let,Z,0,1
2022,3,CZ053,Pardubický kraj,W54,Kousnutí nebo úder psem,66050054,50–54 let,M,0,1
2022,3,CZ053,Pardubický kraj,W54,Kousnutí nebo úder psem,66050054,50–54 let,Z,0,1
2022,3,CZ053,Pardubický kraj,W54,Kousnutí nebo úder psem,66075999,75+ let,M,0,2
2022,3,CZ053,Pardubický kraj,W55,Kousnutí nebo úder jinými savci,66001004,1–4 roky,Z,0,1
2022,3,CZ053,Pardubický kraj,W55,Kousnutí nebo úder jinými savci,66005009,5–9 let,Z,0,1
2022,3,CZ053,Pardubický kraj,W55,Kousnutí nebo úder jinými savci,66035039,35–39 let,Z,0,1
2022,3,CZ053,Pardubický kraj,W55,Kousnutí nebo úder jinými savci,66075999,75+ let,Z,0,1
2022,4,CZ053,Pardubický kraj,A02,Jiné infekce způsobené salmonelami,66000000,0 let,M,0,1
2022,4,CZ053,Pardubický kraj,A02,Jiné infekce způsobené salmonelami,66000000,0 let,Z,0,1
2022,4,CZ053,Pardubický kraj,A02,Jiné infekce způsobené salmonelami,66001004,1–4 roky,M,0,2
2022,4,CZ053,Pardubický kraj,A02,Jiné infekce způsobené salmonelami,66001004,1–4 roky,Z,0,2
2022,4,CZ053,Pardubický kraj,A02,Jiné infekce způsobené salmonelami,66005009,5–9 let,M,0,5
2022,4,CZ053,Pardubický kraj,A02,Jiné infekce způsobené salmonelami,66005009,5–9 let,Z,0,2
2022,4,CZ053,Pardubický kraj,A02,Jiné infekce způsobené salmonelami,66015019,15–19 let,M,0,1
2022,4,CZ053,Pardubický kraj,A02,Jiné infekce způsobené salmonelami,66015019,15–19 let,Z,0,1
2022,4,CZ053,Pardubický kraj,A02,Jiné infekce způsobené salmonelami,66020024,20–24 let,M,0,3
2022,4,CZ053,Pardubický kraj,A02,Jiné infekce způsobené salmonelami,66020024,20–24 let,Z,0,1
2022,4,CZ053,Pardubický kraj,A02,Jiné infekce způsobené salmonelami,66035039,35–39 let,Z,0,1
2022,4,CZ053,Pardubický kraj,A02,Jiné infekce způsobené salmonelami,66040044,40–44 let,Z,0,1
2022,4,CZ053,Pardubický kraj,A02,Jiné infekce způsobené salmonelami,66045049,45–49 let,M,0,1
2022,4,CZ053,Pardubický kraj,A02,Jiné infekce způsobené salmonelami,66045049,45–49 let,Z,0,1
2022,4,CZ053,Pardubický kraj,A02,Jiné infekce způsobené salmonelami,66050054,50–54 let,Z,0,2
2022,4,CZ053,Pardubický kraj,A02,Jiné infekce způsobené salmonelami,66060064,60–64 let,M,0,1
2022,4,CZ053,Pardubický kraj,A02,Jiné infekce způsobené salmonelami,66070074,70–74 let,M,0,1
2022,4,CZ053,Pardubický kraj,A02,Jiné infekce způsobené salmonelami,66075999,75+ let,M,0,2
2022,4,CZ053,Pardubický kraj,A04,Jiné bakteriální střevní infekce,66000000,0 let,M,0,2
2022,4,CZ053,Pardubický kraj,A04,Jiné bakteriální střevní infekce,66000000,0 let,Z,0,3
2022,4,CZ053,Pardubický kraj,A04,Jiné bakteriální střevní infekce,66001004,1–4 roky,M,0,5
2022,4,CZ053,Pardubický kraj,A04,Jiné bakteriální střevní infekce,66001004,1–4 roky,Z,0,8
2022,4,CZ053,Pardubický kraj,A04,Jiné bakteriální střevní infekce,66005009,5–9 let,Z,0,4
2022,4,CZ053,Pardubický kraj,A04,Jiné bakteriální střevní infekce,66010014,10–14 let,M,0,2
2022,4,CZ053,Pardubický kraj,A04,Jiné bakteriální střevní infekce,66015019,15–19 let,M,0,2
2022,4,CZ053,Pardubický kraj,A04,Jiné bakteriální střevní infekce,66015019,15–19 let,Z,0,1
2022,4,CZ053,Pardubický kraj,A04,Jiné bakteriální střevní infekce,66020024,20–24 let,M,0,1
2022,4,CZ053,Pardubický kraj,A04,Jiné bakteriální střevní infekce,66025029,25–29 let,Z,0,1
2022,4,CZ053,Pardubický kraj,A04,Jiné bakteriální střevní infekce,66040044,40–44 let,M,0,1
2022,4,CZ053,Pardubický kraj,A04,Jiné bakteriální střevní infekce,66050054,50–54 let,M,0,4
2022,4,CZ053,Pardubický kraj,A04,Jiné bakteriální střevní infekce,66055059,55–59 let,M,0,3
2022,4,CZ053,Pardubický kraj,A04,Jiné bakteriální střevní infekce,66065069,65–69 let,Z,0,1
2022,4,CZ053,Pardubický kraj,A04,Jiné bakteriální střevní infekce,66070074,70–74 let,M,0,1
2022,4,CZ053,Pardubický kraj,A04,Jiné bakteriální střevní infekce,66070074,70–74 let,Z,0,3
2022,4,CZ053,Pardubický kraj,A04,Jiné bakteriální střevní infekce,66075999,75+ let,M,0,3
2022,4,CZ053,Pardubický kraj,A04,Jiné bakteriální střevní infekce,66075999,75+ let,Z,0,6
2022,4,CZ053,Pardubický kraj,A08,Střevní infekce viry a jinými určenými mikroorganismy,66000000,0 let,M,0,6
2022,4,CZ053,Pardubický kraj,A08,Střevní infekce viry a jinými určenými mikroorganismy,66000000,0 let,Z,0,7
2022,4,CZ053,Pardubický kraj,A08,Střevní infekce viry a jinými určenými mikroorganismy,66001004,1–4 roky,M,0,25
2022,4,CZ053,Pardubický kraj,A08,Střevní infekce viry a jinými určenými mikroorganismy,66001004,1–4 roky,Z,0,34
2022,4,CZ053,Pardubický kraj,A08,Střevní infekce viry a jinými určenými mikroorganismy,66005009,5–9 let,M,0,11
2022,4,CZ053,Pardubický kraj,A08,Střevní infekce viry a jinými určenými mikroorganismy,66005009,5–9 let,Z,0,16
2022,4,CZ053,Pardubický kraj,A08,Střevní infekce viry a jinými určenými mikroorganismy,66010014,10–14 let,M,0,5
2022,4,CZ053,Pardubický kraj,A08,Střevní infekce viry a jinými určenými mikroorganismy,66010014,10–14 let,Z,0,1
2022,4,CZ053,Pardubický kraj,A08,Střevní infekce viry a jinými určenými mikroorganismy,66015019,15–19 let,M,0,1
2022,4,CZ053,Pardubický kraj,A08,Střevní infekce viry a jinými určenými mikroorganismy,66015019,15–19 let,Z,0,3
2022,4,CZ053,Pardubický kraj,A08,Střevní infekce viry a jinými určenými mikroorganismy,66020024,20–24 let,Z,0,1
2022,4,CZ053,Pardubický kraj,A08,Střevní infekce viry a jinými určenými mikroorganismy,66025029,25–29 let,M,0,1
2022,4,CZ053,Pardubický kraj,A08,Střevní infekce viry a jinými určenými mikroorganismy,66030034,30–34 let,M,0,1
2022,4,CZ053,Pardubický kraj,A08,Střevní infekce viry a jinými určenými mikroorganismy,66030034,30–34 let,Z,0,1
2022,4,CZ053,Pardubický kraj,A08,Střevní infekce viry a jinými určenými mikroorganismy,66035039,35–39 let,M,0,1
2022,4,CZ053,Pardubický kraj,A08,Střevní infekce viry a jinými určenými mikroorganismy,66035039,35–39 let,Z,0,1
2022,4,CZ053,Pardubický kraj,A08,Střevní infekce viry a jinými určenými mikroorganismy,66040044,40–44 let,M,0,1
2022,4,CZ053,Pardubický kraj,A08,Střevní infekce viry a jinými určenými mikroorganismy,66040044,40–44 let,Z,0,1
2022,4,CZ053,Pardubický kraj,A08,Střevní infekce viry a jinými určenými mikroorganismy,66050054,50–54 let,M,0,1
2022,4,CZ053,Pardubický kraj,A08,Střevní infekce viry a jinými určenými mikroorganismy,66050054,50–54 let,Z,0,1
2022,4,CZ053,Pardubický kraj,A08,Střevní infekce viry a jinými určenými mikroorganismy,66065069,65–69 let,M,0,3
2022,4,CZ053,Pardubický kraj,A08,Střevní infekce viry a jinými určenými mikroorganismy,66075999,75+ let,M,0,3
2022,4,CZ053,Pardubický kraj,A08,Střevní infekce viry a jinými určenými mikroorganismy,66075999,75+ let,Z,0,2
2022,4,CZ053,Pardubický kraj,A37,Dávivý kašel [pertussis],66070074,70–74 let,M,0,1
2022,4,CZ053,Pardubický kraj,A41,Jiná sepse,66075999,75+ let,M,0,1
2022,4,CZ053,Pardubický kraj,A46,Růže – erysipel,66020024,20–24 let,Z,0,1
2022,4,CZ053,Pardubický kraj,A46,Růže – erysipel,66040044,40–44 let,M,0,2
2022,4,CZ053,Pardubický kraj,A46,Růže – erysipel,66045049,45–49 let,M,0,1
2022,4,CZ053,Pardubický kraj,A46,Růže – erysipel,66045049,45–49 let,Z,0,2
2022,4,CZ053,Pardubický kraj,A46,Růže – erysipel,66050054,50–54 let,Z,0,1
2022,4,CZ053,Pardubický kraj,A46,Růže – erysipel,66055059,55–59 let,M,0,3
2022,4,CZ053,Pardubický kraj,A46,Růže – erysipel,66060064,60–64 let,M,0,2
2022,4,CZ053,Pardubický kraj,A46,Růže – erysipel,66065069,65–69 let,M,0,1
2022,4,CZ053,Pardubický kraj,A46,Růže – erysipel,66065069,65–69 let,Z,0,1
2022,4,CZ053,Pardubický kraj,A46,Růže – erysipel,66070074,70–74 let,M,0,1
2022,4,CZ053,Pardubický kraj,A46,Růže – erysipel,66070074,70–74 let,Z,0,1
2022,4,CZ053,Pardubický kraj,A46,Růže – erysipel,66075999,75+ let,M,0,2
2022,4,CZ053,Pardubický kraj,A46,Růže – erysipel,66075999,75+ let,Z,0,4
2022,4,CZ053,Pardubický kraj,A48,Jiné bakteriální nemoci nezařazené jinde,66075999,75+ let,Z,0,1
2022,4,CZ053,Pardubický kraj,A56,Jiná chlamydiová onemocnění přenášená pohlavním stykem,66015019,15–19 let,M,0,1
2022,4,CZ053,Pardubický kraj,A56,Jiná chlamydiová onemocnění přenášená pohlavním stykem,66015019,15–19 let,Z,0,2
2022,4,CZ053,Pardubický kraj,A56,Jiná chlamydiová onemocnění přenášená pohlavním stykem,66020024,20–24 let,M,0,2
2022,4,CZ053,Pardubický kraj,A56,Jiná chlamydiová onemocnění přenášená pohlavním stykem,66020024,20–24 let,Z,0,1
2022,4,CZ053,Pardubický kraj,A56,Jiná chlamydiová onemocnění přenášená pohlavním stykem,66025029,25–29 let,M,0,6
2022,4,CZ053,Pardubický kraj,A56,Jiná chlamydiová onemocnění přenášená pohlavním stykem,66025029,25–29 let,Z,0,2
2022,4,CZ053,Pardubický kraj,A69,Jiné spirochetové infekce,66015019,15–19 let,Z,0,1
2022,4,CZ053,Pardubický kraj,A69,Jiné spirochetové infekce,66040044,40–44 let,Z,0,1
2022,4,CZ053,Pardubický kraj,A69,Jiné spirochetové infekce,66045049,45–49 let,Z,0,1
2022,4,CZ053,Pardubický kraj,A69,Jiné spirochetové infekce,66055059,55–59 let,Z,0,1
2022,4,CZ053,Pardubický kraj,A74,Jiné nemoci způsobené chlamydiemi,66000000,0 let,Z,0,1
2022,4,CZ053,Pardubický kraj,A74,Jiné nemoci způsobené chlamydiemi,66020024,20–24 let,Z,0,1
2022,4,CZ053,Pardubický kraj,B01,Plané neštovice [varicella],66000000,0 let,M,0,3
2022,4,CZ053,Pardubický kraj,B01,Plané neštovice [varicella],66000000,0 let,Z,0,3
2022,4,CZ053,Pardubický kraj,B01,Plané neštovice [varicella],66001004,1–4 roky,M,0,93
2022,4,CZ053,Pardubický kraj,B01,Plané neštovice [varicella],66001004,1–4 roky,Z,0,76
2022,4,CZ053,Pardubický kraj,B01,Plané neštovice [varicella],66005009,5–9 let,M,0,96
2022,4,CZ053,Pardubický kraj,B01,Plané neštovice [varicella],66005009,5–9 let,Z,0,74
2022,4,CZ053,Pardubický kraj,B01,Plané neštovice [varicella],66010014,10–14 let,M,0,9
2022,4,CZ053,Pardubický kraj,B01,Plané neštovice [varicella],66010014,10–14 let,Z,0,11
2022,4,CZ053,Pardubický kraj,B01,Plané neštovice [varicella],66015019,15–19 let,M,0,1
2022,4,CZ053,Pardubický kraj,B01,Plané neštovice [varicella],66025029,25–29 let,Z,0,1
2022,4,CZ053,Pardubický kraj,B02,Pásový opar [herpes zoster],66005009,5–9 let,Z,0,1
2022,4,CZ053,Pardubický kraj,B02,Pásový opar [herpes zoster],66015019,15–19 let,Z,0,1
2022,4,CZ053,Pardubický kraj,B02,Pásový opar [herpes zoster],66035039,35–39 let,M,0,2
2022,4,CZ053,Pardubický kraj,B02,Pásový opar [herpes zoster],66035039,35–39 let,Z,0,1
2022,4,CZ053,Pardubický kraj,B02,Pásový opar [herpes zoster],66040044,40–44 let,M,0,1
2022,4,CZ053,Pardubický kraj,B02,Pásový opar [herpes zoster],66045049,45–49 let,M,0,2
2022,4,CZ053,Pardubický kraj,B02,Pásový opar [herpes zoster],66055059,55–59 let,M,0,1
2022,4,CZ053,Pardubický kraj,B02,Pásový opar [herpes zoster],66055059,55–59 let,Z,0,3
2022,4,CZ053,Pardubický kraj,B02,Pásový opar [herpes zoster],66060064,60–64 let,Z,0,1
2022,4,CZ053,Pardubický kraj,B02,Pásový opar [herpes zoster],66065069,65–69 let,M,0,2
2022,4,CZ053,Pardubický kraj,B02,Pásový opar [herpes zoster],66065069,65–69 let,Z,0,2
2022,4,CZ053,Pardubický kraj,B02,Pásový opar [herpes zoster],66070074,70–74 let,M,0,2
2022,4,CZ053,Pardubický kraj,B02,Pásový opar [herpes zoster],66070074,70–74 let,Z,0,2
2022,4,CZ053,Pardubický kraj,B02,Pásový opar [herpes zoster],66075999,75+ let,M,0,2
2022,4,CZ053,Pardubický kraj,B02,Pásový opar [herpes zoster],66075999,75+ let,Z,0,1
2022,4,CZ053,Pardubický kraj,B08,Jiné virové infekce charakterizované postižením kůže a sliznic NJ,66001004,1–4 roky,Z,0,2
2022,4,CZ053,Pardubický kraj,B08,Jiné virové infekce charakterizované postižením kůže a sliznic NJ,66005009,5–9 let,Z,0,1
2022,4,CZ053,Pardubický kraj,B08,Jiné virové infekce charakterizované postižením kůže a sliznic NJ,66010014,10–14 let,M,0,1
2022,4,CZ053,Pardubický kraj,B08,Jiné virové infekce charakterizované postižením kůže a sliznic NJ,66010014,10–14 let,Z,0,1
2022,4,CZ053,Pardubický kraj,B18,Chronická virová hepatitida,66020024,20–24 let,M,0,1
2022,4,CZ053,Pardubický kraj,B27,Infekční mononukleóza,66001004,1–4 roky,M,0,1
2022,4,CZ053,Pardubický kraj,B27,Infekční mononukleóza,66005009,5–9 let,Z,0,1
2022,4,CZ053,Pardubický kraj,B27,Infekční mononukleóza,66015019,15–19 let,M,0,1
2022,4,CZ053,Pardubický kraj,B27,Infekční mononukleóza,66015019,15–19 let,Z,0,2
2022,4,CZ053,Pardubický kraj,B27,Infekční mononukleóza,66020024,20–24 let,M,0,2
2022,4,CZ053,Pardubický kraj,B58,Toxoplazmóza [toxoplasmosis],66025029,25–29 let,Z,0,1
2022,4,CZ053,Pardubický kraj,B80,Enterobióza [enterobiasis],66005009,5–9 let,M,0,2
2022,4,CZ053,Pardubický kraj,B80,Enterobióza [enterobiasis],66010014,10–14 let,M,0,1
2022,4,CZ053,Pardubický kraj,B80,Enterobióza [enterobiasis],66010014,10–14 let,Z,0,1
2022,4,CZ053,Pardubický kraj,B80,Enterobióza [enterobiasis],66015019,15–19 let,M,0,1
2022,4,CZ053,Pardubický kraj,B80,Enterobióza [enterobiasis],66015019,15–19 let,Z,0,1
2022,4,CZ053,Pardubický kraj,B86,Svrab [scabies],66001004,1–4 roky,M,0,1
2022,4,CZ053,Pardubický kraj,B86,Svrab [scabies],66001004,1–4 roky,Z,0,1
2022,4,CZ053,Pardubický kraj,B86,Svrab [scabies],66005009,5–9 let,M,0,2
2022,4,CZ053,Pardubický kraj,B86,Svrab [scabies],66010014,10–14 let,M,0,1
2022,4,CZ053,Pardubický kraj,B86,Svrab [scabies],66010014,10–14 let,Z,0,4
2022,4,CZ053,Pardubický kraj,B86,Svrab [scabies],66015019,15–19 let,M,0,3
2022,4,CZ053,Pardubický kraj,B86,Svrab [scabies],66015019,15–19 let,Z,0,2
2022,4,CZ053,Pardubický kraj,B86,Svrab [scabies],66035039,35–39 let,Z,0,1
2022,4,CZ053,Pardubický kraj,B86,Svrab [scabies],66040044,40–44 let,M,0,1
2022,4,CZ053,Pardubický kraj,B86,Svrab [scabies],66050054,50–54 let,Z,0,1
2022,4,CZ053,Pardubický kraj,B86,Svrab [scabies],66055059,55–59 let,Z,0,1
2022,4,CZ053,Pardubický kraj,B86,Svrab [scabies],66060064,60–64 let,M,0,1
2022,4,CZ053,Pardubický kraj,B86,Svrab [scabies],66065069,65–69 let,M,0,2
2022,4,CZ053,Pardubický kraj,B86,Svrab [scabies],66070074,70–74 let,M,0,1
2022,4,CZ053,Pardubický kraj,B86,Svrab [scabies],66075999,75+ let,Z,0,1
2022,4,CZ053,Pardubický kraj,W54,Kousnutí nebo úder psem,66005009,5–9 let,Z,0,1
2022,4,CZ053,Pardubický kraj,W54,Kousnutí nebo úder psem,66010014,10–14 let,Z,0,2
2022,4,CZ053,Pardubický kraj,W54,Kousnutí nebo úder psem,66020024,20–24 let,M,0,2
2022,4,CZ053,Pardubický kraj,W54,Kousnutí nebo úder psem,66025029,25–29 let,Z,0,1
2022,4,CZ053,Pardubický kraj,W54,Kousnutí nebo úder psem,66035039,35–39 let,M,0,2
2022,4,CZ053,Pardubický kraj,W54,Kousnutí nebo úder psem,66035039,35–39 let,Z,0,1
2022,4,CZ053,Pardubický kraj,W54,Kousnutí nebo úder psem,66055059,55–59 let,M,0,1
2022,4,CZ053,Pardubický kraj,W54,Kousnutí nebo úder psem,66055059,55–59 let,Z,0,1
2022,4,CZ053,Pardubický kraj,W54,Kousnutí nebo úder psem,66070074,70–74 let,Z,0,1
2022,4,CZ053,Pardubický kraj,W54,Kousnutí nebo úder psem,66075999,75+ let,M,0,1
2022,4,CZ053,Pardubický kraj,W55,Kousnutí nebo úder jinými savci,66001004,1–4 roky,M,0,1
2022,4,CZ053,Pardubický kraj,W55,Kousnutí nebo úder jinými savci,66045049,45–49 let,Z,0,1
2022,4,CZ053,Pardubický kraj,W55,Kousnutí nebo úder jinými savci,66060064,60–64 let,Z,0,1
2022,4,CZ053,Pardubický kraj,W55,Kousnutí nebo úder jinými savci,66065069,65–69 let,Z,0,1
2022,5,CZ053,Pardubický kraj,A02,Jiné infekce způsobené salmonelami,66001004,1–4 roky,M,0,2
2022,5,CZ053,Pardubický kraj,A02,Jiné infekce způsobené salmonelami,66001004,1–4 roky,Z,0,2
2022,5,CZ053,Pardubický kraj,A02,Jiné infekce způsobené salmonelami,66005009,5–9 let,M,0,6
2022,5,CZ053,Pardubický kraj,A02,Jiné infekce způsobené salmonelami,66005009,5–9 let,Z,0,1
2022,5,CZ053,Pardubický kraj,A02,Jiné infekce způsobené salmonelami,66010014,10–14 let,Z,0,1
2022,5,CZ053,Pardubický kraj,A02,Jiné infekce způsobené salmonelami,66015019,15–19 let,M,0,2
2022,5,CZ053,Pardubický kraj,A02,Jiné infekce způsobené salmonelami,66015019,15–19 let,Z,0,1
2022,5,CZ053,Pardubický kraj,A02,Jiné infekce způsobené salmonelami,66020024,20–24 let,Z,0,2
2022,5,CZ053,Pardubický kraj,A02,Jiné infekce způsobené salmonelami,66025029,25–29 let,M,0,2
2022,5,CZ053,Pardubický kraj,A02,Jiné infekce způsobené salmonelami,66025029,25–29 let,Z,0,1
2021,12,CZ080,Moravskoslezský kraj,B86,Svrab [scabies],66015019,15–19 let,Z,0,1
2021,12,CZ080,Moravskoslezský kraj,B86,Svrab [scabies],66020024,20–24 let,M,0,4
2021,12,CZ080,Moravskoslezský kraj,B86,Svrab [scabies],66020024,20–24 let,Z,0,1
2021,12,CZ080,Moravskoslezský kraj,B86,Svrab [scabies],66030034,30–34 let,M,0,1
2021,12,CZ080,Moravskoslezský kraj,B86,Svrab [scabies],66030034,30–34 let,Z,0,1
2021,12,CZ080,Moravskoslezský kraj,B86,Svrab [scabies],66035039,35–39 let,Z,0,2
2021,12,CZ080,Moravskoslezský kraj,B86,Svrab [scabies],66040044,40–44 let,M,0,1
2021,12,CZ080,Moravskoslezský kraj,B86,Svrab [scabies],66045049,45–49 let,M,0,2
2021,12,CZ080,Moravskoslezský kraj,B86,Svrab [scabies],66045049,45–49 let,Z,0,1
2021,12,CZ080,Moravskoslezský kraj,B86,Svrab [scabies],66050054,50–54 let,Z,0,1
2021,12,CZ080,Moravskoslezský kraj,B86,Svrab [scabies],66055059,55–59 let,M,0,1
2021,12,CZ080,Moravskoslezský kraj,B86,Svrab [scabies],66060064,60–64 let,Z,0,1
2021,12,CZ080,Moravskoslezský kraj,B86,Svrab [scabies],66065069,65–69 let,M,0,1
2021,12,CZ080,Moravskoslezský kraj,B86,Svrab [scabies],66075999,75+ let,Z,0,2
2021,12,CZ080,Moravskoslezský kraj,J13,Zánět plic‚ původce: Streptococcus pneumoniae,66070074,70–74 let,Z,0,1
2022,3,CZ999,neuvedeno,A08,Střevní infekce viry a jinými určenými mikroorganismy,66000000,0 let,Z,0,1
2022,3,CZ999,neuvedeno,A08,Střevní infekce viry a jinými určenými mikroorganismy,66001004,1–4 roky,M,0,1
2022,5,CZ999,neuvedeno,A08,Střevní infekce viry a jinými určenými mikroorganismy,66001004,1–4 roky,Z,0,1
2022,6,CZ999,neuvedeno,A04,Jiné bakteriální střevní infekce,66025029,25–29 let,Z,0,2
2022,7,CZ999,neuvedeno,A04,Jiné bakteriální střevní infekce,66001004,1–4 roky,Z,0,1
2022,8,CZ999,neuvedeno,A02,Jiné infekce způsobené salmonelami,66005009,5–9 let,Z,0,1
2022,9,CZ999,neuvedeno,A56,Jiná chlamydiová onemocnění přenášená pohlavním stykem,66040044,40–44 let,M,0,1
2022,1,CZ010,Hl. m. Praha,A02,Jiné infekce způsobené salmonelami,66000000,0 let,M,0,1
2022,1,CZ010,Hl. m. Praha,A02,Jiné infekce způsobené salmonelami,66000000,0 let,Z,0,2
2022,1,CZ010,Hl. m. Praha,A02,Jiné infekce způsobené salmonelami,66001004,1–4 roky,M,0,4
2022,1,CZ010,Hl. m. Praha,A02,Jiné infekce způsobené salmonelami,66001004,1–4 roky,Z,0,4
2022,1,CZ010,Hl. m. Praha,A02,Jiné infekce způsobené salmonelami,66005009,5–9 let,M,0,3
2022,1,CZ010,Hl. m. Praha,A02,Jiné infekce způsobené salmonelami,66005009,5–9 let,Z,0,3
2022,1,CZ010,Hl. m. Praha,A02,Jiné infekce způsobené salmonelami,66010014,10–14 let,Z,0,1
2022,1,CZ010,Hl. m. Praha,A02,Jiné infekce způsobené salmonelami,66015019,15–19 let,M,0,2
2022,1,CZ010,Hl. m. Praha,A02,Jiné infekce způsobené salmonelami,66025029,25–29 let,Z,0,1
2022,1,CZ010,Hl. m. Praha,A02,Jiné infekce způsobené salmonelami,66030034,30–34 let,M,0,1
2022,1,CZ010,Hl. m. Praha,A02,Jiné infekce způsobené salmonelami,66050054,50–54 let,Z,0,1
2022,1,CZ010,Hl. m. Praha,A02,Jiné infekce způsobené salmonelami,66060064,60–64 let,M,0,1
2022,1,CZ010,Hl. m. Praha,A02,Jiné infekce způsobené salmonelami,66065069,65–69 let,Z,0,1
2022,1,CZ010,Hl. m. Praha,A02,Jiné infekce způsobené salmonelami,66075999,75+ let,M,0,1
2022,1,CZ010,Hl. m. Praha,A02,Jiné infekce způsobené salmonelami,66075999,75+ let,Z,0,1
2022,1,CZ010,Hl. m. Praha,A04,Jiné bakteriální střevní infekce,66000000,0 let,M,0,3
2022,1,CZ010,Hl. m. Praha,A04,Jiné bakteriální střevní infekce,66000000,0 let,Z,0,7
2022,1,CZ010,Hl. m. Praha,A04,Jiné bakteriální střevní infekce,66001004,1–4 roky,M,0,10
2022,1,CZ010,Hl. m. Praha,A04,Jiné bakteriální střevní infekce,66001004,1–4 roky,Z,0,6
2022,1,CZ010,Hl. m. Praha,A04,Jiné bakteriální střevní infekce,66005009,5–9 let,M,0,5
2022,1,CZ010,Hl. m. Praha,A04,Jiné bakteriální střevní infekce,66005009,5–9 let,Z,0,2
2022,1,CZ010,Hl. m. Praha,A04,Jiné bakteriální střevní infekce,66010014,10–14 let,M,0,3
2022,1,CZ010,Hl. m. Praha,A04,Jiné bakteriální střevní infekce,66010014,10–14 let,Z,0,2
2022,1,CZ010,Hl. m. Praha,A04,Jiné bakteriální střevní infekce,66015019,15–19 let,M,0,3
2022,1,CZ010,Hl. m. Praha,A04,Jiné bakteriální střevní infekce,66015019,15–19 let,Z,0,1
2022,1,CZ010,Hl. m. Praha,A04,Jiné bakteriální střevní infekce,66020024,20–24 let,M,0,1
2022,1,CZ010,Hl. m. Praha,A04,Jiné bakteriální střevní infekce,66020024,20–24 let,Z,0,1
2022,1,CZ010,Hl. m. Praha,A04,Jiné bakteriální střevní infekce,66025029,25–29 let,M,0,4
2022,1,CZ010,Hl. m. Praha,A04,Jiné bakteriální střevní infekce,66025029,25–29 let,Z,0,1
2022,1,CZ010,Hl. m. Praha,A04,Jiné bakteriální střevní infekce,66030034,30–34 let,M,0,6
2022,1,CZ010,Hl. m. Praha,A04,Jiné bakteriální střevní infekce,66030034,30–34 let,Z,0,1
2022,1,CZ010,Hl. m. Praha,A04,Jiné bakteriální střevní infekce,66035039,35–39 let,M,0,2
2022,1,CZ010,Hl. m. Praha,A04,Jiné bakteriální střevní infekce,66035039,35–39 let,Z,0,1
2022,1,CZ010,Hl. m. Praha,A04,Jiné bakteriální střevní infekce,66045049,45–49 let,M,0,2
2022,1,CZ010,Hl. m. Praha,A04,Jiné bakteriální střevní infekce,66055059,55–59 let,Z,0,1
2022,1,CZ010,Hl. m. Praha,A04,Jiné bakteriální střevní infekce,66060064,60–64 let,M,0,2
2022,1,CZ010,Hl. m. Praha,A04,Jiné bakteriální střevní infekce,66060064,60–64 let,Z,0,2
2022,1,CZ010,Hl. m. Praha,A04,Jiné bakteriální střevní infekce,66065069,65–69 let,Z,0,3
2022,1,CZ010,Hl. m. Praha,A04,Jiné bakteriální střevní infekce,66070074,70–74 let,M,0,3
2022,1,CZ010,Hl. m. Praha,A04,Jiné bakteriální střevní infekce,66070074,70–74 let,Z,0,1
2022,1,CZ010,Hl. m. Praha,A04,Jiné bakteriální střevní infekce,66075999,75+ let,M,0,9
2022,1,CZ010,Hl. m. Praha,A04,Jiné bakteriální střevní infekce,66075999,75+ let,Z,0,12
2022,1,CZ010,Hl. m. Praha,A08,Střevní infekce viry a jinými určenými mikroorganismy,66000000,0 let,M,0,2
2022,1,CZ010,Hl. m. Praha,A08,Střevní infekce viry a jinými určenými mikroorganismy,66000000,0 let,Z,0,3
2022,1,CZ010,Hl. m. Praha,A08,Střevní infekce viry a jinými určenými mikroorganismy,66001004,1–4 roky,M,0,14
2022,1,CZ010,Hl. m. Praha,A08,Střevní infekce viry a jinými určenými mikroorganismy,66001004,1–4 roky,Z,0,5
2022,1,CZ010,Hl. m. Praha,A08,Střevní infekce viry a jinými určenými mikroorganismy,66005009,5–9 let,M,0,1
2022,1,CZ010,Hl. m. Praha,A08,Střevní infekce viry a jinými určenými mikroorganismy,66005009,5–9 let,Z,0,2
2022,1,CZ010,Hl. m. Praha,A08,Střevní infekce viry a jinými určenými mikroorganismy,66015019,15–19 let,Z,0,1
2022,1,CZ010,Hl. m. Praha,A08,Střevní infekce viry a jinými určenými mikroorganismy,66020024,20–24 let,Z,0,3
2022,1,CZ010,Hl. m. Praha,A08,Střevní infekce viry a jinými určenými mikroorganismy,66025029,25–29 let,Z,0,2
2022,1,CZ010,Hl. m. Praha,A08,Střevní infekce viry a jinými určenými mikroorganismy,66030034,30–34 let,Z,0,1
2022,1,CZ010,Hl. m. Praha,A08,Střevní infekce viry a jinými určenými mikroorganismy,66035039,35–39 let,Z,0,1
2022,1,CZ010,Hl. m. Praha,A08,Střevní infekce viry a jinými určenými mikroorganismy,66040044,40–44 let,M,0,1
2022,1,CZ010,Hl. m. Praha,A08,Střevní infekce viry a jinými určenými mikroorganismy,66040044,40–44 let,Z,0,1
2022,1,CZ010,Hl. m. Praha,A08,Střevní infekce viry a jinými určenými mikroorganismy,66045049,45–49 let,Z,0,1
2022,1,CZ010,Hl. m. Praha,A08,Střevní infekce viry a jinými určenými mikroorganismy,66050054,50–54 let,Z,0,1
2022,1,CZ010,Hl. m. Praha,A08,Střevní infekce viry a jinými určenými mikroorganismy,66055059,55–59 let,M,0,3
2022,1,CZ010,Hl. m. Praha,A08,Střevní infekce viry a jinými určenými mikroorganismy,66060064,60–64 let,Z,0,2
2022,1,CZ010,Hl. m. Praha,A08,Střevní infekce viry a jinými určenými mikroorganismy,66065069,65–69 let,M,0,1
2022,1,CZ010,Hl. m. Praha,A08,Střevní infekce viry a jinými určenými mikroorganismy,66065069,65–69 let,Z,0,2
2022,1,CZ010,Hl. m. Praha,A08,Střevní infekce viry a jinými určenými mikroorganismy,66075999,75+ let,M,0,2
2022,1,CZ010,Hl. m. Praha,A08,Střevní infekce viry a jinými určenými mikroorganismy,66075999,75+ let,Z,0,12
2022,1,CZ010,Hl. m. Praha,A09,Jiná gastroenteritida a kolitida infekčního a NS původu,66001004,1–4 roky,M,0,2
2022,1,CZ010,Hl. m. Praha,A09,Jiná gastroenteritida a kolitida infekčního a NS původu,66001004,1–4 roky,Z,0,2
2022,1,CZ010,Hl. m. Praha,A09,Jiná gastroenteritida a kolitida infekčního a NS původu,66005009,5–9 let,Z,0,2
2022,1,CZ010,Hl. m. Praha,A09,Jiná gastroenteritida a kolitida infekčního a NS původu,66025029,25–29 let,Z,0,2
2022,1,CZ010,Hl. m. Praha,A09,Jiná gastroenteritida a kolitida infekčního a NS původu,66070074,70–74 let,Z,0,2
2022,1,CZ010,Hl. m. Praha,A09,Jiná gastroenteritida a kolitida infekčního a NS původu,66075999,75+ let,M,0,6
2022,1,CZ010,Hl. m. Praha,A09,Jiná gastroenteritida a kolitida infekčního a NS původu,66075999,75+ let,Z,0,8
2022,1,CZ010,Hl. m. Praha,A41,Jiná sepse,66000000,0 let,Z,0,1
2022,1,CZ010,Hl. m. Praha,A41,Jiná sepse,66075999,75+ let,M,0,1
2022,1,CZ010,Hl. m. Praha,A41,Jiná sepse,66075999,75+ let,Z,0,2
2022,1,CZ010,Hl. m. Praha,A46,Růže – erysipel,66055059,55–59 let,M,0,2
2022,1,CZ010,Hl. m. Praha,A46,Růže – erysipel,66070074,70–74 let,Z,0,1
2022,1,CZ010,Hl. m. Praha,A48,Jiné bakteriální nemoci nezařazené jinde,66040044,40–44 let,M,0,1
2022,1,CZ010,Hl. m. Praha,A48,Jiné bakteriální nemoci nezařazené jinde,66070074,70–74 let,M,0,1
2022,1,CZ010,Hl. m. Praha,A56,Jiná chlamydiová onemocnění přenášená pohlavním stykem,66020024,20–24 let,M,0,3
2022,1,CZ010,Hl. m. Praha,A56,Jiná chlamydiová onemocnění přenášená pohlavním stykem,66020024,20–24 let,Z,0,3
2022,1,CZ010,Hl. m. Praha,A56,Jiná chlamydiová onemocnění přenášená pohlavním stykem,66025029,25–29 let,M,0,3
2022,1,CZ010,Hl. m. Praha,A56,Jiná chlamydiová onemocnění přenášená pohlavním stykem,66025029,25–29 let,Z,0,1
2022,1,CZ010,Hl. m. Praha,A56,Jiná chlamydiová onemocnění přenášená pohlavním stykem,66030034,30–34 let,M,0,6
2022,1,CZ010,Hl. m. Praha,A56,Jiná chlamydiová onemocnění přenášená pohlavním stykem,66030034,30–34 let,Z,0,1
2022,1,CZ010,Hl. m. Praha,A56,Jiná chlamydiová onemocnění přenášená pohlavním stykem,66035039,35–39 let,M,0,1
2022,1,CZ010,Hl. m. Praha,A56,Jiná chlamydiová onemocnění přenášená pohlavním stykem,66035039,35–39 let,Z,0,1
2022,1,CZ010,Hl. m. Praha,A56,Jiná chlamydiová onemocnění přenášená pohlavním stykem,66040044,40–44 let,M,0,3
2022,1,CZ010,Hl. m. Praha,A56,Jiná chlamydiová onemocnění přenášená pohlavním stykem,66040044,40–44 let,Z,0,1
2022,1,CZ010,Hl. m. Praha,A56,Jiná chlamydiová onemocnění přenášená pohlavním stykem,66045049,45–49 let,M,0,1
2022,1,CZ010,Hl. m. Praha,A63,"Jiné, převážně pohlavním stykem přenášené nemoci nezařazené jinde",66045049,45–49 let,Z,0,1
2022,1,CZ010,Hl. m. Praha,A69,Jiné spirochetové infekce,66005009,5–9 let,Z,0,1
2022,1,CZ010,Hl. m. Praha,A69,Jiné spirochetové infekce,66010014,10–14 let,M,0,1
2022,1,CZ010,Hl. m. Praha,A69,Jiné spirochetové infekce,66030034,30–34 let,M,0,2
2022,1,CZ010,Hl. m. Praha,A69,Jiné spirochetové infekce,66045049,45–49 let,M,0,1
2022,1,CZ010,Hl. m. Praha,A69,Jiné spirochetové infekce,66050054,50–54 let,M,0,1
2022,1,CZ010,Hl. m. Praha,A69,Jiné spirochetové infekce,66055059,55–59 let,Z,0,1
2022,1,CZ010,Hl. m. Praha,A69,Jiné spirochetové infekce,66060064,60–64 let,Z,0,1
2022,1,CZ010,Hl. m. Praha,A69,Jiné spirochetové infekce,66065069,65–69 let,Z,0,2
2022,1,CZ010,Hl. m. Praha,A69,Jiné spirochetové infekce,66070074,70–74 let,Z,0,2
2022,1,CZ010,Hl. m. Praha,A69,Jiné spirochetové infekce,66075999,75+ let,M,0,1
2022,1,CZ010,Hl. m. Praha,A84,Virová encefalitida přenášená klíšťaty,66015019,15–19 let,M,0,1
2022,1,CZ010,Hl. m. Praha,B01,Plané neštovice [varicella],66000000,0 let,M,0,1
2022,1,CZ010,Hl. m. Praha,B01,Plané neštovice [varicella],66000000,0 let,Z,0,1
2022,1,CZ010,Hl. m. Praha,B01,Plané neštovice [varicella],66001004,1–4 roky,M,0,25
2022,1,CZ010,Hl. m. Praha,B01,Plané neštovice [varicella],66001004,1–4 roky,Z,0,14
2022,1,CZ010,Hl. m. Praha,B01,Plané neštovice [varicella],66005009,5–9 let,M,0,24
2022,1,CZ010,Hl. m. Praha,B01,Plané neštovice [varicella],66005009,5–9 let,Z,0,12
2022,1,CZ010,Hl. m. Praha,B01,Plané neštovice [varicella],66010014,10–14 let,M,0,2
2022,1,CZ010,Hl. m. Praha,B01,Plané neštovice [varicella],66010014,10–14 let,Z,0,1
2022,1,CZ010,Hl. m. Praha,B02,Pásový opar [herpes zoster],66025029,25–29 let,M,0,1
2022,1,CZ010,Hl. m. Praha,B02,Pásový opar [herpes zoster],66070074,70–74 let,Z,0,2
2022,1,CZ010,Hl. m. Praha,B02,Pásový opar [herpes zoster],66075999,75+ let,M,0,1
2022,1,CZ010,Hl. m. Praha,B08,Jiné virové infekce charakterizované postižením kůže a sliznic NJ,66000000,0 let,M,0,1
2022,1,CZ010,Hl. m. Praha,B08,Jiné virové infekce charakterizované postižením kůže a sliznic NJ,66000000,0 let,Z,0,1
2022,1,CZ010,Hl. m. Praha,B08,Jiné virové infekce charakterizované postižením kůže a sliznic NJ,66001004,1–4 roky,Z,0,2
2022,1,CZ010,Hl. m. Praha,B15,Akutní hepatitida A,66020024,20–24 let,M,0,1
2022,1,CZ010,Hl. m. Praha,B15,Akutní hepatitida A,66030034,30–34 let,Z,0,1
2022,1,CZ010,Hl. m. Praha,B15,Akutní hepatitida A,66035039,35–39 let,M,0,1
2022,1,CZ010,Hl. m. Praha,B17,Jiná akutní virová hepatitida,66045049,45–49 let,M,0,1
2022,1,CZ010,Hl. m. Praha,B17,Jiná akutní virová hepatitida,66055059,55–59 let,Z,0,1
2022,1,CZ010,Hl. m. Praha,B18,Chronická virová hepatitida,66030034,30–34 let,Z,0,1
2022,1,CZ010,Hl. m. Praha,B18,Chronická virová hepatitida,66040044,40–44 let,Z,0,1
2022,1,CZ010,Hl. m. Praha,B18,Chronická virová hepatitida,66050054,50–54 let,Z,0,1
2022,1,CZ010,Hl. m. Praha,B27,Infekční mononukleóza,66030034,30–34 let,M,0,1
2022,1,CZ010,Hl. m. Praha,B80,Enterobióza [enterobiasis],66001004,1–4 roky,M,0,1
2022,1,CZ010,Hl. m. Praha,B80,Enterobióza [enterobiasis],66001004,1–4 roky,Z,0,1
2022,1,CZ010,Hl. m. Praha,B80,Enterobióza [enterobiasis],66005009,5–9 let,Z,0,1
2022,1,CZ010,Hl. m. Praha,B80,Enterobióza [enterobiasis],66010014,10–14 let,M,0,1
2022,1,CZ010,Hl. m. Praha,B80,Enterobióza [enterobiasis],66010014,10–14 let,Z,0,1
2022,1,CZ010,Hl. m. Praha,B86,Svrab [scabies],66005009,5–9 let,Z,0,1
2022,1,CZ010,Hl. m. Praha,B86,Svrab [scabies],66010014,10–14 let,M,0,1
2022,1,CZ010,Hl. m. Praha,B86,Svrab [scabies],66015019,15–19 let,M,0,1
2022,1,CZ010,Hl. m. Praha,B86,Svrab [scabies],66020024,20–24 let,Z,0,1
2022,1,CZ010,Hl. m. Praha,B86,Svrab [scabies],66030034,30–34 let,M,0,1
2022,1,CZ010,Hl. m. Praha,B86,Svrab [scabies],66045049,45–49 let,M,0,1
2022,1,CZ010,Hl. m. Praha,B86,Svrab [scabies],66045049,45–49 let,Z,0,1
2022,1,CZ010,Hl. m. Praha,B86,Svrab [scabies],66050054,50–54 let,M,0,1
2022,1,CZ010,Hl. m. Praha,B86,Svrab [scabies],66050054,50–54 let,Z,0,1
2022,1,CZ010,Hl. m. Praha,B86,Svrab [scabies],66065069,65–69 let,M,0,1
2022,1,CZ010,Hl. m. Praha,B86,Svrab [scabies],66065069,65–69 let,Z,0,1
2022,1,CZ010,Hl. m. Praha,B86,Svrab [scabies],66070074,70–74 let,M,0,1
2022,1,CZ010,Hl. m. Praha,J17,Zánět plic (pneumonie) při nemocech zařazených jinde,66055059,55–59 let,M,0,1
2022,1,CZ010,Hl. m. Praha,W54,Kousnutí nebo úder psem,66030034,30–34 let,M,0,1
2022,1,CZ010,Hl. m. Praha,W55,Kousnutí nebo úder jinými savci,66035039,35–39 let,M,0,1
2022,1,CZ010,Hl. m. Praha,W55,Kousnutí nebo úder jinými savci,66045049,45–49 let,M,0,1
2022,2,CZ010,Hl. m. Praha,A02,Jiné infekce způsobené salmonelami,66000000,0 let,Z,0,1
2022,2,CZ010,Hl. m. Praha,A02,Jiné infekce způsobené salmonelami,66001004,1–4 roky,M,0,1
2022,2,CZ010,Hl. m. Praha,A02,Jiné infekce způsobené salmonelami,66001004,1–4 roky,Z,0,3
2022,2,CZ010,Hl. m. Praha,A02,Jiné infekce způsobené salmonelami,66005009,5–9 let,M,0,1
2022,2,CZ010,Hl. m. Praha,A02,Jiné infekce způsobené salmonelami,66005009,5–9 let,Z,0,2
2022,2,CZ010,Hl. m. Praha,A02,Jiné infekce způsobené salmonelami,66015019,15–19 let,M,0,1
2022,2,CZ010,Hl. m. Praha,A02,Jiné infekce způsobené salmonelami,66020024,20–24 let,Z,0,1
2022,2,CZ010,Hl. m. Praha,A02,Jiné infekce způsobené salmonelami,66025029,25–29 let,Z,0,1
2022,2,CZ010,Hl. m. Praha,A02,Jiné infekce způsobené salmonelami,66030034,30–34 let,Z,0,2
2022,2,CZ010,Hl. m. Praha,A02,Jiné infekce způsobené salmonelami,66035039,35–39 let,M,0,1
2022,2,CZ010,Hl. m. Praha,A02,Jiné infekce způsobené salmonelami,66035039,35–39 let,Z,0,1
2022,2,CZ010,Hl. m. Praha,A02,Jiné infekce způsobené salmonelami,66045049,45–49 let,Z,0,1
2022,2,CZ010,Hl. m. Praha,A02,Jiné infekce způsobené salmonelami,66070074,70–74 let,Z,0,1
2022,2,CZ010,Hl. m. Praha,A02,Jiné infekce způsobené salmonelami,66075999,75+ let,M,0,1
2022,2,CZ010,Hl. m. Praha,A04,Jiné bakteriální střevní infekce,66000000,0 let,M,0,3
2022,2,CZ010,Hl. m. Praha,A04,Jiné bakteriální střevní infekce,66000000,0 let,Z,0,3
2022,2,CZ010,Hl. m. Praha,A04,Jiné bakteriální střevní infekce,66001004,1–4 roky,M,0,10
2022,2,CZ010,Hl. m. Praha,A04,Jiné bakteriální střevní infekce,66001004,1–4 roky,Z,0,7
2022,2,CZ010,Hl. m. Praha,A04,Jiné bakteriální střevní infekce,66005009,5–9 let,M,0,2
2022,2,CZ010,Hl. m. Praha,A04,Jiné bakteriální střevní infekce,66005009,5–9 let,Z,0,3
2022,2,CZ010,Hl. m. Praha,A04,Jiné bakteriální střevní infekce,66010014,10–14 let,M,0,2
2022,2,CZ010,Hl. m. Praha,A04,Jiné bakteriální střevní infekce,66015019,15–19 let,M,0,2
2022,2,CZ010,Hl. m. Praha,A04,Jiné bakteriální střevní infekce,66015019,15–19 let,Z,0,3
2022,2,CZ010,Hl. m. Praha,A04,Jiné bakteriální střevní infekce,66020024,20–24 let,M,0,2
2022,2,CZ010,Hl. m. Praha,A04,Jiné bakteriální střevní infekce,66020024,20–24 let,Z,0,1
2022,2,CZ010,Hl. m. Praha,A04,Jiné bakteriální střevní infekce,66025029,25–29 let,M,0,1
2022,2,CZ010,Hl. m. Praha,A04,Jiné bakteriální střevní infekce,66025029,25–29 let,Z,0,5
2022,2,CZ010,Hl. m. Praha,A04,Jiné bakteriální střevní infekce,66030034,30–34 let,Z,0,1
2022,2,CZ010,Hl. m. Praha,A04,Jiné bakteriální střevní infekce,66040044,40–44 let,M,0,1
2022,2,CZ010,Hl. m. Praha,A04,Jiné bakteriální střevní infekce,66045049,45–49 let,M,0,1
2022,2,CZ010,Hl. m. Praha,A04,Jiné bakteriální střevní infekce,66050054,50–54 let,Z,0,1
2022,2,CZ010,Hl. m. Praha,A04,Jiné bakteriální střevní infekce,66055059,55–59 let,Z,0,2
2022,2,CZ010,Hl. m. Praha,A04,Jiné bakteriální střevní infekce,66060064,60–64 let,M,0,2
2022,2,CZ010,Hl. m. Praha,A04,Jiné bakteriální střevní infekce,66065069,65–69 let,M,0,3
2022,2,CZ010,Hl. m. Praha,A04,Jiné bakteriální střevní infekce,66065069,65–69 let,Z,0,2
2022,2,CZ010,Hl. m. Praha,A04,Jiné bakteriální střevní infekce,66070074,70–74 let,Z,0,2
2022,2,CZ010,Hl. m. Praha,A04,Jiné bakteriální střevní infekce,66075999,75+ let,M,0,3
2022,2,CZ010,Hl. m. Praha,A04,Jiné bakteriální střevní infekce,66075999,75+ let,Z,0,2
2022,2,CZ010,Hl. m. Praha,A08,Střevní infekce viry a jinými určenými mikroorganismy,66000000,0 let,M,0,2
2022,2,CZ010,Hl. m. Praha,A08,Střevní infekce viry a jinými určenými mikroorganismy,66000000,0 let,Z,0,4
2022,2,CZ010,Hl. m. Praha,A08,Střevní infekce viry a jinými určenými mikroorganismy,66001004,1–4 roky,M,0,10
2022,2,CZ010,Hl. m. Praha,A08,Střevní infekce viry a jinými určenými mikroorganismy,66001004,1–4 roky,Z,0,9
2022,2,CZ010,Hl. m. Praha,A08,Střevní infekce viry a jinými určenými mikroorganismy,66005009,5–9 let,M,0,4
2022,2,CZ010,Hl. m. Praha,A08,Střevní infekce viry a jinými určenými mikroorganismy,66005009,5–9 let,Z,0,2
2022,2,CZ010,Hl. m. Praha,A08,Střevní infekce viry a jinými určenými mikroorganismy,66025029,25–29 let,Z,0,3
2022,2,CZ010,Hl. m. Praha,A08,Střevní infekce viry a jinými určenými mikroorganismy,66035039,35–39 let,M,0,1
2022,2,CZ010,Hl. m. Praha,A08,Střevní infekce viry a jinými určenými mikroorganismy,66035039,35–39 let,Z,0,2
2022,2,CZ010,Hl. m. Praha,A08,Střevní infekce viry a jinými určenými mikroorganismy,66040044,40–44 let,M,0,2
2022,2,CZ010,Hl. m. Praha,A08,Střevní infekce viry a jinými určenými mikroorganismy,66045049,45–49 let,Z,0,2
2022,2,CZ010,Hl. m. Praha,A08,Střevní infekce viry a jinými určenými mikroorganismy,66050054,50–54 let,Z,0,1
2022,2,CZ010,Hl. m. Praha,A08,Střevní infekce viry a jinými určenými mikroorganismy,66055059,55–59 let,Z,0,3
2022,2,CZ010,Hl. m. Praha,A08,Střevní infekce viry a jinými určenými mikroorganismy,66065069,65–69 let,M,0,1
2022,2,CZ010,Hl. m. Praha,A08,Střevní infekce viry a jinými určenými mikroorganismy,66065069,65–69 let,Z,0,3
2022,2,CZ010,Hl. m. Praha,A08,Střevní infekce viry a jinými určenými mikroorganismy,66075999,75+ let,M,0,11
2022,2,CZ010,Hl. m. Praha,A08,Střevní infekce viry a jinými určenými mikroorganismy,66075999,75+ let,Z,0,24
2022,2,CZ010,Hl. m. Praha,A09,Jiná gastroenteritida a kolitida infekčního a NS původu,66001004,1–4 roky,Z,0,2
2022,2,CZ010,Hl. m. Praha,A09,Jiná gastroenteritida a kolitida infekčního a NS původu,66020024,20–24 let,M,0,2
2022,2,CZ010,Hl. m. Praha,A09,Jiná gastroenteritida a kolitida infekčního a NS původu,66030034,30–34 let,M,0,2
2022,2,CZ010,Hl. m. Praha,A09,Jiná gastroenteritida a kolitida infekčního a NS původu,66045049,45–49 let,Z,0,2
2022,2,CZ010,Hl. m. Praha,A09,Jiná gastroenteritida a kolitida infekčního a NS původu,66055059,55–59 let,M,0,2
2022,2,CZ010,Hl. m. Praha,A09,Jiná gastroenteritida a kolitida infekčního a NS původu,66060064,60–64 let,Z,0,2
2022,2,CZ010,Hl. m. Praha,A09,Jiná gastroenteritida a kolitida infekčního a NS původu,66065069,65–69 let,M,0,2
2022,2,CZ010,Hl. m. Praha,A38,Spála [scarlatina],66005009,5–9 let,M,0,2
2022,2,CZ010,Hl. m. Praha,A38,Spála [scarlatina],66005009,5–9 let,Z,0,1
2022,2,CZ010,Hl. m. Praha,A41,Jiná sepse,66075999,75+ let,Z,0,1
2022,2,CZ010,Hl. m. Praha,A46,Růže – erysipel,66025029,25–29 let,M,0,1
2022,2,CZ010,Hl. m. Praha,A46,Růže – erysipel,66055059,55–59 let,M,0,1
2022,2,CZ010,Hl. m. Praha,A46,Růže – erysipel,66065069,65–69 let,Z,0,1
2022,2,CZ010,Hl. m. Praha,A46,Růže – erysipel,66075999,75+ let,Z,0,1
2022,2,CZ010,Hl. m. Praha,A48,Jiné bakteriální nemoci nezařazené jinde,66045049,45–49 let,M,0,1
2022,2,CZ010,Hl. m. Praha,A48,Jiné bakteriální nemoci nezařazené jinde,66060064,60–64 let,M,0,1
2022,2,CZ010,Hl. m. Praha,A48,Jiné bakteriální nemoci nezařazené jinde,66070074,70–74 let,M,0,1
2022,2,CZ010,Hl. m. Praha,A48,Jiné bakteriální nemoci nezařazené jinde,66070074,70–74 let,Z,0,2
2022,2,CZ010,Hl. m. Praha,A48,Jiné bakteriální nemoci nezařazené jinde,66075999,75+ let,M,0,3
2022,2,CZ010,Hl. m. Praha,A56,Jiná chlamydiová onemocnění přenášená pohlavním stykem,66015019,15–19 let,M,0,2
2022,2,CZ010,Hl. m. Praha,A56,Jiná chlamydiová onemocnění přenášená pohlavním stykem,66020024,20–24 let,M,0,6
2022,2,CZ010,Hl. m. Praha,A56,Jiná chlamydiová onemocnění přenášená pohlavním stykem,66020024,20–24 let,Z,0,4
2022,2,CZ010,Hl. m. Praha,A56,Jiná chlamydiová onemocnění přenášená pohlavním stykem,66025029,25–29 let,M,0,10
2022,2,CZ010,Hl. m. Praha,A56,Jiná chlamydiová onemocnění přenášená pohlavním stykem,66025029,25–29 let,Z,0,7
2022,2,CZ010,Hl. m. Praha,A56,Jiná chlamydiová onemocnění přenášená pohlavním stykem,66030034,30–34 let,M,0,15
2022,2,CZ010,Hl. m. Praha,A56,Jiná chlamydiová onemocnění přenášená pohlavním stykem,66030034,30–34 let,Z,0,3
2022,2,CZ010,Hl. m. Praha,A56,Jiná chlamydiová onemocnění přenášená pohlavním stykem,66035039,35–39 let,M,0,7
2022,2,CZ010,Hl. m. Praha,A56,Jiná chlamydiová onemocnění přenášená pohlavním stykem,66035039,35–39 let,Z,0,1
2022,2,CZ010,Hl. m. Praha,A56,Jiná chlamydiová onemocnění přenášená pohlavním stykem,66040044,40–44 let,M,0,3
2022,2,CZ010,Hl. m. Praha,A56,Jiná chlamydiová onemocnění přenášená pohlavním stykem,66040044,40–44 let,Z,0,1
2022,2,CZ010,Hl. m. Praha,A56,Jiná chlamydiová onemocnění přenášená pohlavním stykem,66065069,65–69 let,M,0,2
2022,2,CZ010,Hl. m. Praha,B01,Plané neštovice [varicella],66000000,0 let,M,0,3
2022,2,CZ010,Hl. m. Praha,B01,Plané neštovice [varicella],66001004,1–4 roky,M,0,30
2022,2,CZ010,Hl. m. Praha,B01,Plané neštovice [varicella],66001004,1–4 roky,Z,0,40
2022,2,CZ010,Hl. m. Praha,B01,Plané neštovice [varicella],66005009,5–9 let,M,0,36
2022,2,CZ010,Hl. m. Praha,B01,Plané neštovice [varicella],66005009,5–9 let,Z,0,32
2022,2,CZ010,Hl. m. Praha,B01,Plané neštovice [varicella],66010014,10–14 let,M,0,2
2022,2,CZ010,Hl. m. Praha,B01,Plané neštovice [varicella],66010014,10–14 let,Z,0,2
2022,2,CZ010,Hl. m. Praha,B01,Plané neštovice [varicella],66015019,15–19 let,Z,0,1
2022,2,CZ010,Hl. m. Praha,B01,Plané neštovice [varicella],66020024,20–24 let,M,0,2
2022,2,CZ010,Hl. m. Praha,B01,Plané neštovice [varicella],66020024,20–24 let,Z,0,1
2022,2,CZ010,Hl. m. Praha,B01,Plané neštovice [varicella],66030034,30–34 let,Z,0,1
2022,2,CZ010,Hl. m. Praha,B01,Plané neštovice [varicella],66035039,35–39 let,Z,0,1
2022,2,CZ010,Hl. m. Praha,B02,Pásový opar [herpes zoster],66005009,5–9 let,Z,0,1
2022,2,CZ010,Hl. m. Praha,B02,Pásový opar [herpes zoster],66020024,20–24 let,Z,0,1
2022,2,CZ010,Hl. m. Praha,B02,Pásový opar [herpes zoster],66035039,35–39 let,Z,0,1
2022,2,CZ010,Hl. m. Praha,B02,Pásový opar [herpes zoster],66050054,50–54 let,M,0,1
2022,2,CZ010,Hl. m. Praha,B02,Pásový opar [herpes zoster],66065069,65–69 let,Z,0,1
2022,2,CZ010,Hl. m. Praha,B02,Pásový opar [herpes zoster],66070074,70–74 let,M,0,1
2022,2,CZ010,Hl. m. Praha,B02,Pásový opar [herpes zoster],66075999,75+ let,M,0,1
2022,2,CZ010,Hl. m. Praha,B15,Akutní hepatitida A,66005009,5–9 let,Z,0,1
2022,2,CZ010,Hl. m. Praha,B17,Jiná akutní virová hepatitida,66050054,50–54 let,M,0,2
2022,2,CZ010,Hl. m. Praha,B17,Jiná akutní virová hepatitida,66070074,70–74 let,M,0,1
2022,2,CZ010,Hl. m. Praha,B17,Jiná akutní virová hepatitida,66075999,75+ let,M,0,1
2022,2,CZ010,Hl. m. Praha,B18,Chronická virová hepatitida,66015019,15–19 let,M,0,1
2022,2,CZ010,Hl. m. Praha,B18,Chronická virová hepatitida,66030034,30–34 let,Z,0,3
2022,2,CZ010,Hl. m. Praha,B18,Chronická virová hepatitida,66035039,35–39 let,M,0,1
2022,2,CZ010,Hl. m. Praha,B18,Chronická virová hepatitida,66035039,35–39 let,Z,0,3
2022,2,CZ010,Hl. m. Praha,B18,Chronická virová hepatitida,66040044,40–44 let,M,0,1
2022,2,CZ010,Hl. m. Praha,B18,Chronická virová hepatitida,66040044,40–44 let,Z,0,1
2022,2,CZ010,Hl. m. Praha,B18,Chronická virová hepatitida,66045049,45–49 let,Z,0,1
2022,2,CZ010,Hl. m. Praha,B18,Chronická virová hepatitida,66060064,60–64 let,M,0,1
2022,2,CZ010,Hl. m. Praha,B18,Chronická virová hepatitida,66070074,70–74 let,M,0,1
2022,2,CZ010,Hl. m. Praha,B25,Cytomegalovirová nemoc,66045049,45–49 let,M,0,1
2022,2,CZ010,Hl. m. Praha,B27,Infekční mononukleóza,66010014,10–14 let,M,0,1
2022,2,CZ010,Hl. m. Praha,B27,Infekční mononukleóza,66015019,15–19 let,M,0,3
2022,2,CZ010,Hl. m. Praha,B27,Infekční mononukleóza,66015019,15–19 let,Z,0,1
2022,2,CZ010,Hl. m. Praha,B27,Infekční mononukleóza,66020024,20–24 let,Z,0,1
2022,2,CZ010,Hl. m. Praha,B58,Toxoplazmóza [toxoplasmosis],66030034,30–34 let,M,0,1
2022,2,CZ010,Hl. m. Praha,B80,Enterobióza [enterobiasis],66001004,1–4 roky,Z,0,1
2022,2,CZ010,Hl. m. Praha,B80,Enterobióza [enterobiasis],66005009,5–9 let,Z,0,2
2022,2,CZ010,Hl. m. Praha,B86,Svrab [scabies],66010014,10–14 let,M,0,1
2022,2,CZ010,Hl. m. Praha,B86,Svrab [scabies],66010014,10–14 let,Z,0,1
2022,2,CZ010,Hl. m. Praha,B86,Svrab [scabies],66015019,15–19 let,M,0,1
2022,2,CZ010,Hl. m. Praha,B86,Svrab [scabies],66020024,20–24 let,Z,0,1
2022,2,CZ010,Hl. m. Praha,B86,Svrab [scabies],66025029,25–29 let,Z,0,1
2022,2,CZ010,Hl. m. Praha,B86,Svrab [scabies],66030034,30–34 let,M,0,1
2022,2,CZ010,Hl. m. Praha,B86,Svrab [scabies],66030034,30–34 let,Z,0,1
2022,2,CZ010,Hl. m. Praha,B86,Svrab [scabies],66035039,35–39 let,M,0,4
2022,2,CZ010,Hl. m. Praha,B86,Svrab [scabies],66040044,40–44 let,M,0,4
2022,2,CZ010,Hl. m. Praha,B86,Svrab [scabies],66040044,40–44 let,Z,0,2
2022,2,CZ010,Hl. m. Praha,B86,Svrab [scabies],66045049,45–49 let,M,0,4
2022,2,CZ010,Hl. m. Praha,B86,Svrab [scabies],66050054,50–54 let,M,0,1
2022,2,CZ010,Hl. m. Praha,B86,Svrab [scabies],66055059,55–59 let,M,0,2
2022,2,CZ010,Hl. m. Praha,B86,Svrab [scabies],66060064,60–64 let,M,0,2
2022,2,CZ010,Hl. m. Praha,B86,Svrab [scabies],66075999,75+ let,M,0,1
2022,2,CZ010,Hl. m. Praha,B86,Svrab [scabies],66075999,75+ let,Z,0,1
2022,2,CZ010,Hl. m. Praha,J12,Virový zánět plic (pneumonie) nezařazený jinde,66015019,15–19 let,Z,0,1
2022,2,CZ010,Hl. m. Praha,J15,Bakteriální zánět plic (pneumonie) nezařazený jinde,66075999,75+ let,M,0,1
2022,3,CZ010,Hl. m. Praha,A02,Jiné infekce způsobené salmonelami,66000000,0 let,M,0,2
2022,3,CZ010,Hl. m. Praha,A02,Jiné infekce způsobené salmonelami,66000000,0 let,Z,0,1
2022,3,CZ010,Hl. m. Praha,A02,Jiné infekce způsobené salmonelami,66001004,1–4 roky,M,0,5
2022,3,CZ010,Hl. m. Praha,A02,Jiné infekce způsobené salmonelami,66001004,1–4 roky,Z,0,8
2022,3,CZ010,Hl. m. Praha,A02,Jiné infekce způsobené salmonelami,66005009,5–9 let,M,0,2
2022,3,CZ010,Hl. m. Praha,A02,Jiné infekce způsobené salmonelami,66005009,5–9 let,Z,0,2
2022,3,CZ010,Hl. m. Praha,A02,Jiné infekce způsobené salmonelami,66010014,10–14 let,M,0,3
2022,3,CZ010,Hl. m. Praha,A02,Jiné infekce způsobené salmonelami,66015019,15–19 let,M,0,5
2022,3,CZ010,Hl. m. Praha,A02,Jiné infekce způsobené salmonelami,66015019,15–19 let,Z,0,1
2022,3,CZ010,Hl. m. Praha,A02,Jiné infekce způsobené salmonelami,66020024,20–24 let,Z,0,2
2022,3,CZ010,Hl. m. Praha,A02,Jiné infekce způsobené salmonelami,66025029,25–29 let,M,0,1
2022,3,CZ010,Hl. m. Praha,A02,Jiné infekce způsobené salmonelami,66025029,25–29 let,Z,0,2
2022,3,CZ010,Hl. m. Praha,A02,Jiné infekce způsobené salmonelami,66030034,30–34 let,M,0,1
2022,3,CZ010,Hl. m. Praha,A02,Jiné infekce způsobené salmonelami,66035039,35–39 let,M,0,1
2022,3,CZ010,Hl. m. Praha,A02,Jiné infekce způsobené salmonelami,66040044,40–44 let,M,0,2
2022,3,CZ010,Hl. m. Praha,A02,Jiné infekce způsobené salmonelami,66050054,50–54 let,Z,0,2
2022,3,CZ010,Hl. m. Praha,A02,Jiné infekce způsobené salmonelami,66055059,55–59 let,M,0,2
2022,3,CZ010,Hl. m. Praha,A02,Jiné infekce způsobené salmonelami,66060064,60–64 let,M,0,1
2022,3,CZ010,Hl. m. Praha,A02,Jiné infekce způsobené salmonelami,66065069,65–69 let,Z,0,1
2022,3,CZ010,Hl. m. Praha,A02,Jiné infekce způsobené salmonelami,66070074,70–74 let,M,0,1
2022,3,CZ010,Hl. m. Praha,A02,Jiné infekce způsobené salmonelami,66075999,75+ let,M,0,1
2022,3,CZ010,Hl. m. Praha,A02,Jiné infekce způsobené salmonelami,66075999,75+ let,Z,0,4
2022,3,CZ010,Hl. m. Praha,A03,Shigelóza,66025029,25–29 let,M,0,1
2022,3,CZ010,Hl. m. Praha,A03,Shigelóza,66030034,30–34 let,M,0,1
2022,3,CZ010,Hl. m. Praha,A03,Shigelóza,66050054,50–54 let,M,0,1
2022,3,CZ010,Hl. m. Praha,A04,Jiné bakteriální střevní infekce,66000000,0 let,M,0,7
2022,3,CZ010,Hl. m. Praha,A04,Jiné bakteriální střevní infekce,66000000,0 let,Z,0,14
2022,3,CZ010,Hl. m. Praha,A04,Jiné bakteriální střevní infekce,66001004,1–4 roky,M,0,17
2022,3,CZ010,Hl. m. Praha,A04,Jiné bakteriální střevní infekce,66001004,1–4 roky,Z,0,24
2022,3,CZ010,Hl. m. Praha,A04,Jiné bakteriální střevní infekce,66005009,5–9 let,M,0,6
2022,3,CZ010,Hl. m. Praha,A04,Jiné bakteriální střevní infekce,66005009,5–9 let,Z,0,7
2022,3,CZ010,Hl. m. Praha,A04,Jiné bakteriální střevní infekce,66010014,10–14 let,M,0,3
2022,3,CZ010,Hl. m. Praha,A04,Jiné bakteriální střevní infekce,66010014,10–14 let,Z,0,4
2022,3,CZ010,Hl. m. Praha,A04,Jiné bakteriální střevní infekce,66015019,15–19 let,M,0,12
2022,3,CZ010,Hl. m. Praha,A04,Jiné bakteriální střevní infekce,66015019,15–19 let,Z,0,4
2022,3,CZ010,Hl. m. Praha,A04,Jiné bakteriální střevní infekce,66020024,20–24 let,M,0,4
2022,3,CZ010,Hl. m. Praha,A04,Jiné bakteriální střevní infekce,66020024,20–24 let,Z,0,3
2022,3,CZ010,Hl. m. Praha,A04,Jiné bakteriální střevní infekce,66025029,25–29 let,M,0,4
2022,3,CZ010,Hl. m. Praha,A04,Jiné bakteriální střevní infekce,66025029,25–29 let,Z,0,9
2022,3,CZ010,Hl. m. Praha,A04,Jiné bakteriální střevní infekce,66030034,30–34 let,M,0,4
2022,3,CZ010,Hl. m. Praha,A04,Jiné bakteriální střevní infekce,66030034,30–34 let,Z,0,5
2022,3,CZ010,Hl. m. Praha,A04,Jiné bakteriální střevní infekce,66035039,35–39 let,M,0,5
2022,3,CZ010,Hl. m. Praha,A04,Jiné bakteriální střevní infekce,66035039,35–39 let,Z,0,1
2022,3,CZ010,Hl. m. Praha,A04,Jiné bakteriální střevní infekce,66040044,40–44 let,M,0,2
2022,3,CZ010,Hl. m. Praha,A04,Jiné bakteriální střevní infekce,66040044,40–44 let,Z,0,2
2022,3,CZ010,Hl. m. Praha,A04,Jiné bakteriální střevní infekce,66045049,45–49 let,M,0,3
2022,3,CZ010,Hl. m. Praha,A04,Jiné bakteriální střevní infekce,66045049,45–49 let,Z,0,1
2022,3,CZ010,Hl. m. Praha,A04,Jiné bakteriální střevní infekce,66050054,50–54 let,M,0,1
2022,3,CZ010,Hl. m. Praha,A04,Jiné bakteriální střevní infekce,66050054,50–54 let,Z,0,1
2022,3,CZ010,Hl. m. Praha,A04,Jiné bakteriální střevní infekce,66055059,55–59 let,M,0,4
2022,3,CZ010,Hl. m. Praha,A04,Jiné bakteriální střevní infekce,66055059,55–59 let,Z,0,4
2022,3,CZ010,Hl. m. Praha,A04,Jiné bakteriální střevní infekce,66060064,60–64 let,M,0,1
2022,3,CZ010,Hl. m. Praha,A04,Jiné bakteriální střevní infekce,66060064,60–64 let,Z,0,4
2022,3,CZ010,Hl. m. Praha,A04,Jiné bakteriální střevní infekce,66065069,65–69 let,M,0,2
2022,3,CZ010,Hl. m. Praha,A04,Jiné bakteriální střevní infekce,66065069,65–69 let,Z,0,3
2022,3,CZ010,Hl. m. Praha,A04,Jiné bakteriální střevní infekce,66070074,70–74 let,M,0,5
2022,3,CZ010,Hl. m. Praha,A04,Jiné bakteriální střevní infekce,66070074,70–74 let,Z,0,6
2022,3,CZ010,Hl. m. Praha,A04,Jiné bakteriální střevní infekce,66075999,75+ let,M,0,15
2022,3,CZ010,Hl. m. Praha,A04,Jiné bakteriální střevní infekce,66075999,75+ let,Z,0,25
2022,3,CZ010,Hl. m. Praha,A07,Jiné protozoární střevní nemoci,66025029,25–29 let,Z,0,1
2022,3,CZ010,Hl. m. Praha,A08,Střevní infekce viry a jinými určenými mikroorganismy,66000000,0 let,M,0,9
2022,3,CZ010,Hl. m. Praha,A08,Střevní infekce viry a jinými určenými mikroorganismy,66000000,0 let,Z,0,14
2022,3,CZ010,Hl. m. Praha,A08,Střevní infekce viry a jinými určenými mikroorganismy,66001004,1–4 roky,M,0,48
2022,3,CZ010,Hl. m. Praha,A08,Střevní infekce viry a jinými určenými mikroorganismy,66001004,1–4 roky,Z,0,47
2022,3,CZ010,Hl. m. Praha,A08,Střevní infekce viry a jinými určenými mikroorganismy,66005009,5–9 let,M,0,22
2022,3,CZ010,Hl. m. Praha,A08,Střevní infekce viry a jinými určenými mikroorganismy,66005009,5–9 let,Z,0,6
2022,3,CZ010,Hl. m. Praha,A08,Střevní infekce viry a jinými určenými mikroorganismy,66010014,10–14 let,M,0,1
2022,3,CZ010,Hl. m. Praha,A08,Střevní infekce viry a jinými určenými mikroorganismy,66010014,10–14 let,Z,0,1
2022,3,CZ010,Hl. m. Praha,A08,Střevní infekce viry a jinými určenými mikroorganismy,66015019,15–19 let,M,0,1
2022,3,CZ010,Hl. m. Praha,A08,Střevní infekce viry a jinými určenými mikroorganismy,66020024,20–24 let,Z,0,5
2022,3,CZ010,Hl. m. Praha,A08,Střevní infekce viry a jinými určenými mikroorganismy,66025029,25–29 let,Z,0,4
2022,3,CZ010,Hl. m. Praha,A08,Střevní infekce viry a jinými určenými mikroorganismy,66030034,30–34 let,M,0,3
2022,3,CZ010,Hl. m. Praha,A08,Střevní infekce viry a jinými určenými mikroorganismy,66030034,30–34 let,Z,0,1
2022,3,CZ010,Hl. m. Praha,A08,Střevní infekce viry a jinými určenými mikroorganismy,66035039,35–39 let,M,0,2
2022,3,CZ010,Hl. m. Praha,A08,Střevní infekce viry a jinými určenými mikroorganismy,66035039,35–39 let,Z,0,5
2022,3,CZ010,Hl. m. Praha,A08,Střevní infekce viry a jinými určenými mikroorganismy,66040044,40–44 let,M,0,2
2022,3,CZ010,Hl. m. Praha,A08,Střevní infekce viry a jinými určenými mikroorganismy,66045049,45–49 let,Z,0,4
2022,3,CZ010,Hl. m. Praha,A08,Střevní infekce viry a jinými určenými mikroorganismy,66050054,50–54 let,Z,0,1
2022,3,CZ010,Hl. m. Praha,A08,Střevní infekce viry a jinými určenými mikroorganismy,66055059,55–59 let,M,0,1
2022,3,CZ010,Hl. m. Praha,A08,Střevní infekce viry a jinými určenými mikroorganismy,66055059,55–59 let,Z,0,1
2022,3,CZ010,Hl. m. Praha,A08,Střevní infekce viry a jinými určenými mikroorganismy,66060064,60–64 let,Z,0,2
2022,3,CZ010,Hl. m. Praha,A08,Střevní infekce viry a jinými určenými mikroorganismy,66065069,65–69 let,M,0,1
2022,3,CZ010,Hl. m. Praha,A08,Střevní infekce viry a jinými určenými mikroorganismy,66065069,65–69 let,Z,0,2
2022,3,CZ010,Hl. m. Praha,A08,Střevní infekce viry a jinými určenými mikroorganismy,66070074,70–74 let,M,0,2
2022,3,CZ010,Hl. m. Praha,A08,Střevní infekce viry a jinými určenými mikroorganismy,66070074,70–74 let,Z,0,3
2022,3,CZ010,Hl. m. Praha,A08,Střevní infekce viry a jinými určenými mikroorganismy,66075999,75+ let,M,0,2
2022,3,CZ010,Hl. m. Praha,A08,Střevní infekce viry a jinými určenými mikroorganismy,66075999,75+ let,Z,0,15
2022,3,CZ010,Hl. m. Praha,A09,Jiná gastroenteritida a kolitida infekčního a NS původu,66000000,0 let,M,0,2
2022,3,CZ010,Hl. m. Praha,A09,Jiná gastroenteritida a kolitida infekčního a NS původu,66001004,1–4 roky,M,0,6
2022,3,CZ010,Hl. m. Praha,A09,Jiná gastroenteritida a kolitida infekčního a NS původu,66001004,1–4 roky,Z,0,6
2022,3,CZ010,Hl. m. Praha,A09,Jiná gastroenteritida a kolitida infekčního a NS původu,66005009,5–9 let,M,0,2
2022,3,CZ010,Hl. m. Praha,A09,Jiná gastroenteritida a kolitida infekčního a NS původu,66005009,5–9 let,Z,0,2
2022,3,CZ010,Hl. m. Praha,A09,Jiná gastroenteritida a kolitida infekčního a NS původu,66010014,10–14 let,M,0,2
2022,3,CZ010,Hl. m. Praha,A09,Jiná gastroenteritida a kolitida infekčního a NS původu,66015019,15–19 let,Z,0,2
2022,3,CZ010,Hl. m. Praha,A09,Jiná gastroenteritida a kolitida infekčního a NS původu,66030034,30–34 let,M,0,2
2022,3,CZ010,Hl. m. Praha,A09,Jiná gastroenteritida a kolitida infekčního a NS původu,66030034,30–34 let,Z,0,6
2022,3,CZ010,Hl. m. Praha,A09,Jiná gastroenteritida a kolitida infekčního a NS původu,66040044,40–44 let,M,0,2
2022,3,CZ010,Hl. m. Praha,A09,Jiná gastroenteritida a kolitida infekčního a NS původu,66040044,40–44 let,Z,0,4
2022,3,CZ010,Hl. m. Praha,A09,Jiná gastroenteritida a kolitida infekčního a NS původu,66050054,50–54 let,Z,0,4
2022,3,CZ010,Hl. m. Praha,A09,Jiná gastroenteritida a kolitida infekčního a NS původu,66055059,55–59 let,M,0,4
2022,3,CZ010,Hl. m. Praha,A09,Jiná gastroenteritida a kolitida infekčního a NS původu,66060064,60–64 let,Z,0,2
2022,3,CZ010,Hl. m. Praha,A09,Jiná gastroenteritida a kolitida infekčního a NS původu,66065069,65–69 let,M,0,4
2022,3,CZ010,Hl. m. Praha,A09,Jiná gastroenteritida a kolitida infekčního a NS původu,66070074,70–74 let,M,0,8
2022,3,CZ010,Hl. m. Praha,A09,Jiná gastroenteritida a kolitida infekčního a NS původu,66070074,70–74 let,Z,0,2
2022,3,CZ010,Hl. m. Praha,A09,Jiná gastroenteritida a kolitida infekčního a NS původu,66075999,75+ let,M,0,2
2022,3,CZ010,Hl. m. Praha,A09,Jiná gastroenteritida a kolitida infekčního a NS původu,66075999,75+ let,Z,0,4
2022,3,CZ010,Hl. m. Praha,A21,Tularemie,66075999,75+ let,Z,0,1
2022,3,CZ010,Hl. m. Praha,A27,Leptospiróza,66020024,20–24 let,Z,0,1
2022,3,CZ010,Hl. m. Praha,A37,Dávivý kašel [pertussis],66000000,0 let,M,0,2
2022,3,CZ010,Hl. m. Praha,A37,Dávivý kašel [pertussis],66000000,0 let,Z,0,1
2022,3,CZ010,Hl. m. Praha,A37,Dávivý kašel [pertussis],66001004,1–4 roky,M,0,1
2022,3,CZ010,Hl. m. Praha,A37,Dávivý kašel [pertussis],66030034,30–34 let,Z,0,1
2022,3,CZ010,Hl. m. Praha,A38,Spála [scarlatina],66001004,1–4 roky,M,0,2
2022,3,CZ010,Hl. m. Praha,A38,Spála [scarlatina],66005009,5–9 let,M,0,1
2022,3,CZ010,Hl. m. Praha,A40,Streptokoková sepse,66065069,65–69 let,Z,0,1
2022,3,CZ010,Hl. m. Praha,A41,Jiná sepse,66065069,65–69 let,M,0,1
2022,3,CZ010,Hl. m. Praha,A41,Jiná sepse,66065069,65–69 let,Z,0,1
2022,3,CZ010,Hl. m. Praha,A41,Jiná sepse,66070074,70–74 let,M,0,1
2022,3,CZ010,Hl. m. Praha,A41,Jiná sepse,66075999,75+ let,M,0,2
2022,3,CZ010,Hl. m. Praha,A41,Jiná sepse,66075999,75+ let,Z,0,1
2022,3,CZ010,Hl. m. Praha,A46,Růže – erysipel,66020024,20–24 let,M,0,1
2022,3,CZ010,Hl. m. Praha,A46,Růže – erysipel,66035039,35–39 let,M,0,2
2022,3,CZ010,Hl. m. Praha,A46,Růže – erysipel,66050054,50–54 let,M,0,3
2022,3,CZ010,Hl. m. Praha,A46,Růže – erysipel,66055059,55–59 let,M,0,2
2022,3,CZ010,Hl. m. Praha,A46,Růže – erysipel,66060064,60–64 let,M,0,1
2022,3,CZ010,Hl. m. Praha,A46,Růže – erysipel,66060064,60–64 let,Z,0,1
2022,3,CZ010,Hl. m. Praha,A46,Růže – erysipel,66070074,70–74 let,M,0,1
2022,3,CZ010,Hl. m. Praha,A46,Růže – erysipel,66070074,70–74 let,Z,0,1
2022,3,CZ010,Hl. m. Praha,A46,Růže – erysipel,66075999,75+ let,M,0,1
2022,3,CZ010,Hl. m. Praha,A46,Růže – erysipel,66075999,75+ let,Z,0,1
2022,3,CZ010,Hl. m. Praha,A48,Jiné bakteriální nemoci nezařazené jinde,66050054,50–54 let,M,0,1
2022,3,CZ010,Hl. m. Praha,A48,Jiné bakteriální nemoci nezařazené jinde,66055059,55–59 let,M,0,2
2022,3,CZ010,Hl. m. Praha,A56,Jiná chlamydiová onemocnění přenášená pohlavním stykem,66020024,20–24 let,M,0,3
2022,3,CZ010,Hl. m. Praha,A56,Jiná chlamydiová onemocnění přenášená pohlavním stykem,66020024,20–24 let,Z,0,1
2022,3,CZ010,Hl. m. Praha,A56,Jiná chlamydiová onemocnění přenášená pohlavním stykem,66025029,25–29 let,M,0,9
2022,3,CZ010,Hl. m. Praha,A56,Jiná chlamydiová onemocnění přenášená pohlavním stykem,66025029,25–29 let,Z,0,3
2022,3,CZ010,Hl. m. Praha,A56,Jiná chlamydiová onemocnění přenášená pohlavním stykem,66030034,30–34 let,M,0,8
2022,3,CZ010,Hl. m. Praha,A56,Jiná chlamydiová onemocnění přenášená pohlavním stykem,66030034,30–34 let,Z,0,3
2022,3,CZ010,Hl. m. Praha,A56,Jiná chlamydiová onemocnění přenášená pohlavním stykem,66035039,35–39 let,M,0,8
2022,3,CZ010,Hl. m. Praha,A56,Jiná chlamydiová onemocnění přenášená pohlavním stykem,66035039,35–39 let,Z,0,1
2022,3,CZ010,Hl. m. Praha,A56,Jiná chlamydiová onemocnění přenášená pohlavním stykem,66040044,40–44 let,M,0,2
2022,3,CZ010,Hl. m. Praha,A63,"Jiné, převážně pohlavním stykem přenášené nemoci nezařazené jinde",66030034,30–34 let,M,0,2
2022,3,CZ010,Hl. m. Praha,A63,"Jiné, převážně pohlavním stykem přenášené nemoci nezařazené jinde",66030034,30–34 let,Z,0,1
2022,3,CZ010,Hl. m. Praha,A69,Jiné spirochetové infekce,66020024,20–24 let,M,0,1
2022,3,CZ010,Hl. m. Praha,A69,Jiné spirochetové infekce,66040044,40–44 let,M,0,1
2022,3,CZ010,Hl. m. Praha,A69,Jiné spirochetové infekce,66055059,55–59 let,Z,0,1
2022,3,CZ010,Hl. m. Praha,A69,Jiné spirochetové infekce,66075999,75+ let,M,0,1
2023,8,CZ031,Jihočeský kraj,A02,Jiné infekce způsobené salmonelami,66065069,65–69 let,M,0,1
2023,8,CZ031,Jihočeský kraj,A02,Jiné infekce způsobené salmonelami,66070074,70–74 let,M,0,1
2023,8,CZ031,Jihočeský kraj,A02,Jiné infekce způsobené salmonelami,66070074,70–74 let,Z,0,2
2023,8,CZ031,Jihočeský kraj,A02,Jiné infekce způsobené salmonelami,66075999,75+ let,M,0,1
2023,8,CZ031,Jihočeský kraj,A02,Jiné infekce způsobené salmonelami,66075999,75+ let,Z,0,3
2023,8,CZ031,Jihočeský kraj,A03,Shigelóza,66015019,15–19 let,M,0,1
2023,8,CZ031,Jihočeský kraj,A03,Shigelóza,66020024,20–24 let,Z,0,1
2023,8,CZ031,Jihočeský kraj,A04,Jiné bakteriální střevní infekce,66000000,0 let,M,0,7
2023,8,CZ031,Jihočeský kraj,A04,Jiné bakteriální střevní infekce,66000000,0 let,Z,0,8
2023,8,CZ031,Jihočeský kraj,A04,Jiné bakteriální střevní infekce,66001004,1–4 roky,M,0,23
2023,8,CZ031,Jihočeský kraj,A04,Jiné bakteriální střevní infekce,66001004,1–4 roky,Z,0,14
2023,8,CZ031,Jihočeský kraj,A04,Jiné bakteriální střevní infekce,66005009,5–9 let,M,0,8
2023,8,CZ031,Jihočeský kraj,A04,Jiné bakteriální střevní infekce,66005009,5–9 let,Z,0,5
2023,8,CZ031,Jihočeský kraj,A04,Jiné bakteriální střevní infekce,66010014,10–14 let,M,0,3
2023,8,CZ031,Jihočeský kraj,A04,Jiné bakteriální střevní infekce,66010014,10–14 let,Z,0,6
2023,8,CZ031,Jihočeský kraj,A04,Jiné bakteriální střevní infekce,66015019,15–19 let,M,0,3
2023,8,CZ031,Jihočeský kraj,A04,Jiné bakteriální střevní infekce,66015019,15–19 let,Z,0,9
2023,8,CZ031,Jihočeský kraj,A04,Jiné bakteriální střevní infekce,66020024,20–24 let,M,0,9
2023,8,CZ031,Jihočeský kraj,A04,Jiné bakteriální střevní infekce,66020024,20–24 let,Z,0,3
2023,8,CZ031,Jihočeský kraj,A04,Jiné bakteriální střevní infekce,66025029,25–29 let,M,0,3
2023,8,CZ031,Jihočeský kraj,A04,Jiné bakteriální střevní infekce,66025029,25–29 let,Z,0,4
2023,8,CZ031,Jihočeský kraj,A04,Jiné bakteriální střevní infekce,66030034,30–34 let,M,0,4
2023,8,CZ031,Jihočeský kraj,A04,Jiné bakteriální střevní infekce,66030034,30–34 let,Z,0,4
2023,8,CZ031,Jihočeský kraj,A04,Jiné bakteriální střevní infekce,66035039,35–39 let,M,0,4
2023,8,CZ031,Jihočeský kraj,A04,Jiné bakteriální střevní infekce,66035039,35–39 let,Z,0,4
2023,8,CZ031,Jihočeský kraj,A04,Jiné bakteriální střevní infekce,66040044,40–44 let,M,0,3
2023,8,CZ031,Jihočeský kraj,A04,Jiné bakteriální střevní infekce,66040044,40–44 let,Z,0,5
2023,8,CZ031,Jihočeský kraj,A04,Jiné bakteriální střevní infekce,66045049,45–49 let,M,0,3
2023,8,CZ031,Jihočeský kraj,A04,Jiné bakteriální střevní infekce,66045049,45–49 let,Z,0,3
2023,8,CZ031,Jihočeský kraj,A04,Jiné bakteriální střevní infekce,66050054,50–54 let,M,0,4
2023,8,CZ031,Jihočeský kraj,A04,Jiné bakteriální střevní infekce,66050054,50–54 let,Z,0,4
2023,8,CZ031,Jihočeský kraj,A04,Jiné bakteriální střevní infekce,66055059,55–59 let,M,0,4
2023,8,CZ031,Jihočeský kraj,A04,Jiné bakteriální střevní infekce,66055059,55–59 let,Z,0,2
2023,8,CZ031,Jihočeský kraj,A04,Jiné bakteriální střevní infekce,66060064,60–64 let,M,0,2
2023,8,CZ031,Jihočeský kraj,A04,Jiné bakteriální střevní infekce,66060064,60–64 let,Z,0,5
2023,8,CZ031,Jihočeský kraj,A04,Jiné bakteriální střevní infekce,66065069,65–69 let,M,0,4
2023,8,CZ031,Jihočeský kraj,A04,Jiné bakteriální střevní infekce,66065069,65–69 let,Z,0,4
2023,8,CZ031,Jihočeský kraj,A04,Jiné bakteriální střevní infekce,66070074,70–74 let,M,0,3
2023,8,CZ031,Jihočeský kraj,A04,Jiné bakteriální střevní infekce,66070074,70–74 let,Z,0,7
2023,8,CZ031,Jihočeský kraj,A04,Jiné bakteriální střevní infekce,66075999,75+ let,M,0,14
2023,8,CZ031,Jihočeský kraj,A04,Jiné bakteriální střevní infekce,66075999,75+ let,Z,0,8
2023,8,CZ031,Jihočeský kraj,A07,Jiné protozoární střevní nemoci,66025029,25–29 let,Z,0,1
2023,8,CZ031,Jihočeský kraj,A08,Střevní infekce viry a jinými určenými mikroorganismy,66000000,0 let,M,0,3
2023,8,CZ031,Jihočeský kraj,A08,Střevní infekce viry a jinými určenými mikroorganismy,66000000,0 let,Z,0,5
2023,8,CZ031,Jihočeský kraj,A08,Střevní infekce viry a jinými určenými mikroorganismy,66001004,1–4 roky,M,0,15
2023,8,CZ031,Jihočeský kraj,A08,Střevní infekce viry a jinými určenými mikroorganismy,66001004,1–4 roky,Z,0,9
2023,8,CZ031,Jihočeský kraj,A08,Střevní infekce viry a jinými určenými mikroorganismy,66005009,5–9 let,M,0,4
2023,8,CZ031,Jihočeský kraj,A08,Střevní infekce viry a jinými určenými mikroorganismy,66005009,5–9 let,Z,0,7
2023,8,CZ031,Jihočeský kraj,A08,Střevní infekce viry a jinými určenými mikroorganismy,66010014,10–14 let,M,0,1
2023,8,CZ031,Jihočeský kraj,A08,Střevní infekce viry a jinými určenými mikroorganismy,66010014,10–14 let,Z,0,1
2023,8,CZ031,Jihočeský kraj,A08,Střevní infekce viry a jinými určenými mikroorganismy,66015019,15–19 let,Z,0,1
2023,8,CZ031,Jihočeský kraj,A08,Střevní infekce viry a jinými určenými mikroorganismy,66030034,30–34 let,M,0,1
2023,8,CZ031,Jihočeský kraj,A08,Střevní infekce viry a jinými určenými mikroorganismy,66030034,30–34 let,Z,0,1
2023,8,CZ031,Jihočeský kraj,A08,Střevní infekce viry a jinými určenými mikroorganismy,66045049,45–49 let,M,0,1
2023,8,CZ031,Jihočeský kraj,A08,Střevní infekce viry a jinými určenými mikroorganismy,66050054,50–54 let,M,0,1
2023,8,CZ031,Jihočeský kraj,A08,Střevní infekce viry a jinými určenými mikroorganismy,66055059,55–59 let,Z,0,1
2023,8,CZ031,Jihočeský kraj,A08,Střevní infekce viry a jinými určenými mikroorganismy,66070074,70–74 let,Z,0,1
2023,8,CZ031,Jihočeský kraj,A08,Střevní infekce viry a jinými určenými mikroorganismy,66075999,75+ let,M,0,3
2023,8,CZ031,Jihočeský kraj,A08,Střevní infekce viry a jinými určenými mikroorganismy,66075999,75+ let,Z,0,3
2023,8,CZ031,Jihočeský kraj,A21,Tularemie,66065069,65–69 let,M,0,1
2023,8,CZ031,Jihočeský kraj,A27,Leptospiróza,66050054,50–54 let,M,0,1
2023,8,CZ031,Jihočeský kraj,A38,Spála [scarlatina],66001004,1–4 roky,Z,0,1
2023,8,CZ031,Jihočeský kraj,A38,Spála [scarlatina],66005009,5–9 let,M,0,4
2023,8,CZ031,Jihočeský kraj,A38,Spála [scarlatina],66005009,5–9 let,Z,0,3
2023,8,CZ031,Jihočeský kraj,A38,Spála [scarlatina],66010014,10–14 let,Z,0,1
2023,8,CZ031,Jihočeský kraj,A40,Streptokoková sepse,66000000,0 let,M,0,1
2023,8,CZ031,Jihočeský kraj,A40,Streptokoková sepse,66025029,25–29 let,M,0,1
2023,8,CZ031,Jihočeský kraj,A40,Streptokoková sepse,66065069,65–69 let,M,0,1
2023,8,CZ031,Jihočeský kraj,A40,Streptokoková sepse,66075999,75+ let,Z,0,1
2023,8,CZ031,Jihočeský kraj,A41,Jiná sepse,66045049,45–49 let,M,0,1
2023,8,CZ031,Jihočeský kraj,A41,Jiná sepse,66045049,45–49 let,Z,0,1
2023,8,CZ031,Jihočeský kraj,A41,Jiná sepse,66065069,65–69 let,M,0,1
2023,8,CZ031,Jihočeský kraj,A41,Jiná sepse,66070074,70–74 let,M,0,1
2023,8,CZ031,Jihočeský kraj,A41,Jiná sepse,66075999,75+ let,Z,0,2
2023,8,CZ031,Jihočeský kraj,A46,Růže – erysipel,66025029,25–29 let,M,0,2
2023,8,CZ031,Jihočeský kraj,A46,Růže – erysipel,66050054,50–54 let,M,0,1
2023,8,CZ031,Jihočeský kraj,A46,Růže – erysipel,66055059,55–59 let,M,0,2
2023,8,CZ031,Jihočeský kraj,A46,Růže – erysipel,66065069,65–69 let,M,0,1
2023,8,CZ031,Jihočeský kraj,A46,Růže – erysipel,66065069,65–69 let,Z,0,2
2023,8,CZ031,Jihočeský kraj,A46,Růže – erysipel,66070074,70–74 let,M,0,1
2023,8,CZ031,Jihočeský kraj,A46,Růže – erysipel,66075999,75+ let,Z,0,3
2023,8,CZ031,Jihočeský kraj,A48,Jiné bakteriální nemoci nezařazené jinde,66075999,75+ let,M,0,1
2023,8,CZ031,Jihočeský kraj,A48,Jiné bakteriální nemoci nezařazené jinde,66075999,75+ let,Z,0,1
2023,8,CZ031,Jihočeský kraj,A56,Jiná chlamydiová onemocnění přenášená pohlavním stykem,66020024,20–24 let,M,0,1
2023,8,CZ031,Jihočeský kraj,A56,Jiná chlamydiová onemocnění přenášená pohlavním stykem,66025029,25–29 let,M,0,1
2023,8,CZ031,Jihočeský kraj,A56,Jiná chlamydiová onemocnění přenášená pohlavním stykem,66025029,25–29 let,Z,0,1
2023,8,CZ031,Jihočeský kraj,A56,Jiná chlamydiová onemocnění přenášená pohlavním stykem,66035039,35–39 let,M,0,2
2023,8,CZ031,Jihočeský kraj,A56,Jiná chlamydiová onemocnění přenášená pohlavním stykem,66035039,35–39 let,Z,0,1
2023,8,CZ031,Jihočeský kraj,A56,Jiná chlamydiová onemocnění přenášená pohlavním stykem,66050054,50–54 let,M,0,1
2023,8,CZ031,Jihočeský kraj,A56,Jiná chlamydiová onemocnění přenášená pohlavním stykem,66055059,55–59 let,Z,0,1
2023,8,CZ031,Jihočeský kraj,A63,"Jiné, převážně pohlavním stykem přenášené nemoci nezařazené jinde",66020024,20–24 let,Z,0,1
2023,8,CZ031,Jihočeský kraj,A63,"Jiné, převážně pohlavním stykem přenášené nemoci nezařazené jinde",66040044,40–44 let,Z,0,1
2023,8,CZ031,Jihočeský kraj,A69,Jiné spirochetové infekce,66010014,10–14 let,Z,0,1
2023,8,CZ031,Jihočeský kraj,A69,Jiné spirochetové infekce,66015019,15–19 let,M,0,1
2023,8,CZ031,Jihočeský kraj,A69,Jiné spirochetové infekce,66020024,20–24 let,M,0,2
2023,8,CZ031,Jihočeský kraj,A69,Jiné spirochetové infekce,66025029,25–29 let,M,0,1
2023,8,CZ031,Jihočeský kraj,A69,Jiné spirochetové infekce,66025029,25–29 let,Z,0,3
2023,8,CZ031,Jihočeský kraj,A69,Jiné spirochetové infekce,66030034,30–34 let,M,0,1
2023,8,CZ031,Jihočeský kraj,A69,Jiné spirochetové infekce,66030034,30–34 let,Z,0,1
2023,8,CZ031,Jihočeský kraj,A69,Jiné spirochetové infekce,66035039,35–39 let,M,0,2
2023,8,CZ031,Jihočeský kraj,A69,Jiné spirochetové infekce,66035039,35–39 let,Z,0,2
2023,8,CZ031,Jihočeský kraj,A69,Jiné spirochetové infekce,66040044,40–44 let,M,0,1
2023,8,CZ031,Jihočeský kraj,A69,Jiné spirochetové infekce,66040044,40–44 let,Z,0,3
2023,8,CZ031,Jihočeský kraj,A69,Jiné spirochetové infekce,66045049,45–49 let,M,0,4
2023,8,CZ031,Jihočeský kraj,A69,Jiné spirochetové infekce,66045049,45–49 let,Z,0,4
2023,8,CZ031,Jihočeský kraj,A69,Jiné spirochetové infekce,66050054,50–54 let,M,0,2
2023,8,CZ031,Jihočeský kraj,A69,Jiné spirochetové infekce,66050054,50–54 let,Z,0,5
2023,8,CZ031,Jihočeský kraj,A69,Jiné spirochetové infekce,66055059,55–59 let,M,0,3
2023,8,CZ031,Jihočeský kraj,A69,Jiné spirochetové infekce,66055059,55–59 let,Z,0,6
2023,8,CZ031,Jihočeský kraj,A69,Jiné spirochetové infekce,66060064,60–64 let,M,0,2
2023,8,CZ031,Jihočeský kraj,A69,Jiné spirochetové infekce,66060064,60–64 let,Z,0,2
2023,8,CZ031,Jihočeský kraj,A69,Jiné spirochetové infekce,66065069,65–69 let,M,0,9
2023,8,CZ031,Jihočeský kraj,A69,Jiné spirochetové infekce,66065069,65–69 let,Z,0,8
2023,8,CZ031,Jihočeský kraj,A69,Jiné spirochetové infekce,66070074,70–74 let,M,0,2
2023,8,CZ031,Jihočeský kraj,A69,Jiné spirochetové infekce,66070074,70–74 let,Z,0,3
2023,8,CZ031,Jihočeský kraj,A69,Jiné spirochetové infekce,66075999,75+ let,M,0,3
2023,8,CZ031,Jihočeský kraj,A69,Jiné spirochetové infekce,66075999,75+ let,Z,0,4
2023,8,CZ031,Jihočeský kraj,A84,Virová encefalitida přenášená klíšťaty,66005009,5–9 let,M,0,1
2023,8,CZ031,Jihočeský kraj,A84,Virová encefalitida přenášená klíšťaty,66015019,15–19 let,M,0,1
2023,8,CZ031,Jihočeský kraj,A84,Virová encefalitida přenášená klíšťaty,66025029,25–29 let,Z,0,1
2023,8,CZ031,Jihočeský kraj,A84,Virová encefalitida přenášená klíšťaty,66030034,30–34 let,M,0,1
2023,8,CZ031,Jihočeský kraj,A84,Virová encefalitida přenášená klíšťaty,66040044,40–44 let,M,0,1
2023,8,CZ031,Jihočeský kraj,A84,Virová encefalitida přenášená klíšťaty,66045049,45–49 let,M,0,1
2023,8,CZ031,Jihočeský kraj,A84,Virová encefalitida přenášená klíšťaty,66050054,50–54 let,Z,0,4
2023,8,CZ031,Jihočeský kraj,A84,Virová encefalitida přenášená klíšťaty,66065069,65–69 let,M,0,1
2023,8,CZ031,Jihočeský kraj,A84,Virová encefalitida přenášená klíšťaty,66070074,70–74 let,M,0,1
2023,8,CZ031,Jihočeský kraj,A84,Virová encefalitida přenášená klíšťaty,66070074,70–74 let,Z,0,1
2023,8,CZ031,Jihočeský kraj,A87,Virová meningitida,66010014,10–14 let,M,0,1
2023,8,CZ031,Jihočeský kraj,A87,Virová meningitida,66020024,20–24 let,M,0,1
2023,8,CZ031,Jihočeský kraj,A87,Virová meningitida,66020024,20–24 let,Z,0,1
2023,8,CZ031,Jihočeský kraj,A87,Virová meningitida,66065069,65–69 let,M,0,1
2023,8,CZ031,Jihočeský kraj,A97,Dengue,66025029,25–29 let,M,0,1
2023,8,CZ031,Jihočeský kraj,B00,Infekce virem Herpes simplex,66001004,1–4 roky,Z,0,1
2023,8,CZ031,Jihočeský kraj,B01,Plané neštovice [varicella],66000000,0 let,M,0,1
2023,8,CZ031,Jihočeský kraj,B01,Plané neštovice [varicella],66000000,0 let,Z,0,2
2023,8,CZ031,Jihočeský kraj,B01,Plané neštovice [varicella],66001004,1–4 roky,M,0,17
2023,8,CZ031,Jihočeský kraj,B01,Plané neštovice [varicella],66001004,1–4 roky,Z,0,14
2023,8,CZ031,Jihočeský kraj,B01,Plané neštovice [varicella],66005009,5–9 let,M,0,18
2023,8,CZ031,Jihočeský kraj,B01,Plané neštovice [varicella],66005009,5–9 let,Z,0,10
2023,8,CZ031,Jihočeský kraj,B01,Plané neštovice [varicella],66010014,10–14 let,M,0,1
2023,8,CZ031,Jihočeský kraj,B01,Plané neštovice [varicella],66010014,10–14 let,Z,0,1
2023,8,CZ031,Jihočeský kraj,B01,Plané neštovice [varicella],66015019,15–19 let,M,0,1
2023,8,CZ031,Jihočeský kraj,B01,Plané neštovice [varicella],66015019,15–19 let,Z,0,1
2023,8,CZ031,Jihočeský kraj,B01,Plané neštovice [varicella],66020024,20–24 let,Z,0,1
2023,8,CZ031,Jihočeský kraj,B02,Pásový opar [herpes zoster],66015019,15–19 let,Z,0,1
2023,8,CZ031,Jihočeský kraj,B02,Pásový opar [herpes zoster],66025029,25–29 let,Z,0,1
2023,8,CZ031,Jihočeský kraj,B02,Pásový opar [herpes zoster],66035039,35–39 let,M,0,1
2023,8,CZ031,Jihočeský kraj,B02,Pásový opar [herpes zoster],66035039,35–39 let,Z,0,1
2023,8,CZ031,Jihočeský kraj,B02,Pásový opar [herpes zoster],66040044,40–44 let,M,0,1
2023,8,CZ031,Jihočeský kraj,B02,Pásový opar [herpes zoster],66040044,40–44 let,Z,0,1
2023,8,CZ031,Jihočeský kraj,B02,Pásový opar [herpes zoster],66045049,45–49 let,M,0,2
2023,8,CZ031,Jihočeský kraj,B02,Pásový opar [herpes zoster],66045049,45–49 let,Z,0,3
2023,8,CZ031,Jihočeský kraj,B02,Pásový opar [herpes zoster],66050054,50–54 let,Z,0,1
2023,8,CZ031,Jihočeský kraj,B02,Pásový opar [herpes zoster],66055059,55–59 let,Z,0,1
2023,8,CZ031,Jihočeský kraj,B02,Pásový opar [herpes zoster],66065069,65–69 let,M,0,2
2023,8,CZ031,Jihočeský kraj,B02,Pásový opar [herpes zoster],66065069,65–69 let,Z,0,1
2023,8,CZ031,Jihočeský kraj,B02,Pásový opar [herpes zoster],66070074,70–74 let,M,0,1
2023,8,CZ031,Jihočeský kraj,B02,Pásový opar [herpes zoster],66070074,70–74 let,Z,0,2
2023,8,CZ031,Jihočeský kraj,B02,Pásový opar [herpes zoster],66075999,75+ let,M,0,2
2023,8,CZ031,Jihočeský kraj,B02,Pásový opar [herpes zoster],66075999,75+ let,Z,0,4
2023,8,CZ031,Jihočeský kraj,B08,Jiné virové infekce charakterizované postižením kůže a sliznic NJ,66000000,0 let,M,0,2
2023,8,CZ031,Jihočeský kraj,B08,Jiné virové infekce charakterizované postižením kůže a sliznic NJ,66000000,0 let,Z,0,1
2023,8,CZ031,Jihočeský kraj,B08,Jiné virové infekce charakterizované postižením kůže a sliznic NJ,66001004,1–4 roky,M,0,2
2023,8,CZ031,Jihočeský kraj,B08,Jiné virové infekce charakterizované postižením kůže a sliznic NJ,66001004,1–4 roky,Z,0,4
2023,8,CZ031,Jihočeský kraj,B08,Jiné virové infekce charakterizované postižením kůže a sliznic NJ,66005009,5–9 let,M,0,1
2023,8,CZ031,Jihočeský kraj,B08,Jiné virové infekce charakterizované postižením kůže a sliznic NJ,66005009,5–9 let,Z,0,1
2023,8,CZ031,Jihočeský kraj,B08,Jiné virové infekce charakterizované postižením kůže a sliznic NJ,66010014,10–14 let,M,0,1
2023,8,CZ031,Jihočeský kraj,B08,Jiné virové infekce charakterizované postižením kůže a sliznic NJ,66015019,15–19 let,M,0,1
2023,8,CZ031,Jihočeský kraj,B15,Akutní hepatitida A,66010014,10–14 let,Z,0,1
2023,8,CZ031,Jihočeský kraj,B17,Jiná akutní virová hepatitida,66030034,30–34 let,Z,0,2
2023,8,CZ031,Jihočeský kraj,B17,Jiná akutní virová hepatitida,66045049,45–49 let,Z,0,1
2023,8,CZ031,Jihočeský kraj,B17,Jiná akutní virová hepatitida,66050054,50–54 let,M,0,1
2023,8,CZ031,Jihočeský kraj,B17,Jiná akutní virová hepatitida,66065069,65–69 let,M,0,1
2023,8,CZ031,Jihočeský kraj,B17,Jiná akutní virová hepatitida,66070074,70–74 let,Z,0,1
2023,8,CZ031,Jihočeský kraj,B17,Jiná akutní virová hepatitida,66075999,75+ let,M,0,2
2023,8,CZ031,Jihočeský kraj,B18,Chronická virová hepatitida,66020024,20–24 let,M,0,1
2023,8,CZ031,Jihočeský kraj,B18,Chronická virová hepatitida,66020024,20–24 let,Z,0,1
2023,8,CZ031,Jihočeský kraj,B18,Chronická virová hepatitida,66025029,25–29 let,M,0,2
2023,8,CZ031,Jihočeský kraj,B18,Chronická virová hepatitida,66030034,30–34 let,M,0,1
2023,8,CZ031,Jihočeský kraj,B18,Chronická virová hepatitida,66030034,30–34 let,Z,0,1
2023,8,CZ031,Jihočeský kraj,B18,Chronická virová hepatitida,66035039,35–39 let,M,0,2
2023,8,CZ031,Jihočeský kraj,B18,Chronická virová hepatitida,66040044,40–44 let,Z,0,2
2023,8,CZ031,Jihočeský kraj,B18,Chronická virová hepatitida,66045049,45–49 let,M,0,1
2023,8,CZ031,Jihočeský kraj,B18,Chronická virová hepatitida,66070074,70–74 let,Z,0,1
2023,8,CZ031,Jihočeský kraj,B27,Infekční mononukleóza,66001004,1–4 roky,M,0,2
2023,8,CZ031,Jihočeský kraj,B27,Infekční mononukleóza,66005009,5–9 let,M,0,1
2023,8,CZ031,Jihočeský kraj,B27,Infekční mononukleóza,66005009,5–9 let,Z,0,1
2023,8,CZ031,Jihočeský kraj,B27,Infekční mononukleóza,66010014,10–14 let,M,0,1
2023,8,CZ031,Jihočeský kraj,B27,Infekční mononukleóza,66010014,10–14 let,Z,0,3
2023,8,CZ031,Jihočeský kraj,B27,Infekční mononukleóza,66015019,15–19 let,M,0,1
2023,8,CZ031,Jihočeský kraj,B27,Infekční mononukleóza,66015019,15–19 let,Z,0,1
2023,8,CZ031,Jihočeský kraj,B27,Infekční mononukleóza,66020024,20–24 let,Z,0,1
2023,8,CZ031,Jihočeský kraj,B27,Infekční mononukleóza,66025029,25–29 let,Z,0,1
2023,8,CZ031,Jihočeský kraj,B27,Infekční mononukleóza,66035039,35–39 let,M,0,1
2023,8,CZ031,Jihočeský kraj,B27,Infekční mononukleóza,66050054,50–54 let,M,0,2
2023,8,CZ031,Jihočeský kraj,B35,Dermatofytóza,66010014,10–14 let,Z,0,1
2023,8,CZ031,Jihočeský kraj,B35,Dermatofytóza,66020024,20–24 let,Z,0,1
2023,8,CZ031,Jihočeský kraj,B35,Dermatofytóza,66030034,30–34 let,M,0,1
2023,8,CZ031,Jihočeský kraj,B35,Dermatofytóza,66030034,30–34 let,Z,0,2
2023,8,CZ031,Jihočeský kraj,B35,Dermatofytóza,66045049,45–49 let,M,0,1
2023,8,CZ031,Jihočeský kraj,B35,Dermatofytóza,66045049,45–49 let,Z,0,1
2023,8,CZ031,Jihočeský kraj,B35,Dermatofytóza,66050054,50–54 let,M,0,1
2023,8,CZ031,Jihočeský kraj,B35,Dermatofytóza,66055059,55–59 let,Z,0,3
2023,8,CZ031,Jihočeský kraj,B35,Dermatofytóza,66060064,60–64 let,M,0,1
2023,8,CZ031,Jihočeský kraj,B35,Dermatofytóza,66065069,65–69 let,M,0,1
2023,8,CZ031,Jihočeský kraj,B35,Dermatofytóza,66070074,70–74 let,M,0,1
2023,8,CZ031,Jihočeský kraj,B35,Dermatofytóza,66070074,70–74 let,Z,0,1
2023,8,CZ031,Jihočeský kraj,B35,Dermatofytóza,66075999,75+ let,M,0,2
2023,8,CZ031,Jihočeský kraj,B35,Dermatofytóza,66075999,75+ let,Z,0,1
2023,8,CZ031,Jihočeský kraj,B58,Toxoplazmóza [toxoplasmosis],66015019,15–19 let,M,0,1
2023,8,CZ031,Jihočeský kraj,B58,Toxoplazmóza [toxoplasmosis],66030034,30–34 let,M,0,1
2023,8,CZ031,Jihočeský kraj,B67,Echinokokóza,66025029,25–29 let,Z,0,1
2023,8,CZ031,Jihočeský kraj,B80,Enterobióza [enterobiasis],66001004,1–4 roky,Z,0,2
2023,8,CZ031,Jihočeský kraj,B80,Enterobióza [enterobiasis],66005009,5–9 let,M,0,2
2023,8,CZ031,Jihočeský kraj,B80,Enterobióza [enterobiasis],66005009,5–9 let,Z,0,3
2023,8,CZ031,Jihočeský kraj,B80,Enterobióza [enterobiasis],66015019,15–19 let,Z,0,1
2023,8,CZ031,Jihočeský kraj,B86,Svrab [scabies],66000000,0 let,Z,0,1
2023,8,CZ031,Jihočeský kraj,B86,Svrab [scabies],66005009,5–9 let,M,0,1
2023,8,CZ031,Jihočeský kraj,B86,Svrab [scabies],66010014,10–14 let,M,0,2
2023,8,CZ031,Jihočeský kraj,B86,Svrab [scabies],66010014,10–14 let,Z,0,1
2023,8,CZ031,Jihočeský kraj,B86,Svrab [scabies],66015019,15–19 let,Z,0,1
2023,8,CZ031,Jihočeský kraj,B86,Svrab [scabies],66020024,20–24 let,M,0,1
2023,8,CZ031,Jihočeský kraj,B86,Svrab [scabies],66025029,25–29 let,M,0,1
2023,8,CZ031,Jihočeský kraj,B86,Svrab [scabies],66025029,25–29 let,Z,0,1
2023,8,CZ031,Jihočeský kraj,B86,Svrab [scabies],66035039,35–39 let,Z,0,1
2023,8,CZ031,Jihočeský kraj,B86,Svrab [scabies],66065069,65–69 let,Z,0,1
2023,8,CZ031,Jihočeský kraj,B86,Svrab [scabies],66075999,75+ let,M,0,1
2023,8,CZ031,Jihočeský kraj,B95,Streptokok a stafylokok jako příčina nemoci zařazené do jiných kapitol,66005009,5–9 let,M,0,1
2023,8,CZ031,Jihočeský kraj,J15,Bakteriální zánět plic (pneumonie) nezařazený jinde,66050054,50–54 let,M,0,1
2023,8,CZ031,Jihočeský kraj,W54,Kousnutí nebo úder psem,66001004,1–4 roky,M,0,1
2023,8,CZ031,Jihočeský kraj,W54,Kousnutí nebo úder psem,66005009,5–9 let,M,0,1
2023,8,CZ031,Jihočeský kraj,W54,Kousnutí nebo úder psem,66005009,5–9 let,Z,0,1
2023,8,CZ031,Jihočeský kraj,W54,Kousnutí nebo úder psem,66010014,10–14 let,M,0,3
2023,8,CZ031,Jihočeský kraj,W54,Kousnutí nebo úder psem,66025029,25–29 let,M,0,1
2023,8,CZ031,Jihočeský kraj,W54,Kousnutí nebo úder psem,66045049,45–49 let,Z,0,1
2023,8,CZ031,Jihočeský kraj,W54,Kousnutí nebo úder psem,66055059,55–59 let,M,0,1
2023,8,CZ031,Jihočeský kraj,W54,Kousnutí nebo úder psem,66060064,60–64 let,M,0,1
2023,8,CZ031,Jihočeský kraj,W54,Kousnutí nebo úder psem,66065069,65–69 let,Z,0,2
2023,8,CZ031,Jihočeský kraj,W54,Kousnutí nebo úder psem,66075999,75+ let,M,0,1
2023,8,CZ031,Jihočeský kraj,W55,Kousnutí nebo úder jinými savci,66010014,10–14 let,Z,0,1
2023,8,CZ031,Jihočeský kraj,W55,Kousnutí nebo úder jinými savci,66030034,30–34 let,M,0,1
2023,8,CZ031,Jihočeský kraj,W55,Kousnutí nebo úder jinými savci,66040044,40–44 let,Z,0,1
2023,8,CZ031,Jihočeský kraj,W55,Kousnutí nebo úder jinými savci,66045049,45–49 let,M,0,1
2023,8,CZ031,Jihočeský kraj,W55,Kousnutí nebo úder jinými savci,66050054,50–54 let,Z,0,1
2023,9,CZ031,Jihočeský kraj,A02,Jiné infekce způsobené salmonelami,66000000,0 let,Z,0,1
2023,9,CZ031,Jihočeský kraj,A02,Jiné infekce způsobené salmonelami,66001004,1–4 roky,M,0,9
2023,9,CZ031,Jihočeský kraj,A02,Jiné infekce způsobené salmonelami,66001004,1–4 roky,Z,0,10
2023,9,CZ031,Jihočeský kraj,A02,Jiné infekce způsobené salmonelami,66005009,5–9 let,M,0,6
2023,9,CZ031,Jihočeský kraj,A02,Jiné infekce způsobené salmonelami,66005009,5–9 let,Z,0,5
2023,9,CZ031,Jihočeský kraj,A02,Jiné infekce způsobené salmonelami,66010014,10–14 let,M,0,4
2023,9,CZ031,Jihočeský kraj,A02,Jiné infekce způsobené salmonelami,66010014,10–14 let,Z,0,2
2023,9,CZ031,Jihočeský kraj,A02,Jiné infekce způsobené salmonelami,66015019,15–19 let,M,0,2
2023,9,CZ031,Jihočeský kraj,A02,Jiné infekce způsobené salmonelami,66015019,15–19 let,Z,0,2
2023,9,CZ031,Jihočeský kraj,A02,Jiné infekce způsobené salmonelami,66020024,20–24 let,M,0,2
2023,9,CZ031,Jihočeský kraj,A02,Jiné infekce způsobené salmonelami,66020024,20–24 let,Z,0,4
2023,9,CZ031,Jihočeský kraj,A02,Jiné infekce způsobené salmonelami,66025029,25–29 let,M,0,3
2023,9,CZ031,Jihočeský kraj,A02,Jiné infekce způsobené salmonelami,66030034,30–34 let,M,0,1
2023,9,CZ031,Jihočeský kraj,A02,Jiné infekce způsobené salmonelami,66030034,30–34 let,Z,0,1
2023,9,CZ031,Jihočeský kraj,A02,Jiné infekce způsobené salmonelami,66035039,35–39 let,Z,0,2
2023,9,CZ031,Jihočeský kraj,A02,Jiné infekce způsobené salmonelami,66040044,40–44 let,M,0,1
2023,9,CZ031,Jihočeský kraj,A02,Jiné infekce způsobené salmonelami,66040044,40–44 let,Z,0,1
2023,9,CZ031,Jihočeský kraj,A02,Jiné infekce způsobené salmonelami,66045049,45–49 let,M,0,3
2023,9,CZ031,Jihočeský kraj,A02,Jiné infekce způsobené salmonelami,66045049,45–49 let,Z,0,3
2023,9,CZ031,Jihočeský kraj,A02,Jiné infekce způsobené salmonelami,66050054,50–54 let,Z,0,2
2023,9,CZ031,Jihočeský kraj,A02,Jiné infekce způsobené salmonelami,66055059,55–59 let,M,0,2
2023,9,CZ031,Jihočeský kraj,A02,Jiné infekce způsobené salmonelami,66055059,55–59 let,Z,0,2
2023,9,CZ031,Jihočeský kraj,A02,Jiné infekce způsobené salmonelami,66060064,60–64 let,M,0,1
2023,9,CZ031,Jihočeský kraj,A02,Jiné infekce způsobené salmonelami,66060064,60–64 let,Z,0,3
2023,9,CZ031,Jihočeský kraj,A02,Jiné infekce způsobené salmonelami,66065069,65–69 let,Z,0,1
2023,9,CZ031,Jihočeský kraj,A02,Jiné infekce způsobené salmonelami,66070074,70–74 let,M,0,2
2023,9,CZ031,Jihočeský kraj,A02,Jiné infekce způsobené salmonelami,66070074,70–74 let,Z,0,2
2023,9,CZ031,Jihočeský kraj,A02,Jiné infekce způsobené salmonelami,66075999,75+ let,M,0,1
2023,9,CZ031,Jihočeský kraj,A02,Jiné infekce způsobené salmonelami,66075999,75+ let,Z,0,4
2023,9,CZ031,Jihočeský kraj,A03,Shigelóza,66001004,1–4 roky,M,0,1
2023,9,CZ031,Jihočeský kraj,A04,Jiné bakteriální střevní infekce,66000000,0 let,M,0,2
2023,9,CZ031,Jihočeský kraj,A04,Jiné bakteriální střevní infekce,66000000,0 let,Z,0,4
2023,9,CZ031,Jihočeský kraj,A04,Jiné bakteriální střevní infekce,66001004,1–4 roky,M,0,17
2023,9,CZ031,Jihočeský kraj,A04,Jiné bakteriální střevní infekce,66001004,1–4 roky,Z,0,15
2023,9,CZ031,Jihočeský kraj,A04,Jiné bakteriální střevní infekce,66005009,5–9 let,M,0,4
2023,9,CZ031,Jihočeský kraj,A04,Jiné bakteriální střevní infekce,66005009,5–9 let,Z,0,6
2023,9,CZ031,Jihočeský kraj,A04,Jiné bakteriální střevní infekce,66010014,10–14 let,M,0,3
2023,9,CZ031,Jihočeský kraj,A04,Jiné bakteriální střevní infekce,66010014,10–14 let,Z,0,5
2023,9,CZ031,Jihočeský kraj,A04,Jiné bakteriální střevní infekce,66015019,15–19 let,M,0,6
2023,9,CZ031,Jihočeský kraj,A04,Jiné bakteriální střevní infekce,66015019,15–19 let,Z,0,1
2023,9,CZ031,Jihočeský kraj,A04,Jiné bakteriální střevní infekce,66020024,20–24 let,M,0,2
2023,9,CZ031,Jihočeský kraj,A04,Jiné bakteriální střevní infekce,66025029,25–29 let,Z,0,4
2023,9,CZ031,Jihočeský kraj,A04,Jiné bakteriální střevní infekce,66030034,30–34 let,M,0,3
2023,9,CZ031,Jihočeský kraj,A04,Jiné bakteriální střevní infekce,66030034,30–34 let,Z,0,2
2023,9,CZ031,Jihočeský kraj,A04,Jiné bakteriální střevní infekce,66035039,35–39 let,M,0,3
2023,9,CZ031,Jihočeský kraj,A04,Jiné bakteriální střevní infekce,66035039,35–39 let,Z,0,3
2023,9,CZ031,Jihočeský kraj,A04,Jiné bakteriální střevní infekce,66040044,40–44 let,M,0,3
2023,9,CZ031,Jihočeský kraj,A04,Jiné bakteriální střevní infekce,66040044,40–44 let,Z,0,1
2023,9,CZ031,Jihočeský kraj,A04,Jiné bakteriální střevní infekce,66045049,45–49 let,M,0,2
2023,9,CZ031,Jihočeský kraj,A04,Jiné bakteriální střevní infekce,66045049,45–49 let,Z,0,7
2023,9,CZ031,Jihočeský kraj,A04,Jiné bakteriální střevní infekce,66050054,50–54 let,M,0,3
2023,9,CZ031,Jihočeský kraj,A04,Jiné bakteriální střevní infekce,66050054,50–54 let,Z,0,1
2023,9,CZ031,Jihočeský kraj,A04,Jiné bakteriální střevní infekce,66055059,55–59 let,Z,0,3
2023,9,CZ031,Jihočeský kraj,A04,Jiné bakteriální střevní infekce,66060064,60–64 let,M,0,1
2023,9,CZ031,Jihočeský kraj,A04,Jiné bakteriální střevní infekce,66060064,60–64 let,Z,0,2
2023,9,CZ031,Jihočeský kraj,A04,Jiné bakteriální střevní infekce,66065069,65–69 let,M,0,4
2023,9,CZ031,Jihočeský kraj,A04,Jiné bakteriální střevní infekce,66065069,65–69 let,Z,0,3
2023,9,CZ031,Jihočeský kraj,A04,Jiné bakteriální střevní infekce,66070074,70–74 let,M,0,4
2023,9,CZ031,Jihočeský kraj,A04,Jiné bakteriální střevní infekce,66070074,70–74 let,Z,0,1
2023,9,CZ031,Jihočeský kraj,A04,Jiné bakteriální střevní infekce,66075999,75+ let,M,0,12
2023,9,CZ031,Jihočeský kraj,A04,Jiné bakteriální střevní infekce,66075999,75+ let,Z,0,4
2023,9,CZ031,Jihočeský kraj,A07,Jiné protozoární střevní nemoci,66010014,10–14 let,Z,0,1
2023,9,CZ031,Jihočeský kraj,A08,Střevní infekce viry a jinými určenými mikroorganismy,66000000,0 let,M,0,1
2023,9,CZ031,Jihočeský kraj,A08,Střevní infekce viry a jinými určenými mikroorganismy,66000000,0 let,Z,0,2
2023,9,CZ031,Jihočeský kraj,A08,Střevní infekce viry a jinými určenými mikroorganismy,66001004,1–4 roky,M,0,11
2023,9,CZ031,Jihočeský kraj,A08,Střevní infekce viry a jinými určenými mikroorganismy,66001004,1–4 roky,Z,0,7
2023,9,CZ031,Jihočeský kraj,A08,Střevní infekce viry a jinými určenými mikroorganismy,66005009,5–9 let,M,0,4
2023,9,CZ031,Jihočeský kraj,A08,Střevní infekce viry a jinými určenými mikroorganismy,66005009,5–9 let,Z,0,7
2023,9,CZ031,Jihočeský kraj,A08,Střevní infekce viry a jinými určenými mikroorganismy,66010014,10–14 let,M,0,18
2023,9,CZ031,Jihočeský kraj,A08,Střevní infekce viry a jinými určenými mikroorganismy,66010014,10–14 let,Z,0,14
2023,9,CZ031,Jihočeský kraj,A08,Střevní infekce viry a jinými určenými mikroorganismy,66015019,15–19 let,M,0,1
2023,9,CZ031,Jihočeský kraj,A08,Střevní infekce viry a jinými určenými mikroorganismy,66015019,15–19 let,Z,0,2
2023,9,CZ031,Jihočeský kraj,A08,Střevní infekce viry a jinými určenými mikroorganismy,66025029,25–29 let,Z,0,1
2023,9,CZ031,Jihočeský kraj,A08,Střevní infekce viry a jinými určenými mikroorganismy,66030034,30–34 let,Z,0,1
2023,9,CZ031,Jihočeský kraj,A08,Střevní infekce viry a jinými určenými mikroorganismy,66035039,35–39 let,Z,0,1
2023,9,CZ031,Jihočeský kraj,A08,Střevní infekce viry a jinými určenými mikroorganismy,66040044,40–44 let,M,0,1
2023,9,CZ031,Jihočeský kraj,A08,Střevní infekce viry a jinými určenými mikroorganismy,66045049,45–49 let,M,0,1
2023,9,CZ031,Jihočeský kraj,A08,Střevní infekce viry a jinými určenými mikroorganismy,66050054,50–54 let,Z,0,2
2023,9,CZ031,Jihočeský kraj,A08,Střevní infekce viry a jinými určenými mikroorganismy,66065069,65–69 let,M,0,4
2023,9,CZ031,Jihočeský kraj,A08,Střevní infekce viry a jinými určenými mikroorganismy,66075999,75+ let,M,0,5
2023,9,CZ031,Jihočeský kraj,A27,Leptospiróza,66050054,50–54 let,M,0,1
2023,9,CZ031,Jihočeský kraj,A32,Listerióza [listeriosis],66055059,55–59 let,Z,0,1
2023,9,CZ031,Jihočeský kraj,A37,Dávivý kašel [pertussis],66050054,50–54 let,M,0,1
2023,9,CZ031,Jihočeský kraj,A38,Spála [scarlatina],66001004,1–4 roky,M,0,2
2023,9,CZ031,Jihočeský kraj,A38,Spála [scarlatina],66001004,1–4 roky,Z,0,1
2023,9,CZ031,Jihočeský kraj,A38,Spála [scarlatina],66005009,5–9 let,M,0,2
2023,9,CZ031,Jihočeský kraj,A38,Spála [scarlatina],66010014,10–14 let,M,0,2
2023,9,CZ031,Jihočeský kraj,A40,Streptokoková sepse,66000000,0 let,Z,0,1
2023,9,CZ031,Jihočeský kraj,A40,Streptokoková sepse,66020024,20–24 let,M,0,1
2023,9,CZ031,Jihočeský kraj,A40,Streptokoková sepse,66060064,60–64 let,M,0,1
2023,9,CZ031,Jihočeský kraj,A40,Streptokoková sepse,66065069,65–69 let,M,0,1
2023,9,CZ031,Jihočeský kraj,A40,Streptokoková sepse,66075999,75+ let,M,0,1
2023,9,CZ031,Jihočeský kraj,A40,Streptokoková sepse,66075999,75+ let,Z,0,1
2023,9,CZ031,Jihočeský kraj,A41,Jiná sepse,66040044,40–44 let,M,0,1
2023,9,CZ031,Jihočeský kraj,A41,Jiná sepse,66040044,40–44 let,Z,0,1
2023,9,CZ031,Jihočeský kraj,A41,Jiná sepse,66060064,60–64 let,M,0,1
2023,9,CZ031,Jihočeský kraj,A41,Jiná sepse,66060064,60–64 let,Z,0,2
2023,9,CZ031,Jihočeský kraj,A41,Jiná sepse,66070074,70–74 let,M,0,1
2023,9,CZ031,Jihočeský kraj,A41,Jiná sepse,66075999,75+ let,M,0,3
2023,9,CZ031,Jihočeský kraj,A46,Růže – erysipel,66040044,40–44 let,M,0,1
2023,9,CZ031,Jihočeský kraj,A46,Růže – erysipel,66045049,45–49 let,M,0,2
2023,9,CZ031,Jihočeský kraj,A46,Růže – erysipel,66045049,45–49 let,Z,0,1
2023,9,CZ031,Jihočeský kraj,A46,Růže – erysipel,66050054,50–54 let,Z,0,1
2023,9,CZ031,Jihočeský kraj,A46,Růže – erysipel,66055059,55–59 let,Z,0,1
2023,9,CZ031,Jihočeský kraj,A46,Růže – erysipel,66060064,60–64 let,M,0,1
2023,9,CZ031,Jihočeský kraj,A46,Růže – erysipel,66070074,70–74 let,Z,0,2
2023,9,CZ031,Jihočeský kraj,A46,Růže – erysipel,66075999,75+ let,M,0,1
2023,9,CZ031,Jihočeský kraj,A46,Růže – erysipel,66075999,75+ let,Z,0,3
2023,9,CZ031,Jihočeský kraj,A48,Jiné bakteriální nemoci nezařazené jinde,66030034,30–34 let,M,0,1
2023,9,CZ031,Jihočeský kraj,A48,Jiné bakteriální nemoci nezařazené jinde,66065069,65–69 let,M,0,1
2023,9,CZ031,Jihočeský kraj,A56,Jiná chlamydiová onemocnění přenášená pohlavním stykem,66030034,30–34 let,M,0,1
2023,9,CZ031,Jihočeský kraj,A56,Jiná chlamydiová onemocnění přenášená pohlavním stykem,66030034,30–34 let,Z,0,1
2023,9,CZ031,Jihočeský kraj,A63,"Jiné, převážně pohlavním stykem přenášené nemoci nezařazené jinde",66020024,20–24 let,Z,0,1
2023,9,CZ031,Jihočeský kraj,A63,"Jiné, převážně pohlavním stykem přenášené nemoci nezařazené jinde",66040044,40–44 let,M,0,2
2023,9,CZ031,Jihočeský kraj,A69,Jiné spirochetové infekce,66005009,5–9 let,Z,0,3
2023,9,CZ031,Jihočeský kraj,A69,Jiné spirochetové infekce,66010014,10–14 let,M,0,1
2023,9,CZ031,Jihočeský kraj,A69,Jiné spirochetové infekce,66010014,10–14 let,Z,0,2
2023,9,CZ031,Jihočeský kraj,A69,Jiné spirochetové infekce,66015019,15–19 let,Z,0,2
2023,9,CZ031,Jihočeský kraj,A69,Jiné spirochetové infekce,66020024,20–24 let,M,0,3
2023,9,CZ031,Jihočeský kraj,A69,Jiné spirochetové infekce,66030034,30–34 let,M,0,2
2023,9,CZ031,Jihočeský kraj,A69,Jiné spirochetové infekce,66030034,30–34 let,Z,0,1
2023,9,CZ031,Jihočeský kraj,A69,Jiné spirochetové infekce,66035039,35–39 let,Z,0,1
2023,9,CZ031,Jihočeský kraj,A69,Jiné spirochetové infekce,66040044,40–44 let,M,0,2
2023,9,CZ031,Jihočeský kraj,A69,Jiné spirochetové infekce,66040044,40–44 let,Z,0,2
2023,9,CZ031,Jihočeský kraj,A69,Jiné spirochetové infekce,66045049,45–49 let,M,0,2
2023,9,CZ031,Jihočeský kraj,A69,Jiné spirochetové infekce,66045049,45–49 let,Z,0,4
2023,9,CZ031,Jihočeský kraj,A69,Jiné spirochetové infekce,66050054,50–54 let,M,0,2
2023,9,CZ031,Jihočeský kraj,A69,Jiné spirochetové infekce,66050054,50–54 let,Z,0,2
2023,9,CZ031,Jihočeský kraj,A69,Jiné spirochetové infekce,66055059,55–59 let,M,0,3
2023,9,CZ031,Jihočeský kraj,A69,Jiné spirochetové infekce,66055059,55–59 let,Z,0,3
2023,9,CZ031,Jihočeský kraj,A69,Jiné spirochetové infekce,66060064,60–64 let,M,0,4
2023,9,CZ031,Jihočeský kraj,A69,Jiné spirochetové infekce,66065069,65–69 let,M,0,3
2023,9,CZ031,Jihočeský kraj,A69,Jiné spirochetové infekce,66065069,65–69 let,Z,0,4
2023,9,CZ031,Jihočeský kraj,A69,Jiné spirochetové infekce,66070074,70–74 let,M,0,2
2023,9,CZ031,Jihočeský kraj,A69,Jiné spirochetové infekce,66070074,70–74 let,Z,0,2
2023,9,CZ031,Jihočeský kraj,A69,Jiné spirochetové infekce,66075999,75+ let,M,0,1
2023,9,CZ031,Jihočeský kraj,A69,Jiné spirochetové infekce,66075999,75+ let,Z,0,6
2023,9,CZ031,Jihočeský kraj,A84,Virová encefalitida přenášená klíšťaty,66001004,1–4 roky,Z,0,1
2023,9,CZ031,Jihočeský kraj,A84,Virová encefalitida přenášená klíšťaty,66020024,20–24 let,Z,0,1
2023,9,CZ031,Jihočeský kraj,A84,Virová encefalitida přenášená klíšťaty,66040044,40–44 let,M,0,1
2023,9,CZ031,Jihočeský kraj,A84,Virová encefalitida přenášená klíšťaty,66040044,40–44 let,Z,0,1
2023,9,CZ031,Jihočeský kraj,A84,Virová encefalitida přenášená klíšťaty,66045049,45–49 let,M,0,1
2023,9,CZ031,Jihočeský kraj,A84,Virová encefalitida přenášená klíšťaty,66055059,55–59 let,M,0,1
2023,9,CZ031,Jihočeský kraj,A84,Virová encefalitida přenášená klíšťaty,66060064,60–64 let,Z,0,1
2023,9,CZ031,Jihočeský kraj,A84,Virová encefalitida přenášená klíšťaty,66070074,70–74 let,M,0,1
2023,9,CZ031,Jihočeský kraj,A87,Virová meningitida,66015019,15–19 let,M,0,2
2023,9,CZ031,Jihočeský kraj,A87,Virová meningitida,66020024,20–24 let,M,0,1
2023,9,CZ031,Jihočeský kraj,A98,Jiná virová hemoragická horečka nezařazená jinde,66030034,30–34 let,M,0,1
2023,9,CZ031,Jihočeský kraj,B00,Infekce virem Herpes simplex,66005009,5–9 let,Z,0,1
2023,9,CZ031,Jihočeský kraj,B01,Plané neštovice [varicella],66001004,1–4 roky,M,0,6
2023,9,CZ031,Jihočeský kraj,B01,Plané neštovice [varicella],66001004,1–4 roky,Z,0,3
2023,9,CZ031,Jihočeský kraj,B01,Plané neštovice [varicella],66005009,5–9 let,M,0,5
2023,9,CZ031,Jihočeský kraj,B01,Plané neštovice [varicella],66005009,5–9 let,Z,0,1
2023,9,CZ031,Jihočeský kraj,B02,Pásový opar [herpes zoster],66005009,5–9 let,M,0,1
2023,9,CZ031,Jihočeský kraj,B02,Pásový opar [herpes zoster],66010014,10–14 let,M,0,1
2023,9,CZ031,Jihočeský kraj,B02,Pásový opar [herpes zoster],66015019,15–19 let,M,0,1
2023,9,CZ031,Jihočeský kraj,B02,Pásový opar [herpes zoster],66030034,30–34 let,M,0,2
2023,9,CZ031,Jihočeský kraj,B02,Pásový opar [herpes zoster],66030034,30–34 let,Z,0,2
2023,9,CZ031,Jihočeský kraj,B02,Pásový opar [herpes zoster],66050054,50–54 let,Z,0,1
2023,9,CZ031,Jihočeský kraj,B02,Pásový opar [herpes zoster],66060064,60–64 let,M,0,1
2023,9,CZ031,Jihočeský kraj,B02,Pásový opar [herpes zoster],66060064,60–64 let,Z,0,1
2023,9,CZ031,Jihočeský kraj,B02,Pásový opar [herpes zoster],66065069,65–69 let,Z,0,1
2023,9,CZ031,Jihočeský kraj,B02,Pásový opar [herpes zoster],66070074,70–74 let,M,0,1
2023,9,CZ031,Jihočeský kraj,B02,Pásový opar [herpes zoster],66070074,70–74 let,Z,0,1
2023,9,CZ031,Jihočeský kraj,B02,Pásový opar [herpes zoster],66075999,75+ let,M,0,1
2023,9,CZ031,Jihočeský kraj,B02,Pásový opar [herpes zoster],66075999,75+ let,Z,0,3
2023,9,CZ031,Jihočeský kraj,B07,Virové bradavice,66005009,5–9 let,M,0,1
2023,9,CZ031,Jihočeský kraj,B08,Jiné virové infekce charakterizované postižením kůže a sliznic NJ,66000000,0 let,Z,0,2
2023,9,CZ031,Jihočeský kraj,B08,Jiné virové infekce charakterizované postižením kůže a sliznic NJ,66001004,1–4 roky,M,0,2
2023,9,CZ031,Jihočeský kraj,B08,Jiné virové infekce charakterizované postižením kůže a sliznic NJ,66005009,5–9 let,Z,0,2
2023,9,CZ031,Jihočeský kraj,B18,Chronická virová hepatitida,66025029,25–29 let,Z,0,1
2023,9,CZ031,Jihočeský kraj,B18,Chronická virová hepatitida,66030034,30–34 let,M,0,1
2023,9,CZ031,Jihočeský kraj,B18,Chronická virová hepatitida,66030034,30–34 let,Z,0,1
2023,9,CZ031,Jihočeský kraj,B18,Chronická virová hepatitida,66035039,35–39 let,M,0,1
2023,9,CZ031,Jihočeský kraj,B18,Chronická virová hepatitida,66035039,35–39 let,Z,0,1
2023,9,CZ031,Jihočeský kraj,B18,Chronická virová hepatitida,66070074,70–74 let,Z,0,1
2023,9,CZ031,Jihočeský kraj,B27,Infekční mononukleóza,66001004,1–4 roky,M,0,1
2023,9,CZ031,Jihočeský kraj,B27,Infekční mononukleóza,66005009,5–9 let,Z,0,1
2023,9,CZ031,Jihočeský kraj,B27,Infekční mononukleóza,66010014,10–14 let,Z,0,1
2023,9,CZ031,Jihočeský kraj,B27,Infekční mononukleóza,66015019,15–19 let,M,0,1
2023,9,CZ031,Jihočeský kraj,B27,Infekční mononukleóza,66020024,20–24 let,M,0,1
2023,9,CZ031,Jihočeský kraj,B35,Dermatofytóza,66020024,20–24 let,M,0,1
2023,9,CZ031,Jihočeský kraj,B35,Dermatofytóza,66025029,25–29 let,M,0,1
2023,9,CZ031,Jihočeský kraj,B35,Dermatofytóza,66035039,35–39 let,M,0,1
2023,9,CZ031,Jihočeský kraj,B35,Dermatofytóza,66045049,45–49 let,M,0,2
2023,9,CZ031,Jihočeský kraj,B35,Dermatofytóza,66055059,55–59 let,Z,0,2
2023,9,CZ031,Jihočeský kraj,B35,Dermatofytóza,66060064,60–64 let,Z,0,1
2023,9,CZ031,Jihočeský kraj,B35,Dermatofytóza,66065069,65–69 let,M,0,2
2023,9,CZ031,Jihočeský kraj,B35,Dermatofytóza,66065069,65–69 let,Z,0,1
2023,9,CZ031,Jihočeský kraj,B35,Dermatofytóza,66075999,75+ let,Z,0,1
2023,9,CZ031,Jihočeský kraj,B80,Enterobióza [enterobiasis],66001004,1–4 roky,Z,0,1
2023,9,CZ031,Jihočeský kraj,B80,Enterobióza [enterobiasis],66005009,5–9 let,Z,0,1
2023,9,CZ031,Jihočeský kraj,B80,Enterobióza [enterobiasis],66010014,10–14 let,M,0,1
2023,9,CZ031,Jihočeský kraj,B85,"Zavšivení – pedikulóza [pediculosis], ftiriáza [phthiriasis]",66010014,10–14 let,M,0,1
2023,9,CZ031,Jihočeský kraj,B86,Svrab [scabies],66001004,1–4 roky,M,0,2
2023,9,CZ031,Jihočeský kraj,B86,Svrab [scabies],66001004,1–4 roky,Z,0,1
2023,9,CZ031,Jihočeský kraj,B86,Svrab [scabies],66005009,5–9 let,M,0,3
2023,9,CZ031,Jihočeský kraj,B86,Svrab [scabies],66005009,5–9 let,Z,0,1
2023,9,CZ031,Jihočeský kraj,B86,Svrab [scabies],66010014,10–14 let,M,0,1
2023,9,CZ031,Jihočeský kraj,B86,Svrab [scabies],66010014,10–14 let,Z,0,1
2023,9,CZ031,Jihočeský kraj,B86,Svrab [scabies],66015019,15–19 let,Z,0,3
2023,9,CZ031,Jihočeský kraj,B86,Svrab [scabies],66020024,20–24 let,M,0,1
2023,9,CZ031,Jihočeský kraj,B86,Svrab [scabies],66025029,25–29 let,Z,0,1
2023,9,CZ031,Jihočeský kraj,B86,Svrab [scabies],66030034,30–34 let,Z,0,1
2023,9,CZ031,Jihočeský kraj,B86,Svrab [scabies],66035039,35–39 let,M,0,2
2023,9,CZ031,Jihočeský kraj,B86,Svrab [scabies],66040044,40–44 let,Z,0,1
2023,9,CZ031,Jihočeský kraj,B86,Svrab [scabies],66050054,50–54 let,Z,0,3
2023,9,CZ031,Jihočeský kraj,G00,Bakteriální zánět mozkových a míšních plen (bakter. meningitida) NJ,66020024,20–24 let,M,0,1
2023,9,CZ031,Jihočeský kraj,G00,Bakteriální zánět mozkových a míšních plen (bakter. meningitida) NJ,66035039,35–39 let,M,0,1
2023,9,CZ031,Jihočeský kraj,W54,Kousnutí nebo úder psem,66010014,10–14 let,M,0,1
2023,9,CZ031,Jihočeský kraj,W54,Kousnutí nebo úder psem,66010014,10–14 let,Z,0,1
2023,9,CZ031,Jihočeský kraj,W54,Kousnutí nebo úder psem,66015019,15–19 let,M,0,1
2023,9,CZ031,Jihočeský kraj,W54,Kousnutí nebo úder psem,66025029,25–29 let,Z,0,1
2023,9,CZ031,Jihočeský kraj,W54,Kousnutí nebo úder psem,66030034,30–34 let,M,0,1
2023,9,CZ031,Jihočeský kraj,W54,Kousnutí nebo úder psem,66045049,45–49 let,Z,0,1
2023,9,CZ031,Jihočeský kraj,W54,Kousnutí nebo úder psem,66060064,60–64 let,M,0,1
2023,9,CZ031,Jihočeský kraj,W55,Kousnutí nebo úder jinými savci,66020024,20–24 let,M,0,1
2023,9,CZ031,Jihočeský kraj,W55,Kousnutí nebo úder jinými savci,66030034,30–34 let,Z,0,1
2023,9,CZ031,Jihočeský kraj,W55,Kousnutí nebo úder jinými savci,66060064,60–64 let,Z,0,1
2023,10,CZ031,Jihočeský kraj,A02,Jiné infekce způsobené salmonelami,66000000,0 let,M,0,2
2023,10,CZ031,Jihočeský kraj,A02,Jiné infekce způsobené salmonelami,66001004,1–4 roky,M,0,12
2022,7,CZ051,Liberecký kraj,B86,Svrab [scabies],66015019,15–19 let,Z,0,1
2022,7,CZ051,Liberecký kraj,B86,Svrab [scabies],66020024,20–24 let,Z,0,1
2022,7,CZ051,Liberecký kraj,B86,Svrab [scabies],66030034,30–34 let,Z,0,1
2022,7,CZ051,Liberecký kraj,B86,Svrab [scabies],66035039,35–39 let,M,0,1
2022,7,CZ051,Liberecký kraj,B86,Svrab [scabies],66045049,45–49 let,M,0,1
2022,7,CZ051,Liberecký kraj,B86,Svrab [scabies],66045049,45–49 let,Z,0,1
2022,7,CZ051,Liberecký kraj,B86,Svrab [scabies],66050054,50–54 let,Z,0,1
2022,7,CZ051,Liberecký kraj,B86,Svrab [scabies],66055059,55–59 let,Z,0,2
2022,7,CZ051,Liberecký kraj,B86,Svrab [scabies],66060064,60–64 let,M,0,1
2022,7,CZ051,Liberecký kraj,B86,Svrab [scabies],66070074,70–74 let,Z,0,1
2022,7,CZ051,Liberecký kraj,B96,Jiná určená bakteriální agens jako příč. nemoci zař. do jiných kapitol,66065069,65–69 let,M,0,1
2022,7,CZ051,Liberecký kraj,B96,Jiná určená bakteriální agens jako příč. nemoci zař. do jiných kapitol,66070074,70–74 let,M,0,1
2022,7,CZ051,Liberecký kraj,J13,Zánět plic‚ původce: Streptococcus pneumoniae,66001004,1–4 roky,Z,0,1
2022,7,CZ051,Liberecký kraj,J13,Zánět plic‚ původce: Streptococcus pneumoniae,66055059,55–59 let,M,0,1
2022,7,CZ051,Liberecký kraj,J13,Zánět plic‚ původce: Streptococcus pneumoniae,66065069,65–69 let,Z,0,1
2022,7,CZ051,Liberecký kraj,W54,Kousnutí nebo úder psem,66001004,1–4 roky,Z,0,1
2022,7,CZ051,Liberecký kraj,W54,Kousnutí nebo úder psem,66005009,5–9 let,M,0,2
2022,7,CZ051,Liberecký kraj,W54,Kousnutí nebo úder psem,66010014,10–14 let,M,0,1
2022,7,CZ051,Liberecký kraj,W54,Kousnutí nebo úder psem,66010014,10–14 let,Z,0,1
2022,7,CZ051,Liberecký kraj,W54,Kousnutí nebo úder psem,66015019,15–19 let,Z,0,5
2022,7,CZ051,Liberecký kraj,W54,Kousnutí nebo úder psem,66020024,20–24 let,M,0,1
2022,7,CZ051,Liberecký kraj,W54,Kousnutí nebo úder psem,66025029,25–29 let,M,0,1
2022,7,CZ051,Liberecký kraj,W54,Kousnutí nebo úder psem,66030034,30–34 let,M,0,1
2022,7,CZ051,Liberecký kraj,W54,Kousnutí nebo úder psem,66030034,30–34 let,Z,0,1
2022,7,CZ051,Liberecký kraj,W54,Kousnutí nebo úder psem,66035039,35–39 let,M,0,1
2022,7,CZ051,Liberecký kraj,W54,Kousnutí nebo úder psem,66035039,35–39 let,Z,0,1
2022,7,CZ051,Liberecký kraj,W54,Kousnutí nebo úder psem,66040044,40–44 let,M,0,2
2022,7,CZ051,Liberecký kraj,W54,Kousnutí nebo úder psem,66045049,45–49 let,Z,0,1
2022,7,CZ051,Liberecký kraj,W54,Kousnutí nebo úder psem,66050054,50–54 let,Z,0,1
2022,7,CZ051,Liberecký kraj,W54,Kousnutí nebo úder psem,66055059,55–59 let,M,0,1
2022,7,CZ051,Liberecký kraj,W54,Kousnutí nebo úder psem,66055059,55–59 let,Z,0,1
2022,7,CZ051,Liberecký kraj,W54,Kousnutí nebo úder psem,66070074,70–74 let,Z,0,1
2022,7,CZ051,Liberecký kraj,W54,Kousnutí nebo úder psem,66075999,75+ let,Z,0,1
2022,7,CZ051,Liberecký kraj,W55,Kousnutí nebo úder jinými savci,66005009,5–9 let,M,0,1
2022,7,CZ051,Liberecký kraj,W55,Kousnutí nebo úder jinými savci,66025029,25–29 let,Z,0,2
2022,7,CZ051,Liberecký kraj,W55,Kousnutí nebo úder jinými savci,66030034,30–34 let,M,0,1
2022,7,CZ051,Liberecký kraj,W55,Kousnutí nebo úder jinými savci,66030034,30–34 let,Z,0,1
2022,7,CZ051,Liberecký kraj,W55,Kousnutí nebo úder jinými savci,66045049,45–49 let,Z,0,1
2022,7,CZ051,Liberecký kraj,W55,Kousnutí nebo úder jinými savci,66050054,50–54 let,M,0,1
2022,7,CZ051,Liberecký kraj,W55,Kousnutí nebo úder jinými savci,66050054,50–54 let,Z,0,2
2022,7,CZ051,Liberecký kraj,W55,Kousnutí nebo úder jinými savci,66055059,55–59 let,Z,0,1
2022,7,CZ051,Liberecký kraj,W55,Kousnutí nebo úder jinými savci,66075999,75+ let,Z,0,2
2022,8,CZ051,Liberecký kraj,A02,Jiné infekce způsobené salmonelami,66000000,0 let,M,0,1
2022,8,CZ051,Liberecký kraj,A02,Jiné infekce způsobené salmonelami,66001004,1–4 roky,M,0,2
2022,8,CZ051,Liberecký kraj,A02,Jiné infekce způsobené salmonelami,66005009,5–9 let,M,0,1
2022,8,CZ051,Liberecký kraj,A02,Jiné infekce způsobené salmonelami,66005009,5–9 let,Z,0,1
2022,8,CZ051,Liberecký kraj,A02,Jiné infekce způsobené salmonelami,66010014,10–14 let,M,0,2
2022,8,CZ051,Liberecký kraj,A02,Jiné infekce způsobené salmonelami,66010014,10–14 let,Z,0,1
2022,8,CZ051,Liberecký kraj,A02,Jiné infekce způsobené salmonelami,66015019,15–19 let,M,0,2
2022,8,CZ051,Liberecký kraj,A02,Jiné infekce způsobené salmonelami,66020024,20–24 let,Z,0,2
2022,8,CZ051,Liberecký kraj,A02,Jiné infekce způsobené salmonelami,66025029,25–29 let,M,0,2
2022,8,CZ051,Liberecký kraj,A02,Jiné infekce způsobené salmonelami,66030034,30–34 let,M,0,1
2022,8,CZ051,Liberecký kraj,A02,Jiné infekce způsobené salmonelami,66035039,35–39 let,Z,0,1
2022,8,CZ051,Liberecký kraj,A02,Jiné infekce způsobené salmonelami,66040044,40–44 let,Z,0,1
2022,8,CZ051,Liberecký kraj,A02,Jiné infekce způsobené salmonelami,66045049,45–49 let,M,0,1
2022,8,CZ051,Liberecký kraj,A02,Jiné infekce způsobené salmonelami,66045049,45–49 let,Z,0,1
2022,8,CZ051,Liberecký kraj,A02,Jiné infekce způsobené salmonelami,66050054,50–54 let,M,0,1
2022,8,CZ051,Liberecký kraj,A02,Jiné infekce způsobené salmonelami,66065069,65–69 let,Z,0,1
2022,8,CZ051,Liberecký kraj,A04,Jiné bakteriální střevní infekce,66000000,0 let,M,0,3
2022,8,CZ051,Liberecký kraj,A04,Jiné bakteriální střevní infekce,66000000,0 let,Z,0,4
2022,8,CZ051,Liberecký kraj,A04,Jiné bakteriální střevní infekce,66001004,1–4 roky,M,0,6
2022,8,CZ051,Liberecký kraj,A04,Jiné bakteriální střevní infekce,66001004,1–4 roky,Z,0,8
2022,8,CZ051,Liberecký kraj,A04,Jiné bakteriální střevní infekce,66005009,5–9 let,M,0,4
2022,8,CZ051,Liberecký kraj,A04,Jiné bakteriální střevní infekce,66005009,5–9 let,Z,0,2
2022,8,CZ051,Liberecký kraj,A04,Jiné bakteriální střevní infekce,66010014,10–14 let,M,0,1
2022,8,CZ051,Liberecký kraj,A04,Jiné bakteriální střevní infekce,66010014,10–14 let,Z,0,1
2022,8,CZ051,Liberecký kraj,A04,Jiné bakteriální střevní infekce,66015019,15–19 let,M,0,3
2022,8,CZ051,Liberecký kraj,A04,Jiné bakteriální střevní infekce,66015019,15–19 let,Z,0,1
2022,8,CZ051,Liberecký kraj,A04,Jiné bakteriální střevní infekce,66020024,20–24 let,M,0,1
2022,8,CZ051,Liberecký kraj,A04,Jiné bakteriální střevní infekce,66025029,25–29 let,M,0,1
2022,8,CZ051,Liberecký kraj,A04,Jiné bakteriální střevní infekce,66025029,25–29 let,Z,0,2
2022,8,CZ051,Liberecký kraj,A04,Jiné bakteriální střevní infekce,66030034,30–34 let,M,0,3
2022,8,CZ051,Liberecký kraj,A04,Jiné bakteriální střevní infekce,66030034,30–34 let,Z,0,3
2022,8,CZ051,Liberecký kraj,A04,Jiné bakteriální střevní infekce,66035039,35–39 let,M,0,1
2022,8,CZ051,Liberecký kraj,A04,Jiné bakteriální střevní infekce,66040044,40–44 let,M,0,2
2022,8,CZ051,Liberecký kraj,A04,Jiné bakteriální střevní infekce,66050054,50–54 let,M,0,2
2022,8,CZ051,Liberecký kraj,A04,Jiné bakteriální střevní infekce,66055059,55–59 let,M,0,2
2022,8,CZ051,Liberecký kraj,A04,Jiné bakteriální střevní infekce,66060064,60–64 let,M,0,1
2022,8,CZ051,Liberecký kraj,A04,Jiné bakteriální střevní infekce,66065069,65–69 let,M,0,3
2022,8,CZ051,Liberecký kraj,A04,Jiné bakteriální střevní infekce,66065069,65–69 let,Z,0,2
2022,8,CZ051,Liberecký kraj,A04,Jiné bakteriální střevní infekce,66070074,70–74 let,M,0,2
2022,8,CZ051,Liberecký kraj,A04,Jiné bakteriální střevní infekce,66070074,70–74 let,Z,0,2
2022,8,CZ051,Liberecký kraj,A04,Jiné bakteriální střevní infekce,66075999,75+ let,M,0,5
2022,8,CZ051,Liberecký kraj,A04,Jiné bakteriální střevní infekce,66075999,75+ let,Z,0,5
2022,8,CZ051,Liberecký kraj,A08,Střevní infekce viry a jinými určenými mikroorganismy,66000000,0 let,M,0,4
2022,8,CZ051,Liberecký kraj,A08,Střevní infekce viry a jinými určenými mikroorganismy,66000000,0 let,Z,0,1
2022,8,CZ051,Liberecký kraj,A08,Střevní infekce viry a jinými určenými mikroorganismy,66001004,1–4 roky,M,0,9
2022,8,CZ051,Liberecký kraj,A08,Střevní infekce viry a jinými určenými mikroorganismy,66001004,1–4 roky,Z,0,10
2022,8,CZ051,Liberecký kraj,A08,Střevní infekce viry a jinými určenými mikroorganismy,66005009,5–9 let,M,0,6
2022,8,CZ051,Liberecký kraj,A08,Střevní infekce viry a jinými určenými mikroorganismy,66005009,5–9 let,Z,0,3
2022,8,CZ051,Liberecký kraj,A08,Střevní infekce viry a jinými určenými mikroorganismy,66010014,10–14 let,Z,0,2
2022,8,CZ051,Liberecký kraj,A08,Střevní infekce viry a jinými určenými mikroorganismy,66015019,15–19 let,M,0,1
2022,8,CZ051,Liberecký kraj,A08,Střevní infekce viry a jinými určenými mikroorganismy,66025029,25–29 let,Z,0,1
2022,8,CZ051,Liberecký kraj,A08,Střevní infekce viry a jinými určenými mikroorganismy,66040044,40–44 let,M,0,1
2022,8,CZ051,Liberecký kraj,A08,Střevní infekce viry a jinými určenými mikroorganismy,66045049,45–49 let,M,0,1
2022,8,CZ051,Liberecký kraj,A08,Střevní infekce viry a jinými určenými mikroorganismy,66065069,65–69 let,Z,0,1
2022,8,CZ051,Liberecký kraj,A08,Střevní infekce viry a jinými určenými mikroorganismy,66070074,70–74 let,M,0,1
2022,8,CZ051,Liberecký kraj,A08,Střevní infekce viry a jinými určenými mikroorganismy,66070074,70–74 let,Z,0,1
2022,8,CZ051,Liberecký kraj,A08,Střevní infekce viry a jinými určenými mikroorganismy,66075999,75+ let,M,0,1
2022,8,CZ051,Liberecký kraj,A08,Střevní infekce viry a jinými určenými mikroorganismy,66075999,75+ let,Z,0,1
2022,8,CZ051,Liberecký kraj,A32,Listerióza [listeriosis],66060064,60–64 let,M,0,1
2022,8,CZ051,Liberecký kraj,A38,Spála [scarlatina],66005009,5–9 let,M,0,2
2022,8,CZ051,Liberecký kraj,A38,Spála [scarlatina],66055059,55–59 let,M,0,1
2022,8,CZ051,Liberecký kraj,A40,Streptokoková sepse,66040044,40–44 let,M,0,1
2022,8,CZ051,Liberecký kraj,A41,Jiná sepse,66040044,40–44 let,Z,0,1
2022,8,CZ051,Liberecký kraj,A41,Jiná sepse,66050054,50–54 let,M,0,1
2022,8,CZ051,Liberecký kraj,A41,Jiná sepse,66050054,50–54 let,Z,0,1
2022,8,CZ051,Liberecký kraj,A41,Jiná sepse,66065069,65–69 let,M,0,3
2022,8,CZ051,Liberecký kraj,A41,Jiná sepse,66070074,70–74 let,M,0,3
2022,8,CZ051,Liberecký kraj,A41,Jiná sepse,66070074,70–74 let,Z,0,2
2022,8,CZ051,Liberecký kraj,A41,Jiná sepse,66075999,75+ let,M,0,3
2022,8,CZ051,Liberecký kraj,A41,Jiná sepse,66075999,75+ let,Z,0,3
2022,8,CZ051,Liberecký kraj,A46,Růže – erysipel,66075999,75+ let,M,0,2
2022,8,CZ051,Liberecký kraj,A48,Jiné bakteriální nemoci nezařazené jinde,66050054,50–54 let,M,0,1
2022,8,CZ051,Liberecký kraj,A48,Jiné bakteriální nemoci nezařazené jinde,66070074,70–74 let,M,0,1
2022,8,CZ051,Liberecký kraj,A48,Jiné bakteriální nemoci nezařazené jinde,66070074,70–74 let,Z,0,1
2022,8,CZ051,Liberecký kraj,A56,Jiná chlamydiová onemocnění přenášená pohlavním stykem,66015019,15–19 let,Z,0,2
2022,8,CZ051,Liberecký kraj,A56,Jiná chlamydiová onemocnění přenášená pohlavním stykem,66020024,20–24 let,Z,0,2
2022,8,CZ051,Liberecký kraj,A56,Jiná chlamydiová onemocnění přenášená pohlavním stykem,66025029,25–29 let,M,0,2
2022,8,CZ051,Liberecký kraj,A56,Jiná chlamydiová onemocnění přenášená pohlavním stykem,66025029,25–29 let,Z,0,1
2022,8,CZ051,Liberecký kraj,A56,Jiná chlamydiová onemocnění přenášená pohlavním stykem,66030034,30–34 let,Z,0,1
2022,8,CZ051,Liberecký kraj,A63,"Jiné, převážně pohlavním stykem přenášené nemoci nezařazené jinde",66020024,20–24 let,Z,0,1
2022,8,CZ051,Liberecký kraj,A69,Jiné spirochetové infekce,66001004,1–4 roky,M,0,1
2022,8,CZ051,Liberecký kraj,A69,Jiné spirochetové infekce,66001004,1–4 roky,Z,0,3
2022,8,CZ051,Liberecký kraj,A69,Jiné spirochetové infekce,66005009,5–9 let,M,0,3
2022,8,CZ051,Liberecký kraj,A69,Jiné spirochetové infekce,66005009,5–9 let,Z,0,2
2022,8,CZ051,Liberecký kraj,A69,Jiné spirochetové infekce,66010014,10–14 let,M,0,3
2022,8,CZ051,Liberecký kraj,A69,Jiné spirochetové infekce,66010014,10–14 let,Z,0,2
2022,8,CZ051,Liberecký kraj,A69,Jiné spirochetové infekce,66015019,15–19 let,M,0,1
2022,8,CZ051,Liberecký kraj,A69,Jiné spirochetové infekce,66030034,30–34 let,M,0,3
2022,8,CZ051,Liberecký kraj,A69,Jiné spirochetové infekce,66035039,35–39 let,Z,0,1
2022,8,CZ051,Liberecký kraj,A69,Jiné spirochetové infekce,66045049,45–49 let,M,0,1
2022,8,CZ051,Liberecký kraj,A69,Jiné spirochetové infekce,66050054,50–54 let,M,0,2
2022,8,CZ051,Liberecký kraj,A69,Jiné spirochetové infekce,66050054,50–54 let,Z,0,2
2022,8,CZ051,Liberecký kraj,A69,Jiné spirochetové infekce,66055059,55–59 let,M,0,1
2022,8,CZ051,Liberecký kraj,A69,Jiné spirochetové infekce,66060064,60–64 let,M,0,2
2022,8,CZ051,Liberecký kraj,A69,Jiné spirochetové infekce,66065069,65–69 let,Z,0,3
2022,8,CZ051,Liberecký kraj,A69,Jiné spirochetové infekce,66070074,70–74 let,M,0,2
2022,8,CZ051,Liberecký kraj,A69,Jiné spirochetové infekce,66075999,75+ let,M,0,1
2022,8,CZ051,Liberecký kraj,A69,Jiné spirochetové infekce,66075999,75+ let,Z,0,3
2022,8,CZ051,Liberecký kraj,A81,Atypické virové infekce centrální nervové soustavy,66065069,65–69 let,Z,0,1
2022,8,CZ051,Liberecký kraj,A81,Atypické virové infekce centrální nervové soustavy,66070074,70–74 let,Z,0,1
2022,8,CZ051,Liberecký kraj,A84,Virová encefalitida přenášená klíšťaty,66035039,35–39 let,M,0,1
2022,8,CZ051,Liberecký kraj,A84,Virová encefalitida přenášená klíšťaty,66040044,40–44 let,M,0,1
2022,8,CZ051,Liberecký kraj,A84,Virová encefalitida přenášená klíšťaty,66040044,40–44 let,Z,0,1
2022,8,CZ051,Liberecký kraj,A84,Virová encefalitida přenášená klíšťaty,66050054,50–54 let,Z,0,1
2022,8,CZ051,Liberecký kraj,A84,Virová encefalitida přenášená klíšťaty,66065069,65–69 let,M,0,1
2022,8,CZ051,Liberecký kraj,A84,Virová encefalitida přenášená klíšťaty,66070074,70–74 let,M,0,1
2022,8,CZ051,Liberecký kraj,A87,Virová meningitida,66010014,10–14 let,M,0,1
2022,8,CZ051,Liberecký kraj,B00,Infekce virem Herpes simplex,66070074,70–74 let,Z,0,1
2022,8,CZ051,Liberecký kraj,B01,Plané neštovice [varicella],66000000,0 let,M,0,3
2022,8,CZ051,Liberecký kraj,B01,Plané neštovice [varicella],66000000,0 let,Z,0,4
2022,8,CZ051,Liberecký kraj,B01,Plané neštovice [varicella],66001004,1–4 roky,M,0,28
2022,8,CZ051,Liberecký kraj,B01,Plané neštovice [varicella],66001004,1–4 roky,Z,0,30
2022,8,CZ051,Liberecký kraj,B01,Plané neštovice [varicella],66005009,5–9 let,M,0,32
2022,8,CZ051,Liberecký kraj,B01,Plané neštovice [varicella],66005009,5–9 let,Z,0,28
2022,8,CZ051,Liberecký kraj,B01,Plané neštovice [varicella],66010014,10–14 let,M,0,4
2022,8,CZ051,Liberecký kraj,B01,Plané neštovice [varicella],66010014,10–14 let,Z,0,3
2022,8,CZ051,Liberecký kraj,B02,Pásový opar [herpes zoster],66015019,15–19 let,M,0,1
2022,8,CZ051,Liberecký kraj,B02,Pásový opar [herpes zoster],66025029,25–29 let,Z,0,1
2022,8,CZ051,Liberecký kraj,B02,Pásový opar [herpes zoster],66030034,30–34 let,M,0,2
2022,8,CZ051,Liberecký kraj,B02,Pásový opar [herpes zoster],66045049,45–49 let,M,0,1
2022,8,CZ051,Liberecký kraj,B02,Pásový opar [herpes zoster],66060064,60–64 let,Z,0,3
2022,8,CZ051,Liberecký kraj,B02,Pásový opar [herpes zoster],66065069,65–69 let,M,0,2
2022,8,CZ051,Liberecký kraj,B02,Pásový opar [herpes zoster],66065069,65–69 let,Z,0,4
2022,8,CZ051,Liberecký kraj,B02,Pásový opar [herpes zoster],66070074,70–74 let,M,0,2
2022,8,CZ051,Liberecký kraj,B02,Pásový opar [herpes zoster],66070074,70–74 let,Z,0,4
2022,8,CZ051,Liberecký kraj,B02,Pásový opar [herpes zoster],66075999,75+ let,Z,0,1
2022,8,CZ051,Liberecký kraj,B08,Jiné virové infekce charakterizované postižením kůže a sliznic NJ,66001004,1–4 roky,M,0,9
2022,8,CZ051,Liberecký kraj,B08,Jiné virové infekce charakterizované postižením kůže a sliznic NJ,66001004,1–4 roky,Z,0,5
2022,8,CZ051,Liberecký kraj,B08,Jiné virové infekce charakterizované postižením kůže a sliznic NJ,66005009,5–9 let,M,0,1
2022,8,CZ051,Liberecký kraj,B08,Jiné virové infekce charakterizované postižením kůže a sliznic NJ,66010014,10–14 let,Z,0,1
2022,8,CZ051,Liberecký kraj,B08,Jiné virové infekce charakterizované postižením kůže a sliznic NJ,66015019,15–19 let,M,0,1
2022,8,CZ051,Liberecký kraj,B08,Jiné virové infekce charakterizované postižením kůže a sliznic NJ,66045049,45–49 let,M,0,1
2022,8,CZ051,Liberecký kraj,B17,Jiná akutní virová hepatitida,66025029,25–29 let,M,0,1
2022,8,CZ051,Liberecký kraj,B17,Jiná akutní virová hepatitida,66065069,65–69 let,M,0,1
2022,8,CZ051,Liberecký kraj,B17,Jiná akutní virová hepatitida,66075999,75+ let,M,0,1
2022,8,CZ051,Liberecký kraj,B17,Jiná akutní virová hepatitida,66075999,75+ let,Z,0,1
2022,8,CZ051,Liberecký kraj,B27,Infekční mononukleóza,66005009,5–9 let,M,0,1
2022,8,CZ051,Liberecký kraj,B27,Infekční mononukleóza,66005009,5–9 let,Z,0,1
2022,8,CZ051,Liberecký kraj,B27,Infekční mononukleóza,66010014,10–14 let,M,0,1
2022,8,CZ051,Liberecký kraj,B27,Infekční mononukleóza,66010014,10–14 let,Z,0,1
2022,8,CZ051,Liberecký kraj,B27,Infekční mononukleóza,66015019,15–19 let,M,0,1
2022,8,CZ051,Liberecký kraj,B27,Infekční mononukleóza,66055059,55–59 let,M,0,1
2022,8,CZ051,Liberecký kraj,B35,Dermatofytóza,66010014,10–14 let,M,0,1
2022,8,CZ051,Liberecký kraj,B35,Dermatofytóza,66015019,15–19 let,M,0,1
2022,8,CZ051,Liberecký kraj,B35,Dermatofytóza,66040044,40–44 let,M,0,2
2022,8,CZ051,Liberecký kraj,B35,Dermatofytóza,66045049,45–49 let,M,0,1
2022,8,CZ051,Liberecký kraj,B35,Dermatofytóza,66045049,45–49 let,Z,0,1
2022,8,CZ051,Liberecký kraj,B35,Dermatofytóza,66055059,55–59 let,M,0,2
2022,8,CZ051,Liberecký kraj,B35,Dermatofytóza,66060064,60–64 let,M,0,1
2022,8,CZ051,Liberecký kraj,B35,Dermatofytóza,66065069,65–69 let,M,0,1
2022,8,CZ051,Liberecký kraj,B35,Dermatofytóza,66070074,70–74 let,M,0,3
2022,8,CZ051,Liberecký kraj,B35,Dermatofytóza,66075999,75+ let,M,0,1
2022,8,CZ051,Liberecký kraj,B80,Enterobióza [enterobiasis],66005009,5–9 let,Z,0,1
2022,8,CZ051,Liberecký kraj,B80,Enterobióza [enterobiasis],66010014,10–14 let,Z,0,1
2022,8,CZ051,Liberecký kraj,B86,Svrab [scabies],66000000,0 let,Z,0,1
2022,8,CZ051,Liberecký kraj,B86,Svrab [scabies],66001004,1–4 roky,Z,0,4
2022,8,CZ051,Liberecký kraj,B86,Svrab [scabies],66005009,5–9 let,M,0,1
2022,8,CZ051,Liberecký kraj,B86,Svrab [scabies],66005009,5–9 let,Z,0,3
2022,8,CZ051,Liberecký kraj,B86,Svrab [scabies],66015019,15–19 let,M,0,3
2022,8,CZ051,Liberecký kraj,B86,Svrab [scabies],66020024,20–24 let,M,0,2
2022,8,CZ051,Liberecký kraj,B86,Svrab [scabies],66020024,20–24 let,Z,0,2
2022,8,CZ051,Liberecký kraj,B86,Svrab [scabies],66025029,25–29 let,M,0,2
2022,8,CZ051,Liberecký kraj,B86,Svrab [scabies],66025029,25–29 let,Z,0,1
2022,8,CZ051,Liberecký kraj,B86,Svrab [scabies],66030034,30–34 let,M,0,1
2022,8,CZ051,Liberecký kraj,B86,Svrab [scabies],66040044,40–44 let,M,0,1
2022,8,CZ051,Liberecký kraj,B86,Svrab [scabies],66045049,45–49 let,M,0,1
2022,8,CZ051,Liberecký kraj,B86,Svrab [scabies],66050054,50–54 let,M,0,1
2022,8,CZ051,Liberecký kraj,B86,Svrab [scabies],66055059,55–59 let,Z,0,1
2022,8,CZ051,Liberecký kraj,B86,Svrab [scabies],66075999,75+ let,Z,0,1
2022,8,CZ051,Liberecký kraj,B96,Jiná určená bakteriální agens jako příč. nemoci zař. do jiných kapitol,66060064,60–64 let,Z,0,1
2022,8,CZ051,Liberecký kraj,J13,Zánět plic‚ původce: Streptococcus pneumoniae,66065069,65–69 let,M,0,1
2022,8,CZ051,Liberecký kraj,W54,Kousnutí nebo úder psem,66001004,1–4 roky,M,0,1
2022,8,CZ051,Liberecký kraj,W54,Kousnutí nebo úder psem,66010014,10–14 let,Z,0,1
2022,8,CZ051,Liberecký kraj,W54,Kousnutí nebo úder psem,66025029,25–29 let,Z,0,1
2022,8,CZ051,Liberecký kraj,W55,Kousnutí nebo úder jinými savci,66001004,1–4 roky,Z,0,1
2022,8,CZ051,Liberecký kraj,W55,Kousnutí nebo úder jinými savci,66020024,20–24 let,M,0,1
2022,9,CZ051,Liberecký kraj,A02,Jiné infekce způsobené salmonelami,66001004,1–4 roky,M,0,2
2022,9,CZ051,Liberecký kraj,A02,Jiné infekce způsobené salmonelami,66001004,1–4 roky,Z,0,5
2022,9,CZ051,Liberecký kraj,A02,Jiné infekce způsobené salmonelami,66005009,5–9 let,M,0,3
2022,9,CZ051,Liberecký kraj,A02,Jiné infekce způsobené salmonelami,66005009,5–9 let,Z,0,3
2022,9,CZ051,Liberecký kraj,A02,Jiné infekce způsobené salmonelami,66015019,15–19 let,M,0,2
2022,9,CZ051,Liberecký kraj,A02,Jiné infekce způsobené salmonelami,66020024,20–24 let,Z,0,1
2022,9,CZ051,Liberecký kraj,A02,Jiné infekce způsobené salmonelami,66035039,35–39 let,M,0,1
2022,9,CZ051,Liberecký kraj,A02,Jiné infekce způsobené salmonelami,66055059,55–59 let,M,0,1
2022,9,CZ051,Liberecký kraj,A02,Jiné infekce způsobené salmonelami,66065069,65–69 let,M,0,2
2022,9,CZ051,Liberecký kraj,A02,Jiné infekce způsobené salmonelami,66065069,65–69 let,Z,0,1
2022,9,CZ051,Liberecký kraj,A02,Jiné infekce způsobené salmonelami,66070074,70–74 let,Z,0,1
2022,9,CZ051,Liberecký kraj,A04,Jiné bakteriální střevní infekce,66000000,0 let,M,0,3
2022,9,CZ051,Liberecký kraj,A04,Jiné bakteriální střevní infekce,66000000,0 let,Z,0,3
2022,9,CZ051,Liberecký kraj,A04,Jiné bakteriální střevní infekce,66001004,1–4 roky,M,0,10
2022,9,CZ051,Liberecký kraj,A04,Jiné bakteriální střevní infekce,66001004,1–4 roky,Z,0,7
2022,9,CZ051,Liberecký kraj,A04,Jiné bakteriální střevní infekce,66005009,5–9 let,M,0,2
2022,9,CZ051,Liberecký kraj,A04,Jiné bakteriální střevní infekce,66005009,5–9 let,Z,0,3
2022,9,CZ051,Liberecký kraj,A04,Jiné bakteriální střevní infekce,66010014,10–14 let,M,0,1
2022,9,CZ051,Liberecký kraj,A04,Jiné bakteriální střevní infekce,66010014,10–14 let,Z,0,1
2022,9,CZ051,Liberecký kraj,A04,Jiné bakteriální střevní infekce,66015019,15–19 let,Z,0,3
2022,9,CZ051,Liberecký kraj,A04,Jiné bakteriální střevní infekce,66020024,20–24 let,M,0,5
2022,9,CZ051,Liberecký kraj,A04,Jiné bakteriální střevní infekce,66020024,20–24 let,Z,0,2
2022,9,CZ051,Liberecký kraj,A04,Jiné bakteriální střevní infekce,66025029,25–29 let,M,0,1
2022,9,CZ051,Liberecký kraj,A04,Jiné bakteriální střevní infekce,66025029,25–29 let,Z,0,2
2022,9,CZ051,Liberecký kraj,A04,Jiné bakteriální střevní infekce,66030034,30–34 let,Z,0,1
2022,9,CZ051,Liberecký kraj,A04,Jiné bakteriální střevní infekce,66035039,35–39 let,M,0,1
2022,9,CZ051,Liberecký kraj,A04,Jiné bakteriální střevní infekce,66035039,35–39 let,Z,0,1
2022,9,CZ051,Liberecký kraj,A04,Jiné bakteriální střevní infekce,66040044,40–44 let,M,0,3
2022,9,CZ051,Liberecký kraj,A04,Jiné bakteriální střevní infekce,66040044,40–44 let,Z,0,1
2022,9,CZ051,Liberecký kraj,A04,Jiné bakteriální střevní infekce,66045049,45–49 let,M,0,2
2022,9,CZ051,Liberecký kraj,A04,Jiné bakteriální střevní infekce,66050054,50–54 let,M,0,2
2022,9,CZ051,Liberecký kraj,A04,Jiné bakteriální střevní infekce,66050054,50–54 let,Z,0,3
2022,9,CZ051,Liberecký kraj,A04,Jiné bakteriální střevní infekce,66055059,55–59 let,Z,0,3
2022,9,CZ051,Liberecký kraj,A04,Jiné bakteriální střevní infekce,66060064,60–64 let,M,0,2
2022,9,CZ051,Liberecký kraj,A04,Jiné bakteriální střevní infekce,66060064,60–64 let,Z,0,2
2022,9,CZ051,Liberecký kraj,A04,Jiné bakteriální střevní infekce,66065069,65–69 let,M,0,2
2022,9,CZ051,Liberecký kraj,A04,Jiné bakteriální střevní infekce,66065069,65–69 let,Z,0,1
2022,9,CZ051,Liberecký kraj,A04,Jiné bakteriální střevní infekce,66070074,70–74 let,M,0,1
2022,9,CZ051,Liberecký kraj,A04,Jiné bakteriální střevní infekce,66070074,70–74 let,Z,0,1
2022,9,CZ051,Liberecký kraj,A04,Jiné bakteriální střevní infekce,66075999,75+ let,M,0,5
2022,9,CZ051,Liberecký kraj,A04,Jiné bakteriální střevní infekce,66075999,75+ let,Z,0,5
2022,9,CZ051,Liberecký kraj,A08,Střevní infekce viry a jinými určenými mikroorganismy,66000000,0 let,M,0,2
2022,9,CZ051,Liberecký kraj,A08,Střevní infekce viry a jinými určenými mikroorganismy,66000000,0 let,Z,0,2
2022,9,CZ051,Liberecký kraj,A08,Střevní infekce viry a jinými určenými mikroorganismy,66001004,1–4 roky,M,0,8
2022,9,CZ051,Liberecký kraj,A08,Střevní infekce viry a jinými určenými mikroorganismy,66001004,1–4 roky,Z,0,6
2022,9,CZ051,Liberecký kraj,A08,Střevní infekce viry a jinými určenými mikroorganismy,66005009,5–9 let,M,0,2
2022,9,CZ051,Liberecký kraj,A08,Střevní infekce viry a jinými určenými mikroorganismy,66010014,10–14 let,M,0,1
2022,9,CZ051,Liberecký kraj,A08,Střevní infekce viry a jinými určenými mikroorganismy,66010014,10–14 let,Z,0,1
2022,9,CZ051,Liberecký kraj,A08,Střevní infekce viry a jinými určenými mikroorganismy,66015019,15–19 let,M,0,1
2022,9,CZ051,Liberecký kraj,A08,Střevní infekce viry a jinými určenými mikroorganismy,66065069,65–69 let,Z,0,1
2022,9,CZ051,Liberecký kraj,A08,Střevní infekce viry a jinými určenými mikroorganismy,66070074,70–74 let,M,0,1
2022,9,CZ051,Liberecký kraj,A08,Střevní infekce viry a jinými určenými mikroorganismy,66075999,75+ let,Z,0,3
2022,9,CZ051,Liberecký kraj,A35,Tetanus jiný,66075999,75+ let,Z,0,1
2022,9,CZ051,Liberecký kraj,A38,Spála [scarlatina],66001004,1–4 roky,M,0,2
2022,9,CZ051,Liberecký kraj,A38,Spála [scarlatina],66001004,1–4 roky,Z,0,2
2022,9,CZ051,Liberecký kraj,A38,Spála [scarlatina],66005009,5–9 let,M,0,2
2022,9,CZ051,Liberecký kraj,A38,Spála [scarlatina],66005009,5–9 let,Z,0,3
2022,9,CZ051,Liberecký kraj,A40,Streptokoková sepse,66040044,40–44 let,M,0,1
2022,9,CZ051,Liberecký kraj,A40,Streptokoková sepse,66065069,65–69 let,M,0,1
2022,9,CZ051,Liberecký kraj,A41,Jiná sepse,66040044,40–44 let,M,0,1
2022,9,CZ051,Liberecký kraj,A41,Jiná sepse,66045049,45–49 let,Z,0,1
2022,9,CZ051,Liberecký kraj,A41,Jiná sepse,66065069,65–69 let,M,0,2
2022,9,CZ051,Liberecký kraj,A46,Růže – erysipel,66065069,65–69 let,Z,0,1
2022,9,CZ051,Liberecký kraj,A46,Růže – erysipel,66075999,75+ let,M,0,1
2022,9,CZ051,Liberecký kraj,A46,Růže – erysipel,66075999,75+ let,Z,0,1
2022,9,CZ051,Liberecký kraj,A48,Jiné bakteriální nemoci nezařazené jinde,66050054,50–54 let,M,0,1
2022,9,CZ051,Liberecký kraj,A48,Jiné bakteriální nemoci nezařazené jinde,66060064,60–64 let,M,0,1
2022,9,CZ051,Liberecký kraj,A48,Jiné bakteriální nemoci nezařazené jinde,66065069,65–69 let,Z,0,1
2022,9,CZ051,Liberecký kraj,A48,Jiné bakteriální nemoci nezařazené jinde,66070074,70–74 let,Z,0,1
2022,9,CZ051,Liberecký kraj,A56,Jiná chlamydiová onemocnění přenášená pohlavním stykem,66015019,15–19 let,Z,0,1
2022,9,CZ051,Liberecký kraj,A56,Jiná chlamydiová onemocnění přenášená pohlavním stykem,66020024,20–24 let,Z,0,2
2022,9,CZ051,Liberecký kraj,A56,Jiná chlamydiová onemocnění přenášená pohlavním stykem,66030034,30–34 let,M,0,2
2022,9,CZ051,Liberecký kraj,A56,Jiná chlamydiová onemocnění přenášená pohlavním stykem,66040044,40–44 let,Z,0,1
2022,9,CZ051,Liberecký kraj,A59,Trichomoniáza,66025029,25–29 let,Z,0,1
2022,9,CZ051,Liberecký kraj,A69,Jiné spirochetové infekce,66001004,1–4 roky,M,0,1
2022,9,CZ051,Liberecký kraj,A69,Jiné spirochetové infekce,66005009,5–9 let,M,0,2
2022,9,CZ051,Liberecký kraj,A69,Jiné spirochetové infekce,66010014,10–14 let,M,0,1
2022,9,CZ051,Liberecký kraj,A69,Jiné spirochetové infekce,66020024,20–24 let,M,0,1
2022,9,CZ051,Liberecký kraj,A69,Jiné spirochetové infekce,66030034,30–34 let,M,0,2
2022,9,CZ051,Liberecký kraj,A69,Jiné spirochetové infekce,66030034,30–34 let,Z,0,1
2022,9,CZ051,Liberecký kraj,A69,Jiné spirochetové infekce,66035039,35–39 let,Z,0,1
2022,9,CZ051,Liberecký kraj,A69,Jiné spirochetové infekce,66045049,45–49 let,M,0,1
2022,9,CZ051,Liberecký kraj,A69,Jiné spirochetové infekce,66045049,45–49 let,Z,0,2
2022,9,CZ051,Liberecký kraj,A69,Jiné spirochetové infekce,66055059,55–59 let,Z,0,1
2022,9,CZ051,Liberecký kraj,A69,Jiné spirochetové infekce,66060064,60–64 let,M,0,2
2022,9,CZ051,Liberecký kraj,A69,Jiné spirochetové infekce,66060064,60–64 let,Z,0,1
2022,9,CZ051,Liberecký kraj,A69,Jiné spirochetové infekce,66065069,65–69 let,M,0,1
2022,9,CZ051,Liberecký kraj,A69,Jiné spirochetové infekce,66065069,65–69 let,Z,0,1
2022,9,CZ051,Liberecký kraj,A69,Jiné spirochetové infekce,66070074,70–74 let,M,0,1
2022,9,CZ051,Liberecký kraj,A69,Jiné spirochetové infekce,66075999,75+ let,M,0,1
2022,9,CZ051,Liberecký kraj,A69,Jiné spirochetové infekce,66075999,75+ let,Z,0,1
2022,9,CZ051,Liberecký kraj,A84,Virová encefalitida přenášená klíšťaty,66010014,10–14 let,Z,0,1
2022,9,CZ051,Liberecký kraj,A84,Virová encefalitida přenášená klíšťaty,66055059,55–59 let,Z,0,1
2022,9,CZ051,Liberecký kraj,A87,Virová meningitida,66005009,5–9 let,M,0,1
2022,9,CZ051,Liberecký kraj,B00,Infekce virem Herpes simplex,66001004,1–4 roky,M,0,1
2022,9,CZ051,Liberecký kraj,B00,Infekce virem Herpes simplex,66001004,1–4 roky,Z,0,1
2022,9,CZ051,Liberecký kraj,B01,Plané neštovice [varicella],66000000,0 let,M,0,2
2022,9,CZ051,Liberecký kraj,B01,Plané neštovice [varicella],66000000,0 let,Z,0,1
2022,9,CZ051,Liberecký kraj,B01,Plané neštovice [varicella],66001004,1–4 roky,M,0,15
2022,9,CZ051,Liberecký kraj,B01,Plané neštovice [varicella],66001004,1–4 roky,Z,0,15
2022,9,CZ051,Liberecký kraj,B01,Plané neštovice [varicella],66005009,5–9 let,M,0,7
2022,9,CZ051,Liberecký kraj,B01,Plané neštovice [varicella],66005009,5–9 let,Z,0,8
2022,9,CZ051,Liberecký kraj,B01,Plané neštovice [varicella],66010014,10–14 let,M,0,1
2022,9,CZ051,Liberecký kraj,B01,Plané neštovice [varicella],66010014,10–14 let,Z,0,1
2022,9,CZ051,Liberecký kraj,B01,Plané neštovice [varicella],66025029,25–29 let,Z,0,1
2022,9,CZ051,Liberecký kraj,B02,Pásový opar [herpes zoster],66020024,20–24 let,Z,0,1
2022,9,CZ051,Liberecký kraj,B02,Pásový opar [herpes zoster],66050054,50–54 let,M,0,1
2022,9,CZ051,Liberecký kraj,B02,Pásový opar [herpes zoster],66055059,55–59 let,Z,0,1
2022,9,CZ051,Liberecký kraj,B02,Pásový opar [herpes zoster],66065069,65–69 let,M,0,2
2022,9,CZ051,Liberecký kraj,B02,Pásový opar [herpes zoster],66075999,75+ let,M,0,1
2022,9,CZ051,Liberecký kraj,B08,Jiné virové infekce charakterizované postižením kůže a sliznic NJ,66000000,0 let,M,0,3
2022,9,CZ051,Liberecký kraj,B08,Jiné virové infekce charakterizované postižením kůže a sliznic NJ,66001004,1–4 roky,M,0,8
2022,9,CZ051,Liberecký kraj,B08,Jiné virové infekce charakterizované postižením kůže a sliznic NJ,66001004,1–4 roky,Z,0,1
2022,9,CZ051,Liberecký kraj,B08,Jiné virové infekce charakterizované postižením kůže a sliznic NJ,66005009,5–9 let,M,0,3
2022,9,CZ051,Liberecký kraj,B08,Jiné virové infekce charakterizované postižením kůže a sliznic NJ,66010014,10–14 let,M,0,1
2022,9,CZ051,Liberecký kraj,B08,Jiné virové infekce charakterizované postižením kůže a sliznic NJ,66025029,25–29 let,M,0,1
2022,9,CZ051,Liberecký kraj,B17,Jiná akutní virová hepatitida,66070074,70–74 let,Z,0,1
2022,9,CZ051,Liberecký kraj,B18,Chronická virová hepatitida,66040044,40–44 let,Z,0,1
2022,9,CZ051,Liberecký kraj,B26,Příušnice [parotitis epidemica],66010014,10–14 let,Z,0,1
2022,9,CZ051,Liberecký kraj,B27,Infekční mononukleóza,66001004,1–4 roky,M,0,1
2022,9,CZ051,Liberecký kraj,B27,Infekční mononukleóza,66050054,50–54 let,M,0,1
2022,9,CZ051,Liberecký kraj,B35,Dermatofytóza,66010014,10–14 let,M,0,1
2022,9,CZ051,Liberecký kraj,B35,Dermatofytóza,66010014,10–14 let,Z,0,1
2022,9,CZ051,Liberecký kraj,B35,Dermatofytóza,66025029,25–29 let,Z,0,1
2022,9,CZ051,Liberecký kraj,B35,Dermatofytóza,66030034,30–34 let,Z,0,1
2022,9,CZ051,Liberecký kraj,B35,Dermatofytóza,66040044,40–44 let,M,0,1
2022,9,CZ051,Liberecký kraj,B35,Dermatofytóza,66045049,45–49 let,M,0,1
2022,9,CZ051,Liberecký kraj,B35,Dermatofytóza,66055059,55–59 let,M,0,3
2022,9,CZ051,Liberecký kraj,B35,Dermatofytóza,66060064,60–64 let,M,0,1
2022,9,CZ051,Liberecký kraj,B35,Dermatofytóza,66065069,65–69 let,Z,0,1
2022,9,CZ051,Liberecký kraj,B35,Dermatofytóza,66070074,70–74 let,Z,0,1
2022,9,CZ051,Liberecký kraj,B35,Dermatofytóza,66075999,75+ let,M,0,2
2022,9,CZ051,Liberecký kraj,B35,Dermatofytóza,66075999,75+ let,Z,0,3
2022,9,CZ051,Liberecký kraj,B86,Svrab [scabies],66000000,0 let,M,0,1
2022,9,CZ051,Liberecký kraj,B86,Svrab [scabies],66001004,1–4 roky,M,0,1
2022,9,CZ051,Liberecký kraj,B86,Svrab [scabies],66005009,5–9 let,M,0,3
2022,9,CZ051,Liberecký kraj,B86,Svrab [scabies],66005009,5–9 let,Z,0,4
2022,9,CZ051,Liberecký kraj,B86,Svrab [scabies],66010014,10–14 let,M,0,2
2022,9,CZ051,Liberecký kraj,B86,Svrab [scabies],66010014,10–14 let,Z,0,3
2022,9,CZ051,Liberecký kraj,B86,Svrab [scabies],66015019,15–19 let,M,0,1
2022,9,CZ051,Liberecký kraj,B86,Svrab [scabies],66015019,15–19 let,Z,0,2
2022,9,CZ051,Liberecký kraj,B86,Svrab [scabies],66020024,20–24 let,M,0,1
2022,9,CZ051,Liberecký kraj,B86,Svrab [scabies],66020024,20–24 let,Z,0,2
2022,9,CZ051,Liberecký kraj,B86,Svrab [scabies],66025029,25–29 let,M,0,2
2022,9,CZ051,Liberecký kraj,B86,Svrab [scabies],66025029,25–29 let,Z,0,2
2022,9,CZ051,Liberecký kraj,B86,Svrab [scabies],66030034,30–34 let,M,0,1
2022,9,CZ051,Liberecký kraj,B86,Svrab [scabies],66030034,30–34 let,Z,0,1
2022,9,CZ051,Liberecký kraj,B86,Svrab [scabies],66035039,35–39 let,M,0,2
2022,9,CZ051,Liberecký kraj,B86,Svrab [scabies],66040044,40–44 let,M,0,3
2022,9,CZ051,Liberecký kraj,B86,Svrab [scabies],66040044,40–44 let,Z,0,1
2022,9,CZ051,Liberecký kraj,B86,Svrab [scabies],66045049,45–49 let,M,0,1
2022,9,CZ051,Liberecký kraj,B86,Svrab [scabies],66050054,50–54 let,Z,0,1
2022,9,CZ051,Liberecký kraj,J13,Zánět plic‚ původce: Streptococcus pneumoniae,66035039,35–39 let,M,0,1
2022,9,CZ051,Liberecký kraj,W54,Kousnutí nebo úder psem,66075999,75+ let,Z,0,1
2022,9,CZ051,Liberecký kraj,W55,Kousnutí nebo úder jinými savci,66050054,50–54 let,Z,0,1
2022,10,CZ051,Liberecký kraj,A02,Jiné infekce způsobené salmonelami,66000000,0 let,Z,0,1
2022,10,CZ051,Liberecký kraj,A02,Jiné infekce způsobené salmonelami,66001004,1–4 roky,Z,0,2
2022,10,CZ051,Liberecký kraj,A02,Jiné infekce způsobené salmonelami,66005009,5–9 let,M,0,1
2022,10,CZ051,Liberecký kraj,A02,Jiné infekce způsobené salmonelami,66005009,5–9 let,Z,0,4
2022,10,CZ051,Liberecký kraj,A02,Jiné infekce způsobené salmonelami,66010014,10–14 let,M,0,1
2022,10,CZ051,Liberecký kraj,A02,Jiné infekce způsobené salmonelami,66010014,10–14 let,Z,0,4
2022,10,CZ051,Liberecký kraj,A02,Jiné infekce způsobené salmonelami,66015019,15–19 let,M,0,1
2022,10,CZ051,Liberecký kraj,A02,Jiné infekce způsobené salmonelami,66015019,15–19 let,Z,0,1
2022,10,CZ051,Liberecký kraj,A02,Jiné infekce způsobené salmonelami,66030034,30–34 let,Z,0,1
2022,10,CZ051,Liberecký kraj,A02,Jiné infekce způsobené salmonelami,66040044,40–44 let,M,0,3
2022,10,CZ051,Liberecký kraj,A02,Jiné infekce způsobené salmonelami,66040044,40–44 let,Z,0,1
2022,10,CZ051,Liberecký kraj,A02,Jiné infekce způsobené salmonelami,66045049,45–49 let,M,0,1
2022,10,CZ051,Liberecký kraj,A02,Jiné infekce způsobené salmonelami,66050054,50–54 let,M,0,2
2022,10,CZ051,Liberecký kraj,A02,Jiné infekce způsobené salmonelami,66060064,60–64 let,Z,0,1
2022,10,CZ051,Liberecký kraj,A02,Jiné infekce způsobené salmonelami,66065069,65–69 let,Z,0,1
2022,10,CZ051,Liberecký kraj,A02,Jiné infekce způsobené salmonelami,66075999,75+ let,M,0,2
2022,10,CZ051,Liberecký kraj,A02,Jiné infekce způsobené salmonelami,66075999,75+ let,Z,0,2
2022,10,CZ051,Liberecký kraj,A04,Jiné bakteriální střevní infekce,66000000,0 let,M,0,3
2022,10,CZ051,Liberecký kraj,A04,Jiné bakteriální střevní infekce,66000000,0 let,Z,0,1
2022,10,CZ051,Liberecký kraj,A04,Jiné bakteriální střevní infekce,66001004,1–4 roky,M,0,9
2022,10,CZ051,Liberecký kraj,A04,Jiné bakteriální střevní infekce,66001004,1–4 roky,Z,0,1
2022,10,CZ051,Liberecký kraj,A04,Jiné bakteriální střevní infekce,66005009,5–9 let,M,0,1
2022,10,CZ051,Liberecký kraj,A04,Jiné bakteriální střevní infekce,66005009,5–9 let,Z,0,2
2022,10,CZ051,Liberecký kraj,A04,Jiné bakteriální střevní infekce,66010014,10–14 let,M,0,3
2022,10,CZ051,Liberecký kraj,A04,Jiné bakteriální střevní infekce,66015019,15–19 let,M,0,2
2022,10,CZ051,Liberecký kraj,A04,Jiné bakteriální střevní infekce,66020024,20–24 let,Z,0,3
2022,10,CZ051,Liberecký kraj,A04,Jiné bakteriální střevní infekce,66025029,25–29 let,M,0,6
2022,10,CZ051,Liberecký kraj,A04,Jiné bakteriální střevní infekce,66025029,25–29 let,Z,0,1
2022,10,CZ051,Liberecký kraj,A04,Jiné bakteriální střevní infekce,66030034,30–34 let,M,0,2
2022,10,CZ051,Liberecký kraj,A04,Jiné bakteriální střevní infekce,66040044,40–44 let,M,0,1
2022,10,CZ051,Liberecký kraj,A04,Jiné bakteriální střevní infekce,66050054,50–54 let,M,0,1
2022,10,CZ051,Liberecký kraj,A04,Jiné bakteriální střevní infekce,66055059,55–59 let,M,0,1
2022,10,CZ051,Liberecký kraj,A04,Jiné bakteriální střevní infekce,66060064,60–64 let,M,0,1
2022,10,CZ051,Liberecký kraj,A04,Jiné bakteriální střevní infekce,66065069,65–69 let,M,0,3
2022,10,CZ051,Liberecký kraj,A04,Jiné bakteriální střevní infekce,66065069,65–69 let,Z,0,2
2022,10,CZ051,Liberecký kraj,A04,Jiné bakteriální střevní infekce,66070074,70–74 let,M,0,4
2022,10,CZ051,Liberecký kraj,A04,Jiné bakteriální střevní infekce,66070074,70–74 let,Z,0,4
2022,10,CZ051,Liberecký kraj,A04,Jiné bakteriální střevní infekce,66075999,75+ let,M,0,4
2022,10,CZ051,Liberecký kraj,A04,Jiné bakteriální střevní infekce,66075999,75+ let,Z,0,7
2022,10,CZ051,Liberecký kraj,A08,Střevní infekce viry a jinými určenými mikroorganismy,66000000,0 let,M,0,3
2022,10,CZ051,Liberecký kraj,A08,Střevní infekce viry a jinými určenými mikroorganismy,66001004,1–4 roky,M,0,5
2022,10,CZ051,Liberecký kraj,A08,Střevní infekce viry a jinými určenými mikroorganismy,66001004,1–4 roky,Z,0,3
2022,10,CZ051,Liberecký kraj,A08,Střevní infekce viry a jinými určenými mikroorganismy,66005009,5–9 let,Z,0,1
2022,10,CZ051,Liberecký kraj,A08,Střevní infekce viry a jinými určenými mikroorganismy,66010014,10–14 let,Z,0,1
2022,10,CZ051,Liberecký kraj,A08,Střevní infekce viry a jinými určenými mikroorganismy,66015019,15–19 let,M,0,1
2022,10,CZ051,Liberecký kraj,A08,Střevní infekce viry a jinými určenými mikroorganismy,66040044,40–44 let,M,0,1
2022,10,CZ051,Liberecký kraj,A08,Střevní infekce viry a jinými určenými mikroorganismy,66065069,65–69 let,Z,0,1
2022,10,CZ051,Liberecký kraj,A08,Střevní infekce viry a jinými určenými mikroorganismy,66075999,75+ let,M,0,1
2022,10,CZ051,Liberecký kraj,A08,Střevní infekce viry a jinými určenými mikroorganismy,66075999,75+ let,Z,0,1
2022,10,CZ051,Liberecký kraj,A37,Dávivý kašel [pertussis],66050054,50–54 let,M,0,1
2022,10,CZ051,Liberecký kraj,A38,Spála [scarlatina],66001004,1–4 roky,M,0,1
2022,10,CZ051,Liberecký kraj,A38,Spála [scarlatina],66001004,1–4 roky,Z,0,1
2022,10,CZ051,Liberecký kraj,A38,Spála [scarlatina],66005009,5–9 let,M,0,6
2022,10,CZ051,Liberecký kraj,A38,Spála [scarlatina],66005009,5–9 let,Z,0,3
2022,10,CZ051,Liberecký kraj,A38,Spála [scarlatina],66010014,10–14 let,Z,0,1
2022,10,CZ051,Liberecký kraj,A40,Streptokoková sepse,66005009,5–9 let,M,0,1
2022,10,CZ051,Liberecký kraj,A40,Streptokoková sepse,66075999,75+ let,M,0,1
2022,10,CZ051,Liberecký kraj,A41,Jiná sepse,66025029,25–29 let,M,0,1
2022,10,CZ051,Liberecký kraj,A41,Jiná sepse,66050054,50–54 let,M,0,1
2022,10,CZ051,Liberecký kraj,A41,Jiná sepse,66055059,55–59 let,Z,0,1
2022,10,CZ051,Liberecký kraj,A41,Jiná sepse,66060064,60–64 let,M,0,1
2022,10,CZ051,Liberecký kraj,A41,Jiná sepse,66070074,70–74 let,M,0,1
2022,10,CZ051,Liberecký kraj,A41,Jiná sepse,66070074,70–74 let,Z,0,3
2022,10,CZ051,Liberecký kraj,A41,Jiná sepse,66075999,75+ let,M,0,3
2022,10,CZ051,Liberecký kraj,A41,Jiná sepse,66075999,75+ let,Z,0,3
2022,10,CZ051,Liberecký kraj,A46,Růže – erysipel,66045049,45–49 let,M,0,1
2022,10,CZ051,Liberecký kraj,A48,Jiné bakteriální nemoci nezařazené jinde,66040044,40–44 let,M,0,1
2022,10,CZ051,Liberecký kraj,A48,Jiné bakteriální nemoci nezařazené jinde,66055059,55–59 let,Z,0,1
2022,10,CZ051,Liberecký kraj,A48,Jiné bakteriální nemoci nezařazené jinde,66075999,75+ let,M,0,1
2022,10,CZ051,Liberecký kraj,A56,Jiná chlamydiová onemocnění přenášená pohlavním stykem,66015019,15–19 let,M,0,1
2022,10,CZ051,Liberecký kraj,A56,Jiná chlamydiová onemocnění přenášená pohlavním stykem,66015019,15–19 let,Z,0,2
2022,10,CZ051,Liberecký kraj,A56,Jiná chlamydiová onemocnění přenášená pohlavním stykem,66020024,20–24 let,M,0,1
2022,10,CZ051,Liberecký kraj,A56,Jiná chlamydiová onemocnění přenášená pohlavním stykem,66020024,20–24 let,Z,0,1
2022,10,CZ051,Liberecký kraj,A56,Jiná chlamydiová onemocnění přenášená pohlavním stykem,66025029,25–29 let,M,0,3
2022,10,CZ051,Liberecký kraj,A56,Jiná chlamydiová onemocnění přenášená pohlavním stykem,66035039,35–39 let,M,0,3
2022,10,CZ051,Liberecký kraj,A56,Jiná chlamydiová onemocnění přenášená pohlavním stykem,66055059,55–59 let,Z,0,1
2022,10,CZ051,Liberecký kraj,A59,Trichomoniáza,66025029,25–29 let,Z,0,1
2022,10,CZ051,Liberecký kraj,A69,Jiné spirochetové infekce,66001004,1–4 roky,M,0,2
2022,10,CZ051,Liberecký kraj,A69,Jiné spirochetové infekce,66001004,1–4 roky,Z,0,1
2022,10,CZ051,Liberecký kraj,A69,Jiné spirochetové infekce,66005009,5–9 let,M,0,3
2022,10,CZ051,Liberecký kraj,A69,Jiné spirochetové infekce,66005009,5–9 let,Z,0,2
2022,10,CZ051,Liberecký kraj,A69,Jiné spirochetové infekce,66010014,10–14 let,Z,0,1
2022,10,CZ051,Liberecký kraj,A69,Jiné spirochetové infekce,66015019,15–19 let,M,0,1
2022,10,CZ051,Liberecký kraj,A69,Jiné spirochetové infekce,66030034,30–34 let,M,0,2
2022,10,CZ051,Liberecký kraj,A69,Jiné spirochetové infekce,66045049,45–49 let,M,0,1
2022,10,CZ051,Liberecký kraj,A69,Jiné spirochetové infekce,66045049,45–49 let,Z,0,2
2022,10,CZ051,Liberecký kraj,A69,Jiné spirochetové infekce,66050054,50–54 let,Z,0,1
2022,10,CZ051,Liberecký kraj,A69,Jiné spirochetové infekce,66055059,55–59 let,M,0,2
2022,10,CZ051,Liberecký kraj,A69,Jiné spirochetové infekce,66055059,55–59 let,Z,0,1
2022,10,CZ051,Liberecký kraj,A69,Jiné spirochetové infekce,66065069,65–69 let,M,0,1
2022,10,CZ051,Liberecký kraj,A69,Jiné spirochetové infekce,66065069,65–69 let,Z,0,2
2023,8,CZ051,Liberecký kraj,W54,Kousnutí nebo úder psem,66030034,30–34 let,M,0,1
2023,8,CZ051,Liberecký kraj,W54,Kousnutí nebo úder psem,66030034,30–34 let,Z,0,1
2023,8,CZ051,Liberecký kraj,W54,Kousnutí nebo úder psem,66040044,40–44 let,M,0,1
2023,8,CZ051,Liberecký kraj,W54,Kousnutí nebo úder psem,66040044,40–44 let,Z,0,1
2023,8,CZ051,Liberecký kraj,W54,Kousnutí nebo úder psem,66045049,45–49 let,M,0,1
2023,8,CZ051,Liberecký kraj,W54,Kousnutí nebo úder psem,66050054,50–54 let,M,0,1
2023,8,CZ051,Liberecký kraj,W54,Kousnutí nebo úder psem,66055059,55–59 let,M,0,2
2023,8,CZ051,Liberecký kraj,W54,Kousnutí nebo úder psem,66060064,60–64 let,M,0,2
2023,8,CZ051,Liberecký kraj,W54,Kousnutí nebo úder psem,66060064,60–64 let,Z,0,1
2023,8,CZ051,Liberecký kraj,W54,Kousnutí nebo úder psem,66070074,70–74 let,M,0,1
2023,8,CZ051,Liberecký kraj,W54,Kousnutí nebo úder psem,66075999,75+ let,Z,0,1
2023,8,CZ051,Liberecký kraj,W55,Kousnutí nebo úder jinými savci,66015019,15–19 let,M,0,1
2023,8,CZ051,Liberecký kraj,W55,Kousnutí nebo úder jinými savci,66020024,20–24 let,M,0,1
2023,8,CZ051,Liberecký kraj,W55,Kousnutí nebo úder jinými savci,66020024,20–24 let,Z,0,1
2023,8,CZ051,Liberecký kraj,W55,Kousnutí nebo úder jinými savci,66030034,30–34 let,M,0,1
2023,8,CZ051,Liberecký kraj,W55,Kousnutí nebo úder jinými savci,66030034,30–34 let,Z,0,2
2023,8,CZ051,Liberecký kraj,W55,Kousnutí nebo úder jinými savci,66035039,35–39 let,M,0,1
2023,8,CZ051,Liberecký kraj,W55,Kousnutí nebo úder jinými savci,66035039,35–39 let,Z,0,1
2023,8,CZ051,Liberecký kraj,W55,Kousnutí nebo úder jinými savci,66040044,40–44 let,Z,0,2
2023,8,CZ051,Liberecký kraj,W55,Kousnutí nebo úder jinými savci,66045049,45–49 let,M,0,1
2023,8,CZ051,Liberecký kraj,W55,Kousnutí nebo úder jinými savci,66045049,45–49 let,Z,0,1
2023,8,CZ051,Liberecký kraj,W55,Kousnutí nebo úder jinými savci,66065069,65–69 let,M,0,1
2023,9,CZ051,Liberecký kraj,A02,Jiné infekce způsobené salmonelami,66001004,1–4 roky,M,0,3
2023,9,CZ051,Liberecký kraj,A02,Jiné infekce způsobené salmonelami,66001004,1–4 roky,Z,0,4
2023,9,CZ051,Liberecký kraj,A02,Jiné infekce způsobené salmonelami,66005009,5–9 let,Z,0,1
2023,9,CZ051,Liberecký kraj,A02,Jiné infekce způsobené salmonelami,66010014,10–14 let,M,0,2
2023,9,CZ051,Liberecký kraj,A02,Jiné infekce způsobené salmonelami,66010014,10–14 let,Z,0,4
2023,9,CZ051,Liberecký kraj,A02,Jiné infekce způsobené salmonelami,66015019,15–19 let,M,0,2
2023,9,CZ051,Liberecký kraj,A02,Jiné infekce způsobené salmonelami,66015019,15–19 let,Z,0,1
2023,9,CZ051,Liberecký kraj,A02,Jiné infekce způsobené salmonelami,66045049,45–49 let,M,0,1
2023,9,CZ051,Liberecký kraj,A02,Jiné infekce způsobené salmonelami,66045049,45–49 let,Z,0,2
2023,9,CZ051,Liberecký kraj,A02,Jiné infekce způsobené salmonelami,66050054,50–54 let,Z,0,1
2023,9,CZ051,Liberecký kraj,A02,Jiné infekce způsobené salmonelami,66070074,70–74 let,Z,0,1
2023,9,CZ051,Liberecký kraj,A02,Jiné infekce způsobené salmonelami,66075999,75+ let,Z,0,1
2023,9,CZ051,Liberecký kraj,A04,Jiné bakteriální střevní infekce,66000000,0 let,M,0,1
2023,9,CZ051,Liberecký kraj,A04,Jiné bakteriální střevní infekce,66001004,1–4 roky,M,0,4
2023,9,CZ051,Liberecký kraj,A04,Jiné bakteriální střevní infekce,66001004,1–4 roky,Z,0,9
2023,9,CZ051,Liberecký kraj,A04,Jiné bakteriální střevní infekce,66005009,5–9 let,M,0,2
2023,9,CZ051,Liberecký kraj,A04,Jiné bakteriální střevní infekce,66010014,10–14 let,M,0,1
2023,9,CZ051,Liberecký kraj,A04,Jiné bakteriální střevní infekce,66010014,10–14 let,Z,0,2
2023,9,CZ051,Liberecký kraj,A04,Jiné bakteriální střevní infekce,66015019,15–19 let,M,0,3
2023,9,CZ051,Liberecký kraj,A04,Jiné bakteriální střevní infekce,66015019,15–19 let,Z,0,3
2023,9,CZ051,Liberecký kraj,A04,Jiné bakteriální střevní infekce,66020024,20–24 let,M,0,1
2023,9,CZ051,Liberecký kraj,A04,Jiné bakteriální střevní infekce,66030034,30–34 let,M,0,1
2023,9,CZ051,Liberecký kraj,A04,Jiné bakteriální střevní infekce,66030034,30–34 let,Z,0,1
2023,9,CZ051,Liberecký kraj,A04,Jiné bakteriální střevní infekce,66035039,35–39 let,M,0,1
2023,9,CZ051,Liberecký kraj,A04,Jiné bakteriální střevní infekce,66040044,40–44 let,M,0,1
2023,9,CZ051,Liberecký kraj,A04,Jiné bakteriální střevní infekce,66040044,40–44 let,Z,0,2
2023,9,CZ051,Liberecký kraj,A04,Jiné bakteriální střevní infekce,66045049,45–49 let,M,0,1
2023,9,CZ051,Liberecký kraj,A04,Jiné bakteriální střevní infekce,66045049,45–49 let,Z,0,3
2023,9,CZ051,Liberecký kraj,A04,Jiné bakteriální střevní infekce,66050054,50–54 let,M,0,1
2023,9,CZ051,Liberecký kraj,A04,Jiné bakteriální střevní infekce,66050054,50–54 let,Z,0,2
2023,9,CZ051,Liberecký kraj,A04,Jiné bakteriální střevní infekce,66055059,55–59 let,M,0,2
2023,9,CZ051,Liberecký kraj,A04,Jiné bakteriální střevní infekce,66060064,60–64 let,M,0,1
2023,9,CZ051,Liberecký kraj,A04,Jiné bakteriální střevní infekce,66065069,65–69 let,Z,0,1
2023,9,CZ051,Liberecký kraj,A04,Jiné bakteriální střevní infekce,66070074,70–74 let,M,0,3
2023,9,CZ051,Liberecký kraj,A04,Jiné bakteriální střevní infekce,66070074,70–74 let,Z,0,3
2023,9,CZ051,Liberecký kraj,A04,Jiné bakteriální střevní infekce,66075999,75+ let,M,0,4
2023,9,CZ051,Liberecký kraj,A04,Jiné bakteriální střevní infekce,66075999,75+ let,Z,0,3
2023,9,CZ051,Liberecký kraj,A08,Střevní infekce viry a jinými určenými mikroorganismy,66000000,0 let,M,0,1
2023,9,CZ051,Liberecký kraj,A08,Střevní infekce viry a jinými určenými mikroorganismy,66000000,0 let,Z,0,1
2023,9,CZ051,Liberecký kraj,A08,Střevní infekce viry a jinými určenými mikroorganismy,66001004,1–4 roky,M,0,4
2023,9,CZ051,Liberecký kraj,A08,Střevní infekce viry a jinými určenými mikroorganismy,66001004,1–4 roky,Z,0,6
2023,9,CZ051,Liberecký kraj,A08,Střevní infekce viry a jinými určenými mikroorganismy,66005009,5–9 let,Z,0,3
2023,9,CZ051,Liberecký kraj,A08,Střevní infekce viry a jinými určenými mikroorganismy,66010014,10–14 let,M,0,1
2023,9,CZ051,Liberecký kraj,A08,Střevní infekce viry a jinými určenými mikroorganismy,66010014,10–14 let,Z,0,2
2023,9,CZ051,Liberecký kraj,A08,Střevní infekce viry a jinými určenými mikroorganismy,66030034,30–34 let,Z,0,1
2023,9,CZ051,Liberecký kraj,A08,Střevní infekce viry a jinými určenými mikroorganismy,66050054,50–54 let,Z,0,2
2023,9,CZ051,Liberecký kraj,A08,Střevní infekce viry a jinými určenými mikroorganismy,66055059,55–59 let,M,0,1
2023,9,CZ051,Liberecký kraj,A08,Střevní infekce viry a jinými určenými mikroorganismy,66060064,60–64 let,Z,0,1
2023,9,CZ051,Liberecký kraj,A08,Střevní infekce viry a jinými určenými mikroorganismy,66075999,75+ let,M,0,1
2023,9,CZ051,Liberecký kraj,A08,Střevní infekce viry a jinými určenými mikroorganismy,66075999,75+ let,Z,0,1
2023,9,CZ051,Liberecký kraj,A21,Tularemie,66040044,40–44 let,Z,0,1
2023,9,CZ051,Liberecký kraj,A21,Tularemie,66055059,55–59 let,Z,0,1
2023,9,CZ051,Liberecký kraj,A26,Červenka – erysipeloid,66060064,60–64 let,M,0,1
2023,9,CZ051,Liberecký kraj,A38,Spála [scarlatina],66001004,1–4 roky,M,0,1
2023,9,CZ051,Liberecký kraj,A38,Spála [scarlatina],66005009,5–9 let,M,0,3
2023,9,CZ051,Liberecký kraj,A38,Spála [scarlatina],66005009,5–9 let,Z,0,3
2023,9,CZ051,Liberecký kraj,A38,Spála [scarlatina],66010014,10–14 let,M,0,1
2023,9,CZ051,Liberecký kraj,A40,Streptokoková sepse,66015019,15–19 let,M,0,1
2023,9,CZ051,Liberecký kraj,A40,Streptokoková sepse,66075999,75+ let,M,0,2
2023,9,CZ051,Liberecký kraj,A41,Jiná sepse,66045049,45–49 let,Z,0,1
2023,9,CZ051,Liberecký kraj,A41,Jiná sepse,66055059,55–59 let,Z,0,1
2023,9,CZ051,Liberecký kraj,A41,Jiná sepse,66065069,65–69 let,Z,0,1
2023,9,CZ051,Liberecký kraj,A41,Jiná sepse,66075999,75+ let,M,0,2
2023,9,CZ051,Liberecký kraj,A41,Jiná sepse,66075999,75+ let,Z,0,2
2023,9,CZ051,Liberecký kraj,A46,Růže – erysipel,66045049,45–49 let,M,0,1
2023,9,CZ051,Liberecký kraj,A48,Jiné bakteriální nemoci nezařazené jinde,66035039,35–39 let,M,0,1
2023,9,CZ051,Liberecký kraj,A48,Jiné bakteriální nemoci nezařazené jinde,66065069,65–69 let,M,0,1
2023,9,CZ051,Liberecký kraj,A48,Jiné bakteriální nemoci nezařazené jinde,66070074,70–74 let,M,0,2
2023,9,CZ051,Liberecký kraj,A48,Jiné bakteriální nemoci nezařazené jinde,66075999,75+ let,M,0,1
2023,9,CZ051,Liberecký kraj,A48,Jiné bakteriální nemoci nezařazené jinde,66075999,75+ let,Z,0,1
2023,9,CZ051,Liberecký kraj,A56,Jiná chlamydiová onemocnění přenášená pohlavním stykem,66015019,15–19 let,M,0,1
2023,9,CZ051,Liberecký kraj,A56,Jiná chlamydiová onemocnění přenášená pohlavním stykem,66015019,15–19 let,Z,0,1
2023,9,CZ051,Liberecký kraj,A56,Jiná chlamydiová onemocnění přenášená pohlavním stykem,66020024,20–24 let,M,0,1
2023,9,CZ051,Liberecký kraj,A56,Jiná chlamydiová onemocnění přenášená pohlavním stykem,66020024,20–24 let,Z,0,2
2023,9,CZ051,Liberecký kraj,A56,Jiná chlamydiová onemocnění přenášená pohlavním stykem,66025029,25–29 let,Z,0,1
2023,9,CZ051,Liberecký kraj,A56,Jiná chlamydiová onemocnění přenášená pohlavním stykem,66030034,30–34 let,M,0,1
2023,9,CZ051,Liberecký kraj,A56,Jiná chlamydiová onemocnění přenášená pohlavním stykem,66060064,60–64 let,Z,0,1
2023,9,CZ051,Liberecký kraj,A59,Trichomoniáza,66035039,35–39 let,Z,0,1
2023,9,CZ051,Liberecký kraj,A63,"Jiné, převážně pohlavním stykem přenášené nemoci nezařazené jinde",66020024,20–24 let,M,0,1
2023,9,CZ051,Liberecký kraj,A69,Jiné spirochetové infekce,66001004,1–4 roky,M,0,2
2023,9,CZ051,Liberecký kraj,A69,Jiné spirochetové infekce,66005009,5–9 let,M,0,1
2023,9,CZ051,Liberecký kraj,A69,Jiné spirochetové infekce,66005009,5–9 let,Z,0,1
2023,9,CZ051,Liberecký kraj,A69,Jiné spirochetové infekce,66010014,10–14 let,Z,0,2
2023,9,CZ051,Liberecký kraj,A69,Jiné spirochetové infekce,66015019,15–19 let,M,0,2
2023,9,CZ051,Liberecký kraj,A69,Jiné spirochetové infekce,66030034,30–34 let,Z,0,1
2023,9,CZ051,Liberecký kraj,A69,Jiné spirochetové infekce,66035039,35–39 let,Z,0,1
2023,9,CZ051,Liberecký kraj,A69,Jiné spirochetové infekce,66040044,40–44 let,M,0,1
2023,9,CZ051,Liberecký kraj,A69,Jiné spirochetové infekce,66040044,40–44 let,Z,0,3
2023,9,CZ051,Liberecký kraj,A69,Jiné spirochetové infekce,66045049,45–49 let,M,0,2
2023,9,CZ051,Liberecký kraj,A69,Jiné spirochetové infekce,66045049,45–49 let,Z,0,3
2023,9,CZ051,Liberecký kraj,A69,Jiné spirochetové infekce,66050054,50–54 let,Z,0,2
2023,9,CZ051,Liberecký kraj,A69,Jiné spirochetové infekce,66055059,55–59 let,Z,0,2
2023,9,CZ051,Liberecký kraj,A69,Jiné spirochetové infekce,66065069,65–69 let,M,0,3
2023,9,CZ051,Liberecký kraj,A69,Jiné spirochetové infekce,66065069,65–69 let,Z,0,2
2023,9,CZ051,Liberecký kraj,A69,Jiné spirochetové infekce,66070074,70–74 let,M,0,3
2023,9,CZ051,Liberecký kraj,A69,Jiné spirochetové infekce,66075999,75+ let,M,0,1
2023,9,CZ051,Liberecký kraj,A69,Jiné spirochetové infekce,66075999,75+ let,Z,0,2
2023,9,CZ051,Liberecký kraj,A84,Virová encefalitida přenášená klíšťaty,66010014,10–14 let,M,0,1
2023,9,CZ051,Liberecký kraj,A84,Virová encefalitida přenášená klíšťaty,66040044,40–44 let,Z,0,1
2023,9,CZ051,Liberecký kraj,A84,Virová encefalitida přenášená klíšťaty,66070074,70–74 let,M,0,1
2023,9,CZ051,Liberecký kraj,A87,Virová meningitida,66005009,5–9 let,Z,0,1
2023,9,CZ051,Liberecký kraj,A97,Dengue,66025029,25–29 let,Z,0,1
2023,9,CZ051,Liberecký kraj,B01,Plané neštovice [varicella],66001004,1–4 roky,M,0,7
2023,9,CZ051,Liberecký kraj,B01,Plané neštovice [varicella],66001004,1–4 roky,Z,0,6
2023,9,CZ051,Liberecký kraj,B01,Plané neštovice [varicella],66005009,5–9 let,M,0,4
2023,9,CZ051,Liberecký kraj,B01,Plané neštovice [varicella],66005009,5–9 let,Z,0,3
2023,9,CZ051,Liberecký kraj,B01,Plané neštovice [varicella],66010014,10–14 let,Z,0,1
2023,9,CZ051,Liberecký kraj,B02,Pásový opar [herpes zoster],66035039,35–39 let,M,0,3
2023,9,CZ051,Liberecký kraj,B02,Pásový opar [herpes zoster],66035039,35–39 let,Z,0,1
2023,9,CZ051,Liberecký kraj,B02,Pásový opar [herpes zoster],66040044,40–44 let,M,0,1
2023,9,CZ051,Liberecký kraj,B02,Pásový opar [herpes zoster],66040044,40–44 let,Z,0,1
2023,9,CZ051,Liberecký kraj,B02,Pásový opar [herpes zoster],66045049,45–49 let,Z,0,2
2023,9,CZ051,Liberecký kraj,B02,Pásový opar [herpes zoster],66050054,50–54 let,M,0,1
2023,9,CZ051,Liberecký kraj,B02,Pásový opar [herpes zoster],66060064,60–64 let,M,0,1
2023,9,CZ051,Liberecký kraj,B02,Pásový opar [herpes zoster],66060064,60–64 let,Z,0,2
2023,9,CZ051,Liberecký kraj,B02,Pásový opar [herpes zoster],66070074,70–74 let,Z,0,1
2023,9,CZ051,Liberecký kraj,B02,Pásový opar [herpes zoster],66075999,75+ let,M,0,2
2023,9,CZ051,Liberecký kraj,B02,Pásový opar [herpes zoster],66075999,75+ let,Z,0,2
2023,9,CZ051,Liberecký kraj,B08,Jiné virové infekce charakterizované postižením kůže a sliznic NJ,66000000,0 let,M,0,1
2023,9,CZ051,Liberecký kraj,B08,Jiné virové infekce charakterizované postižením kůže a sliznic NJ,66000000,0 let,Z,0,1
2023,9,CZ051,Liberecký kraj,B08,Jiné virové infekce charakterizované postižením kůže a sliznic NJ,66001004,1–4 roky,M,0,4
2023,9,CZ051,Liberecký kraj,B08,Jiné virové infekce charakterizované postižením kůže a sliznic NJ,66001004,1–4 roky,Z,0,5
2023,9,CZ051,Liberecký kraj,B08,Jiné virové infekce charakterizované postižením kůže a sliznic NJ,66005009,5–9 let,M,0,1
2023,9,CZ051,Liberecký kraj,B08,Jiné virové infekce charakterizované postižením kůže a sliznic NJ,66005009,5–9 let,Z,0,1
2023,9,CZ051,Liberecký kraj,B17,Jiná akutní virová hepatitida,66065069,65–69 let,Z,0,1
2023,9,CZ051,Liberecký kraj,B17,Jiná akutní virová hepatitida,66070074,70–74 let,Z,0,1
2023,9,CZ051,Liberecký kraj,B18,Chronická virová hepatitida,66030034,30–34 let,M,0,1
2023,9,CZ051,Liberecký kraj,B18,Chronická virová hepatitida,66035039,35–39 let,M,0,1
2023,9,CZ051,Liberecký kraj,B18,Chronická virová hepatitida,66055059,55–59 let,M,0,2
2023,9,CZ051,Liberecký kraj,B18,Chronická virová hepatitida,66065069,65–69 let,Z,0,2
2023,9,CZ051,Liberecký kraj,B27,Infekční mononukleóza,66001004,1–4 roky,Z,0,2
2023,9,CZ051,Liberecký kraj,B27,Infekční mononukleóza,66005009,5–9 let,M,0,1
2023,9,CZ051,Liberecký kraj,B27,Infekční mononukleóza,66010014,10–14 let,Z,0,1
2023,9,CZ051,Liberecký kraj,B27,Infekční mononukleóza,66015019,15–19 let,Z,0,4
2023,9,CZ051,Liberecký kraj,B35,Dermatofytóza,66030034,30–34 let,Z,0,1
2023,9,CZ051,Liberecký kraj,B35,Dermatofytóza,66040044,40–44 let,M,0,1
2023,9,CZ051,Liberecký kraj,B35,Dermatofytóza,66045049,45–49 let,M,0,2
2023,9,CZ051,Liberecký kraj,B35,Dermatofytóza,66050054,50–54 let,M,0,5
2023,9,CZ051,Liberecký kraj,B35,Dermatofytóza,66050054,50–54 let,Z,0,2
2023,9,CZ051,Liberecký kraj,B35,Dermatofytóza,66060064,60–64 let,M,0,1
2023,9,CZ051,Liberecký kraj,B35,Dermatofytóza,66060064,60–64 let,Z,0,1
2023,9,CZ051,Liberecký kraj,B35,Dermatofytóza,66070074,70–74 let,Z,0,1
2023,9,CZ051,Liberecký kraj,B35,Dermatofytóza,66075999,75+ let,M,0,1
2023,9,CZ051,Liberecký kraj,B58,Toxoplazmóza [toxoplasmosis],66015019,15–19 let,Z,0,1
2023,9,CZ051,Liberecký kraj,B80,Enterobióza [enterobiasis],66001004,1–4 roky,M,0,2
2023,9,CZ051,Liberecký kraj,B86,Svrab [scabies],66000000,0 let,Z,0,1
2023,9,CZ051,Liberecký kraj,B86,Svrab [scabies],66001004,1–4 roky,M,0,1
2023,9,CZ051,Liberecký kraj,B86,Svrab [scabies],66001004,1–4 roky,Z,0,3
2023,9,CZ051,Liberecký kraj,B86,Svrab [scabies],66005009,5–9 let,M,0,1
2023,9,CZ051,Liberecký kraj,B86,Svrab [scabies],66005009,5–9 let,Z,0,5
2023,9,CZ051,Liberecký kraj,B86,Svrab [scabies],66010014,10–14 let,M,0,2
2023,9,CZ051,Liberecký kraj,B86,Svrab [scabies],66010014,10–14 let,Z,0,2
2023,9,CZ051,Liberecký kraj,B86,Svrab [scabies],66015019,15–19 let,M,0,5
2023,9,CZ051,Liberecký kraj,B86,Svrab [scabies],66015019,15–19 let,Z,0,2
2023,9,CZ051,Liberecký kraj,B86,Svrab [scabies],66020024,20–24 let,M,0,2
2023,9,CZ051,Liberecký kraj,B86,Svrab [scabies],66020024,20–24 let,Z,0,3
2023,9,CZ051,Liberecký kraj,B86,Svrab [scabies],66025029,25–29 let,M,0,3
2023,9,CZ051,Liberecký kraj,B86,Svrab [scabies],66025029,25–29 let,Z,0,1
2023,9,CZ051,Liberecký kraj,B86,Svrab [scabies],66030034,30–34 let,Z,0,1
2023,9,CZ051,Liberecký kraj,B86,Svrab [scabies],66035039,35–39 let,M,0,2
2023,9,CZ051,Liberecký kraj,B86,Svrab [scabies],66035039,35–39 let,Z,0,1
2023,9,CZ051,Liberecký kraj,B86,Svrab [scabies],66040044,40–44 let,M,0,1
2023,9,CZ051,Liberecký kraj,B86,Svrab [scabies],66045049,45–49 let,M,0,2
2023,9,CZ051,Liberecký kraj,B86,Svrab [scabies],66045049,45–49 let,Z,0,3
2023,9,CZ051,Liberecký kraj,B86,Svrab [scabies],66050054,50–54 let,M,0,1
2023,9,CZ051,Liberecký kraj,B86,Svrab [scabies],66060064,60–64 let,M,0,1
2023,9,CZ051,Liberecký kraj,B86,Svrab [scabies],66065069,65–69 let,M,0,1
2023,9,CZ051,Liberecký kraj,B86,Svrab [scabies],66070074,70–74 let,Z,0,1
2023,9,CZ051,Liberecký kraj,J13,Zánět plic‚ původce: Streptococcus pneumoniae,66001004,1–4 roky,Z,0,1
2023,9,CZ051,Liberecký kraj,W54,Kousnutí nebo úder psem,66020024,20–24 let,M,0,1
2023,10,CZ051,Liberecký kraj,A02,Jiné infekce způsobené salmonelami,66000000,0 let,Z,0,2
2023,10,CZ051,Liberecký kraj,A02,Jiné infekce způsobené salmonelami,66001004,1–4 roky,M,0,1
2023,10,CZ051,Liberecký kraj,A02,Jiné infekce způsobené salmonelami,66005009,5–9 let,M,0,1
2023,10,CZ051,Liberecký kraj,A02,Jiné infekce způsobené salmonelami,66010014,10–14 let,M,0,1
2023,10,CZ051,Liberecký kraj,A02,Jiné infekce způsobené salmonelami,66010014,10–14 let,Z,0,3
2023,10,CZ051,Liberecký kraj,A02,Jiné infekce způsobené salmonelami,66015019,15–19 let,M,0,1
2023,10,CZ051,Liberecký kraj,A02,Jiné infekce způsobené salmonelami,66040044,40–44 let,Z,0,2
2023,10,CZ051,Liberecký kraj,A02,Jiné infekce způsobené salmonelami,66045049,45–49 let,M,0,1
2023,10,CZ051,Liberecký kraj,A02,Jiné infekce způsobené salmonelami,66045049,45–49 let,Z,0,3
2023,10,CZ051,Liberecký kraj,A02,Jiné infekce způsobené salmonelami,66060064,60–64 let,Z,0,1
2023,10,CZ051,Liberecký kraj,A02,Jiné infekce způsobené salmonelami,66065069,65–69 let,Z,0,2
2023,10,CZ051,Liberecký kraj,A02,Jiné infekce způsobené salmonelami,66075999,75+ let,Z,0,2
2023,10,CZ051,Liberecký kraj,A04,Jiné bakteriální střevní infekce,66000000,0 let,M,0,1
2023,10,CZ051,Liberecký kraj,A04,Jiné bakteriální střevní infekce,66001004,1–4 roky,M,0,5
2023,10,CZ051,Liberecký kraj,A04,Jiné bakteriální střevní infekce,66001004,1–4 roky,Z,0,2
2023,10,CZ051,Liberecký kraj,A04,Jiné bakteriální střevní infekce,66005009,5–9 let,M,0,4
2023,10,CZ051,Liberecký kraj,A04,Jiné bakteriální střevní infekce,66005009,5–9 let,Z,0,1
2023,10,CZ051,Liberecký kraj,A04,Jiné bakteriální střevní infekce,66010014,10–14 let,M,0,5
2023,10,CZ051,Liberecký kraj,A04,Jiné bakteriální střevní infekce,66010014,10–14 let,Z,0,2
2023,10,CZ051,Liberecký kraj,A04,Jiné bakteriální střevní infekce,66015019,15–19 let,M,0,4
2023,10,CZ051,Liberecký kraj,A04,Jiné bakteriální střevní infekce,66015019,15–19 let,Z,0,4
2023,10,CZ051,Liberecký kraj,A04,Jiné bakteriální střevní infekce,66020024,20–24 let,Z,0,2
2023,10,CZ051,Liberecký kraj,A04,Jiné bakteriální střevní infekce,66025029,25–29 let,M,0,2
2023,10,CZ051,Liberecký kraj,A04,Jiné bakteriální střevní infekce,66030034,30–34 let,M,0,1
2023,10,CZ051,Liberecký kraj,A04,Jiné bakteriální střevní infekce,66030034,30–34 let,Z,0,1
2023,10,CZ051,Liberecký kraj,A04,Jiné bakteriální střevní infekce,66035039,35–39 let,Z,0,1
2023,10,CZ051,Liberecký kraj,A04,Jiné bakteriální střevní infekce,66040044,40–44 let,M,0,2
2023,10,CZ051,Liberecký kraj,A04,Jiné bakteriální střevní infekce,66040044,40–44 let,Z,0,4
2023,10,CZ051,Liberecký kraj,A04,Jiné bakteriální střevní infekce,66045049,45–49 let,Z,0,1
2023,10,CZ051,Liberecký kraj,A04,Jiné bakteriální střevní infekce,66050054,50–54 let,M,0,1
2023,10,CZ051,Liberecký kraj,A04,Jiné bakteriální střevní infekce,66050054,50–54 let,Z,0,1
2023,10,CZ051,Liberecký kraj,A04,Jiné bakteriální střevní infekce,66060064,60–64 let,M,0,3
2023,10,CZ051,Liberecký kraj,A04,Jiné bakteriální střevní infekce,66060064,60–64 let,Z,0,1
2023,10,CZ051,Liberecký kraj,A04,Jiné bakteriální střevní infekce,66065069,65–69 let,Z,0,2
2023,10,CZ051,Liberecký kraj,A04,Jiné bakteriální střevní infekce,66070074,70–74 let,Z,0,2
2023,10,CZ051,Liberecký kraj,A04,Jiné bakteriální střevní infekce,66075999,75+ let,M,0,3
2023,10,CZ051,Liberecký kraj,A04,Jiné bakteriální střevní infekce,66075999,75+ let,Z,0,6
2023,10,CZ051,Liberecký kraj,A08,Střevní infekce viry a jinými určenými mikroorganismy,66000000,0 let,M,0,6
2023,10,CZ051,Liberecký kraj,A08,Střevní infekce viry a jinými určenými mikroorganismy,66000000,0 let,Z,0,6
2023,10,CZ051,Liberecký kraj,A08,Střevní infekce viry a jinými určenými mikroorganismy,66001004,1–4 roky,M,0,3
2023,10,CZ051,Liberecký kraj,A08,Střevní infekce viry a jinými určenými mikroorganismy,66001004,1–4 roky,Z,0,2
2023,10,CZ051,Liberecký kraj,A08,Střevní infekce viry a jinými určenými mikroorganismy,66005009,5–9 let,Z,0,3
2023,10,CZ051,Liberecký kraj,A08,Střevní infekce viry a jinými určenými mikroorganismy,66045049,45–49 let,M,0,1
2023,10,CZ051,Liberecký kraj,A08,Střevní infekce viry a jinými určenými mikroorganismy,66065069,65–69 let,Z,0,1
2023,10,CZ051,Liberecký kraj,A08,Střevní infekce viry a jinými určenými mikroorganismy,66070074,70–74 let,Z,0,1
2023,10,CZ051,Liberecký kraj,A08,Střevní infekce viry a jinými určenými mikroorganismy,66075999,75+ let,M,0,2
2023,10,CZ051,Liberecký kraj,A08,Střevní infekce viry a jinými určenými mikroorganismy,66075999,75+ let,Z,0,3
2023,10,CZ051,Liberecký kraj,A09,Jiná gastroenteritida a kolitida infekčního a NS původu,66060064,60–64 let,Z,0,4
2023,10,CZ051,Liberecký kraj,A32,Listerióza [listeriosis],66075999,75+ let,Z,0,1
2023,10,CZ051,Liberecký kraj,A37,Dávivý kašel [pertussis],66005009,5–9 let,M,0,2
2023,10,CZ051,Liberecký kraj,A37,Dávivý kašel [pertussis],66010014,10–14 let,M,0,1
2023,10,CZ051,Liberecký kraj,A37,Dávivý kašel [pertussis],66015019,15–19 let,M,0,1
2023,10,CZ051,Liberecký kraj,A38,Spála [scarlatina],66000000,0 let,Z,0,1
2023,10,CZ051,Liberecký kraj,A38,Spála [scarlatina],66001004,1–4 roky,M,0,2
2023,10,CZ051,Liberecký kraj,A38,Spála [scarlatina],66001004,1–4 roky,Z,0,2
2023,10,CZ051,Liberecký kraj,A38,Spála [scarlatina],66005009,5–9 let,M,0,6
2023,10,CZ051,Liberecký kraj,A38,Spála [scarlatina],66005009,5–9 let,Z,0,1
2023,10,CZ051,Liberecký kraj,A38,Spála [scarlatina],66010014,10–14 let,M,0,1
2023,10,CZ051,Liberecký kraj,A40,Streptokoková sepse,66075999,75+ let,M,0,1
2023,10,CZ051,Liberecký kraj,A40,Streptokoková sepse,66075999,75+ let,Z,0,1
2023,10,CZ051,Liberecký kraj,A41,Jiná sepse,66055059,55–59 let,M,0,1
2023,10,CZ051,Liberecký kraj,A41,Jiná sepse,66060064,60–64 let,M,0,1
2023,10,CZ051,Liberecký kraj,A41,Jiná sepse,66065069,65–69 let,Z,0,1
2023,10,CZ051,Liberecký kraj,A41,Jiná sepse,66075999,75+ let,M,0,1
2023,10,CZ051,Liberecký kraj,A41,Jiná sepse,66075999,75+ let,Z,0,1
2023,10,CZ051,Liberecký kraj,A46,Růže – erysipel,66065069,65–69 let,M,0,1
2023,10,CZ051,Liberecký kraj,A48,Jiné bakteriální nemoci nezařazené jinde,66075999,75+ let,M,0,1
2023,10,CZ051,Liberecký kraj,A56,Jiná chlamydiová onemocnění přenášená pohlavním stykem,66015019,15–19 let,Z,0,3
2023,10,CZ051,Liberecký kraj,A56,Jiná chlamydiová onemocnění přenášená pohlavním stykem,66020024,20–24 let,M,0,1
2023,10,CZ051,Liberecký kraj,A56,Jiná chlamydiová onemocnění přenášená pohlavním stykem,66025029,25–29 let,M,0,1
2023,10,CZ051,Liberecký kraj,A56,Jiná chlamydiová onemocnění přenášená pohlavním stykem,66030034,30–34 let,Z,0,2
2023,10,CZ051,Liberecký kraj,A56,Jiná chlamydiová onemocnění přenášená pohlavním stykem,66035039,35–39 let,M,0,1
2023,10,CZ051,Liberecký kraj,A56,Jiná chlamydiová onemocnění přenášená pohlavním stykem,66035039,35–39 let,Z,0,1
2023,10,CZ051,Liberecký kraj,A56,Jiná chlamydiová onemocnění přenášená pohlavním stykem,66040044,40–44 let,M,0,1
2023,10,CZ051,Liberecký kraj,A56,Jiná chlamydiová onemocnění přenášená pohlavním stykem,66040044,40–44 let,Z,0,2
2023,10,CZ051,Liberecký kraj,A56,Jiná chlamydiová onemocnění přenášená pohlavním stykem,66050054,50–54 let,M,0,1
2023,10,CZ051,Liberecký kraj,A59,Trichomoniáza,66030034,30–34 let,Z,0,1
2023,10,CZ051,Liberecký kraj,A59,Trichomoniáza,66070074,70–74 let,Z,0,1
2023,10,CZ051,Liberecký kraj,A63,"Jiné, převážně pohlavním stykem přenášené nemoci nezařazené jinde",66030034,30–34 let,Z,0,1
2023,10,CZ051,Liberecký kraj,A69,Jiné spirochetové infekce,66001004,1–4 roky,M,0,1
2023,10,CZ051,Liberecký kraj,A69,Jiné spirochetové infekce,66001004,1–4 roky,Z,0,3
2023,10,CZ051,Liberecký kraj,A69,Jiné spirochetové infekce,66005009,5–9 let,M,0,3
2023,10,CZ051,Liberecký kraj,A69,Jiné spirochetové infekce,66010014,10–14 let,M,0,2
2023,10,CZ051,Liberecký kraj,A69,Jiné spirochetové infekce,66015019,15–19 let,M,0,1
2023,10,CZ051,Liberecký kraj,A69,Jiné spirochetové infekce,66050054,50–54 let,M,0,2
2023,10,CZ051,Liberecký kraj,A69,Jiné spirochetové infekce,66055059,55–59 let,M,0,1
2023,10,CZ051,Liberecký kraj,A69,Jiné spirochetové infekce,66060064,60–64 let,Z,0,1
2023,10,CZ051,Liberecký kraj,A69,Jiné spirochetové infekce,66070074,70–74 let,M,0,2
2023,10,CZ051,Liberecký kraj,A69,Jiné spirochetové infekce,66070074,70–74 let,Z,0,1
2023,10,CZ051,Liberecký kraj,A81,Atypické virové infekce centrální nervové soustavy,66070074,70–74 let,M,0,1
2023,10,CZ051,Liberecký kraj,A84,Virová encefalitida přenášená klíšťaty,66035039,35–39 let,M,0,1
2023,10,CZ051,Liberecký kraj,A84,Virová encefalitida přenášená klíšťaty,66065069,65–69 let,M,0,1
2023,10,CZ051,Liberecký kraj,B01,Plané neštovice [varicella],66000000,0 let,Z,0,1
2023,10,CZ051,Liberecký kraj,B01,Plané neštovice [varicella],66001004,1–4 roky,M,0,12
2023,10,CZ051,Liberecký kraj,B01,Plané neštovice [varicella],66001004,1–4 roky,Z,0,10
2023,10,CZ051,Liberecký kraj,B01,Plané neštovice [varicella],66005009,5–9 let,M,0,10
2023,10,CZ051,Liberecký kraj,B01,Plané neštovice [varicella],66005009,5–9 let,Z,0,8
2023,10,CZ051,Liberecký kraj,B01,Plané neštovice [varicella],66010014,10–14 let,M,0,1
2023,10,CZ051,Liberecký kraj,B01,Plané neštovice [varicella],66020024,20–24 let,Z,0,1
2023,10,CZ051,Liberecký kraj,B02,Pásový opar [herpes zoster],66005009,5–9 let,Z,0,1
2023,10,CZ051,Liberecký kraj,B02,Pásový opar [herpes zoster],66010014,10–14 let,M,0,1
2023,10,CZ051,Liberecký kraj,B02,Pásový opar [herpes zoster],66010014,10–14 let,Z,0,1
2023,10,CZ051,Liberecký kraj,B02,Pásový opar [herpes zoster],66025029,25–29 let,Z,0,1
2023,10,CZ051,Liberecký kraj,B02,Pásový opar [herpes zoster],66045049,45–49 let,M,0,1
2023,10,CZ051,Liberecký kraj,B02,Pásový opar [herpes zoster],66050054,50–54 let,M,0,2
2023,10,CZ051,Liberecký kraj,B02,Pásový opar [herpes zoster],66050054,50–54 let,Z,0,1
2023,10,CZ051,Liberecký kraj,B02,Pásový opar [herpes zoster],66055059,55–59 let,M,0,1
2023,10,CZ051,Liberecký kraj,B02,Pásový opar [herpes zoster],66060064,60–64 let,M,0,1
2023,10,CZ051,Liberecký kraj,B02,Pásový opar [herpes zoster],66060064,60–64 let,Z,0,1
2023,10,CZ051,Liberecký kraj,B02,Pásový opar [herpes zoster],66065069,65–69 let,M,0,1
2023,10,CZ051,Liberecký kraj,B02,Pásový opar [herpes zoster],66070074,70–74 let,M,0,1
2023,10,CZ051,Liberecký kraj,B02,Pásový opar [herpes zoster],66070074,70–74 let,Z,0,2
2023,10,CZ051,Liberecký kraj,B02,Pásový opar [herpes zoster],66075999,75+ let,Z,0,3
2023,10,CZ051,Liberecký kraj,B08,Jiné virové infekce charakterizované postižením kůže a sliznic NJ,66000000,0 let,Z,0,1
2023,10,CZ051,Liberecký kraj,B08,Jiné virové infekce charakterizované postižením kůže a sliznic NJ,66001004,1–4 roky,M,0,1
2023,10,CZ051,Liberecký kraj,B17,Jiná akutní virová hepatitida,66065069,65–69 let,M,0,1
2023,10,CZ051,Liberecký kraj,B18,Chronická virová hepatitida,66035039,35–39 let,M,0,1
2023,10,CZ051,Liberecký kraj,B27,Infekční mononukleóza,66005009,5–9 let,M,0,1
2023,10,CZ051,Liberecký kraj,B27,Infekční mononukleóza,66005009,5–9 let,Z,0,2
2023,10,CZ051,Liberecký kraj,B27,Infekční mononukleóza,66010014,10–14 let,M,0,1
2023,10,CZ051,Liberecký kraj,B27,Infekční mononukleóza,66015019,15–19 let,M,0,1
2023,10,CZ051,Liberecký kraj,B27,Infekční mononukleóza,66015019,15–19 let,Z,0,1
2023,10,CZ051,Liberecký kraj,B35,Dermatofytóza,66010014,10–14 let,M,0,1
2023,10,CZ051,Liberecký kraj,B35,Dermatofytóza,66035039,35–39 let,M,0,2
2023,10,CZ051,Liberecký kraj,B35,Dermatofytóza,66035039,35–39 let,Z,0,1
2023,10,CZ051,Liberecký kraj,B35,Dermatofytóza,66050054,50–54 let,M,0,3
2023,10,CZ051,Liberecký kraj,B35,Dermatofytóza,66050054,50–54 let,Z,0,3
2023,10,CZ051,Liberecký kraj,B35,Dermatofytóza,66055059,55–59 let,Z,0,1
2023,10,CZ051,Liberecký kraj,B35,Dermatofytóza,66070074,70–74 let,M,0,1
2023,10,CZ051,Liberecký kraj,B35,Dermatofytóza,66075999,75+ let,M,0,2
2023,10,CZ051,Liberecký kraj,B80,Enterobióza [enterobiasis],66001004,1–4 roky,Z,0,1
2023,10,CZ051,Liberecký kraj,B80,Enterobióza [enterobiasis],66005009,5–9 let,M,0,1
2023,10,CZ051,Liberecký kraj,B80,Enterobióza [enterobiasis],66010014,10–14 let,Z,0,1
2023,10,CZ051,Liberecký kraj,B86,Svrab [scabies],66001004,1–4 roky,M,0,3
2023,10,CZ051,Liberecký kraj,B86,Svrab [scabies],66001004,1–4 roky,Z,0,1
2023,10,CZ051,Liberecký kraj,B86,Svrab [scabies],66005009,5–9 let,M,0,2
2023,10,CZ051,Liberecký kraj,B86,Svrab [scabies],66005009,5–9 let,Z,0,4
2023,10,CZ051,Liberecký kraj,B86,Svrab [scabies],66010014,10–14 let,M,0,5
2023,10,CZ051,Liberecký kraj,B86,Svrab [scabies],66010014,10–14 let,Z,0,4
2023,10,CZ051,Liberecký kraj,B86,Svrab [scabies],66015019,15–19 let,M,0,6
2023,10,CZ051,Liberecký kraj,B86,Svrab [scabies],66015019,15–19 let,Z,0,7
2023,10,CZ051,Liberecký kraj,B86,Svrab [scabies],66020024,20–24 let,M,0,3
2023,10,CZ051,Liberecký kraj,B86,Svrab [scabies],66020024,20–24 let,Z,0,1
2023,10,CZ051,Liberecký kraj,B86,Svrab [scabies],66025029,25–29 let,M,0,4
2023,10,CZ051,Liberecký kraj,B86,Svrab [scabies],66025029,25–29 let,Z,0,2
2023,10,CZ051,Liberecký kraj,B86,Svrab [scabies],66035039,35–39 let,M,0,1
2023,10,CZ051,Liberecký kraj,B86,Svrab [scabies],66035039,35–39 let,Z,0,1
2023,10,CZ051,Liberecký kraj,B86,Svrab [scabies],66040044,40–44 let,M,0,1
2023,10,CZ051,Liberecký kraj,B86,Svrab [scabies],66040044,40–44 let,Z,0,6
2023,10,CZ051,Liberecký kraj,B86,Svrab [scabies],66045049,45–49 let,M,0,1
2023,10,CZ051,Liberecký kraj,B86,Svrab [scabies],66045049,45–49 let,Z,0,3
2023,10,CZ051,Liberecký kraj,B86,Svrab [scabies],66050054,50–54 let,M,0,2
2023,10,CZ051,Liberecký kraj,B86,Svrab [scabies],66050054,50–54 let,Z,0,1
2023,10,CZ051,Liberecký kraj,B86,Svrab [scabies],66055059,55–59 let,Z,0,2
2023,10,CZ051,Liberecký kraj,B86,Svrab [scabies],66060064,60–64 let,M,0,1
2023,10,CZ051,Liberecký kraj,B86,Svrab [scabies],66070074,70–74 let,Z,0,2
2023,10,CZ051,Liberecký kraj,B86,Svrab [scabies],66075999,75+ let,Z,0,1
2023,10,CZ051,Liberecký kraj,B96,Jiná určená bakteriální agens jako příč. nemoci zař. do jiných kapitol,66005009,5–9 let,M,0,1
2023,10,CZ051,Liberecký kraj,B96,Jiná určená bakteriální agens jako příč. nemoci zař. do jiných kapitol,66045049,45–49 let,Z,0,1
2023,11,CZ051,Liberecký kraj,A02,Jiné infekce způsobené salmonelami,66001004,1–4 roky,M,0,1
2023,11,CZ051,Liberecký kraj,A02,Jiné infekce způsobené salmonelami,66001004,1–4 roky,Z,0,4
2023,11,CZ051,Liberecký kraj,A02,Jiné infekce způsobené salmonelami,66005009,5–9 let,Z,0,3
2023,11,CZ051,Liberecký kraj,A02,Jiné infekce způsobené salmonelami,66020024,20–24 let,Z,0,1
2023,11,CZ051,Liberecký kraj,A02,Jiné infekce způsobené salmonelami,66030034,30–34 let,Z,0,2
2023,11,CZ051,Liberecký kraj,A02,Jiné infekce způsobené salmonelami,66045049,45–49 let,Z,0,1
2023,11,CZ051,Liberecký kraj,A02,Jiné infekce způsobené salmonelami,66050054,50–54 let,Z,0,2
2023,11,CZ051,Liberecký kraj,A02,Jiné infekce způsobené salmonelami,66055059,55–59 let,M,0,1
2023,11,CZ051,Liberecký kraj,A02,Jiné infekce způsobené salmonelami,66065069,65–69 let,M,0,1
2023,11,CZ051,Liberecký kraj,A02,Jiné infekce způsobené salmonelami,66070074,70–74 let,Z,0,1
2023,11,CZ051,Liberecký kraj,A02,Jiné infekce způsobené salmonelami,66075999,75+ let,M,0,1
2023,11,CZ051,Liberecký kraj,A02,Jiné infekce způsobené salmonelami,66075999,75+ let,Z,0,1
2023,11,CZ051,Liberecký kraj,A04,Jiné bakteriální střevní infekce,66000000,0 let,M,0,6
2023,11,CZ051,Liberecký kraj,A04,Jiné bakteriální střevní infekce,66000000,0 let,Z,0,1
2023,11,CZ051,Liberecký kraj,A04,Jiné bakteriální střevní infekce,66001004,1–4 roky,M,0,5
2023,11,CZ051,Liberecký kraj,A04,Jiné bakteriální střevní infekce,66001004,1–4 roky,Z,0,8
2023,11,CZ051,Liberecký kraj,A04,Jiné bakteriální střevní infekce,66005009,5–9 let,M,0,3
2023,11,CZ051,Liberecký kraj,A04,Jiné bakteriální střevní infekce,66005009,5–9 let,Z,0,3
2023,11,CZ051,Liberecký kraj,A04,Jiné bakteriální střevní infekce,66010014,10–14 let,M,0,2
2023,11,CZ051,Liberecký kraj,A04,Jiné bakteriální střevní infekce,66010014,10–14 let,Z,0,1
2023,11,CZ051,Liberecký kraj,A04,Jiné bakteriální střevní infekce,66015019,15–19 let,M,0,2
2023,11,CZ051,Liberecký kraj,A04,Jiné bakteriální střevní infekce,66015019,15–19 let,Z,0,1
2023,11,CZ051,Liberecký kraj,A04,Jiné bakteriální střevní infekce,66020024,20–24 let,M,0,1
2023,11,CZ051,Liberecký kraj,A04,Jiné bakteriální střevní infekce,66020024,20–24 let,Z,0,1
2023,11,CZ051,Liberecký kraj,A04,Jiné bakteriální střevní infekce,66025029,25–29 let,M,0,1
2023,11,CZ051,Liberecký kraj,A04,Jiné bakteriální střevní infekce,66030034,30–34 let,M,0,2
2023,11,CZ051,Liberecký kraj,A04,Jiné bakteriální střevní infekce,66030034,30–34 let,Z,0,1
2023,11,CZ051,Liberecký kraj,A04,Jiné bakteriální střevní infekce,66040044,40–44 let,M,0,2
2023,11,CZ051,Liberecký kraj,A04,Jiné bakteriální střevní infekce,66045049,45–49 let,Z,0,1
2023,11,CZ051,Liberecký kraj,A04,Jiné bakteriální střevní infekce,66050054,50–54 let,M,0,1
2023,11,CZ051,Liberecký kraj,A04,Jiné bakteriální střevní infekce,66055059,55–59 let,M,0,1
2023,11,CZ051,Liberecký kraj,A04,Jiné bakteriální střevní infekce,66055059,55–59 let,Z,0,2
2023,11,CZ051,Liberecký kraj,A04,Jiné bakteriální střevní infekce,66060064,60–64 let,M,0,2
2023,11,CZ051,Liberecký kraj,A04,Jiné bakteriální střevní infekce,66065069,65–69 let,Z,0,1
2023,11,CZ051,Liberecký kraj,A04,Jiné bakteriální střevní infekce,66070074,70–74 let,M,0,3
2023,11,CZ051,Liberecký kraj,A04,Jiné bakteriální střevní infekce,66070074,70–74 let,Z,0,1
2023,11,CZ051,Liberecký kraj,A04,Jiné bakteriální střevní infekce,66075999,75+ let,M,0,3
2023,11,CZ051,Liberecký kraj,A04,Jiné bakteriální střevní infekce,66075999,75+ let,Z,0,4
2023,11,CZ051,Liberecký kraj,A08,Střevní infekce viry a jinými určenými mikroorganismy,66001004,1–4 roky,M,0,6
2023,11,CZ051,Liberecký kraj,A08,Střevní infekce viry a jinými určenými mikroorganismy,66001004,1–4 roky,Z,0,1
2023,11,CZ051,Liberecký kraj,A08,Střevní infekce viry a jinými určenými mikroorganismy,66005009,5–9 let,M,0,3
2023,11,CZ051,Liberecký kraj,A08,Střevní infekce viry a jinými určenými mikroorganismy,66005009,5–9 let,Z,0,1
2023,11,CZ051,Liberecký kraj,A08,Střevní infekce viry a jinými určenými mikroorganismy,66010014,10–14 let,M,0,2
2023,11,CZ051,Liberecký kraj,A08,Střevní infekce viry a jinými určenými mikroorganismy,66010014,10–14 let,Z,0,1
2023,11,CZ051,Liberecký kraj,A08,Střevní infekce viry a jinými určenými mikroorganismy,66045049,45–49 let,Z,0,2
2023,11,CZ051,Liberecký kraj,A08,Střevní infekce viry a jinými určenými mikroorganismy,66050054,50–54 let,M,0,2
2023,11,CZ051,Liberecký kraj,A08,Střevní infekce viry a jinými určenými mikroorganismy,66075999,75+ let,M,0,3
2023,11,CZ051,Liberecký kraj,A08,Střevní infekce viry a jinými určenými mikroorganismy,66075999,75+ let,Z,0,5
2023,11,CZ051,Liberecký kraj,A28,Další bakteriální zoonózy nezařazené jinde,66010014,10–14 let,Z,0,1
2023,11,CZ051,Liberecký kraj,A32,Listerióza [listeriosis],66060064,60–64 let,M,0,1
2023,11,CZ051,Liberecký kraj,A37,Dávivý kašel [pertussis],66065069,65–69 let,Z,0,1
2023,11,CZ051,Liberecký kraj,A37,Dávivý kašel [pertussis],66075999,75+ let,Z,0,1
2023,11,CZ051,Liberecký kraj,A38,Spála [scarlatina],66001004,1–4 roky,M,0,7
2023,11,CZ051,Liberecký kraj,A38,Spála [scarlatina],66001004,1–4 roky,Z,0,6
2023,11,CZ051,Liberecký kraj,A38,Spála [scarlatina],66005009,5–9 let,M,0,9
2023,11,CZ051,Liberecký kraj,A38,Spála [scarlatina],66005009,5–9 let,Z,0,11
2023,11,CZ051,Liberecký kraj,A38,Spála [scarlatina],66010014,10–14 let,M,0,2
2023,11,CZ051,Liberecký kraj,A38,Spála [scarlatina],66015019,15–19 let,M,0,2
2023,11,CZ051,Liberecký kraj,A40,Streptokoková sepse,66040044,40–44 let,M,0,1
2023,11,CZ051,Liberecký kraj,A40,Streptokoková sepse,66075999,75+ let,Z,0,1
2023,11,CZ051,Liberecký kraj,A41,Jiná sepse,66065069,65–69 let,M,0,1
2023,11,CZ051,Liberecký kraj,A41,Jiná sepse,66065069,65–69 let,Z,0,1
2023,11,CZ051,Liberecký kraj,A41,Jiná sepse,66070074,70–74 let,M,0,2
2023,11,CZ051,Liberecký kraj,A41,Jiná sepse,66070074,70–74 let,Z,0,2
2023,11,CZ051,Liberecký kraj,A41,Jiná sepse,66075999,75+ let,M,0,2
2023,11,CZ051,Liberecký kraj,A41,Jiná sepse,66075999,75+ let,Z,0,2
2023,11,CZ051,Liberecký kraj,A46,Růže – erysipel,66040044,40–44 let,M,0,1
2023,11,CZ051,Liberecký kraj,A46,Růže – erysipel,66050054,50–54 let,M,0,1
2023,11,CZ051,Liberecký kraj,A46,Růže – erysipel,66055059,55–59 let,Z,0,1
2023,11,CZ051,Liberecký kraj,A46,Růže – erysipel,66070074,70–74 let,M,0,1
2023,11,CZ051,Liberecký kraj,A46,Růže – erysipel,66070074,70–74 let,Z,0,1
2023,11,CZ051,Liberecký kraj,A46,Růže – erysipel,66075999,75+ let,M,0,1
2023,11,CZ051,Liberecký kraj,A46,Růže – erysipel,66075999,75+ let,Z,0,1
2023,11,CZ051,Liberecký kraj,A48,Jiné bakteriální nemoci nezařazené jinde,66050054,50–54 let,Z,0,1
2023,11,CZ051,Liberecký kraj,A48,Jiné bakteriální nemoci nezařazené jinde,66075999,75+ let,M,0,1
2023,11,CZ051,Liberecký kraj,A56,Jiná chlamydiová onemocnění přenášená pohlavním stykem,66015019,15–19 let,M,0,2
2023,11,CZ051,Liberecký kraj,A56,Jiná chlamydiová onemocnění přenášená pohlavním stykem,66015019,15–19 let,Z,0,2
2023,11,CZ051,Liberecký kraj,A56,Jiná chlamydiová onemocnění přenášená pohlavním stykem,66020024,20–24 let,M,0,1
2023,11,CZ051,Liberecký kraj,A56,Jiná chlamydiová onemocnění přenášená pohlavním stykem,66020024,20–24 let,Z,0,2
2023,11,CZ051,Liberecký kraj,A56,Jiná chlamydiová onemocnění přenášená pohlavním stykem,66025029,25–29 let,M,0,1
2023,11,CZ051,Liberecký kraj,A56,Jiná chlamydiová onemocnění přenášená pohlavním stykem,66025029,25–29 let,Z,0,3
2023,11,CZ051,Liberecký kraj,A56,Jiná chlamydiová onemocnění přenášená pohlavním stykem,66030034,30–34 let,M,0,2
2023,11,CZ051,Liberecký kraj,A56,Jiná chlamydiová onemocnění přenášená pohlavním stykem,66030034,30–34 let,Z,0,1
2023,11,CZ051,Liberecký kraj,A59,Trichomoniáza,66020024,20–24 let,Z,0,2
2023,11,CZ051,Liberecký kraj,A59,Trichomoniáza,66025029,25–29 let,Z,0,2
2023,11,CZ051,Liberecký kraj,A59,Trichomoniáza,66050054,50–54 let,Z,0,1
2023,11,CZ051,Liberecký kraj,A59,Trichomoniáza,66060064,60–64 let,Z,0,1
2023,11,CZ051,Liberecký kraj,A69,Jiné spirochetové infekce,66005009,5–9 let,M,0,3
2023,11,CZ051,Liberecký kraj,A69,Jiné spirochetové infekce,66005009,5–9 let,Z,0,2
2023,11,CZ051,Liberecký kraj,A69,Jiné spirochetové infekce,66010014,10–14 let,M,0,3
2023,11,CZ051,Liberecký kraj,A69,Jiné spirochetové infekce,66015019,15–19 let,M,0,1
2023,11,CZ051,Liberecký kraj,A69,Jiné spirochetové infekce,66020024,20–24 let,M,0,1
2023,11,CZ051,Liberecký kraj,A69,Jiné spirochetové infekce,66020024,20–24 let,Z,0,1
2023,11,CZ051,Liberecký kraj,A69,Jiné spirochetové infekce,66040044,40–44 let,M,0,1
2023,11,CZ051,Liberecký kraj,A69,Jiné spirochetové infekce,66045049,45–49 let,Z,0,1
2023,11,CZ051,Liberecký kraj,A69,Jiné spirochetové infekce,66050054,50–54 let,Z,0,1
2023,11,CZ051,Liberecký kraj,A69,Jiné spirochetové infekce,66055059,55–59 let,Z,0,4
2023,11,CZ051,Liberecký kraj,A69,Jiné spirochetové infekce,66065069,65–69 let,M,0,1
2023,11,CZ051,Liberecký kraj,A69,Jiné spirochetové infekce,66065069,65–69 let,Z,0,1
2023,11,CZ051,Liberecký kraj,A69,Jiné spirochetové infekce,66070074,70–74 let,M,0,2
2023,11,CZ051,Liberecký kraj,A69,Jiné spirochetové infekce,66075999,75+ let,M,0,1
2023,11,CZ051,Liberecký kraj,A84,Virová encefalitida přenášená klíšťaty,66060064,60–64 let,M,0,1
2023,11,CZ051,Liberecký kraj,B01,Plané neštovice [varicella],66000000,0 let,Z,0,3
2023,11,CZ051,Liberecký kraj,B01,Plané neštovice [varicella],66001004,1–4 roky,M,0,27
2023,11,CZ051,Liberecký kraj,B01,Plané neštovice [varicella],66001004,1–4 roky,Z,0,27
2023,11,CZ051,Liberecký kraj,B01,Plané neštovice [varicella],66005009,5–9 let,M,0,37
2023,11,CZ051,Liberecký kraj,B01,Plané neštovice [varicella],66005009,5–9 let,Z,0,39
2023,11,CZ051,Liberecký kraj,B01,Plané neštovice [varicella],66010014,10–14 let,M,0,3
2023,11,CZ051,Liberecký kraj,B01,Plané neštovice [varicella],66010014,10–14 let,Z,0,7
2023,11,CZ051,Liberecký kraj,B01,Plané neštovice [varicella],66015019,15–19 let,M,0,1
2023,11,CZ051,Liberecký kraj,B01,Plané neštovice [varicella],66025029,25–29 let,Z,0,1
2023,11,CZ051,Liberecký kraj,B02,Pásový opar [herpes zoster],66010014,10–14 let,Z,0,1
2023,11,CZ051,Liberecký kraj,B02,Pásový opar [herpes zoster],66015019,15–19 let,M,0,1
2023,11,CZ051,Liberecký kraj,B02,Pásový opar [herpes zoster],66025029,25–29 let,M,0,1
2022,11,CZ063,Kraj Vysočina,B02,Pásový opar [herpes zoster],66065069,65–69 let,M,0,1
2022,11,CZ063,Kraj Vysočina,B02,Pásový opar [herpes zoster],66065069,65–69 let,Z,0,1
2022,11,CZ063,Kraj Vysočina,B02,Pásový opar [herpes zoster],66070074,70–74 let,M,0,1
2022,11,CZ063,Kraj Vysočina,B02,Pásový opar [herpes zoster],66070074,70–74 let,Z,0,2
2022,11,CZ063,Kraj Vysočina,B02,Pásový opar [herpes zoster],66075999,75+ let,M,0,2
2022,11,CZ063,Kraj Vysočina,B02,Pásový opar [herpes zoster],66075999,75+ let,Z,0,2
2022,11,CZ063,Kraj Vysočina,B08,Jiné virové infekce charakterizované postižením kůže a sliznic NJ,66000000,0 let,Z,0,3
2022,11,CZ063,Kraj Vysočina,B08,Jiné virové infekce charakterizované postižením kůže a sliznic NJ,66001004,1–4 roky,M,0,8
2022,11,CZ063,Kraj Vysočina,B08,Jiné virové infekce charakterizované postižením kůže a sliznic NJ,66001004,1–4 roky,Z,0,11
2022,11,CZ063,Kraj Vysočina,B08,Jiné virové infekce charakterizované postižením kůže a sliznic NJ,66005009,5–9 let,M,0,5
2022,11,CZ063,Kraj Vysočina,B08,Jiné virové infekce charakterizované postižením kůže a sliznic NJ,66005009,5–9 let,Z,0,5
2022,11,CZ063,Kraj Vysočina,B08,Jiné virové infekce charakterizované postižením kůže a sliznic NJ,66010014,10–14 let,Z,0,2
2022,11,CZ063,Kraj Vysočina,B08,Jiné virové infekce charakterizované postižením kůže a sliznic NJ,66015019,15–19 let,Z,0,1
2022,11,CZ063,Kraj Vysočina,B08,Jiné virové infekce charakterizované postižením kůže a sliznic NJ,66030034,30–34 let,M,0,1
2022,11,CZ063,Kraj Vysočina,B08,Jiné virové infekce charakterizované postižením kůže a sliznic NJ,66030034,30–34 let,Z,0,1
2022,11,CZ063,Kraj Vysočina,B15,Akutní hepatitida A,66060064,60–64 let,Z,0,1
2022,11,CZ063,Kraj Vysočina,B16,Akutní hepatitida B,66050054,50–54 let,Z,0,1
2022,11,CZ063,Kraj Vysočina,B18,Chronická virová hepatitida,66030034,30–34 let,Z,0,2
2022,11,CZ063,Kraj Vysočina,B18,Chronická virová hepatitida,66035039,35–39 let,M,0,1
2022,11,CZ063,Kraj Vysočina,B18,Chronická virová hepatitida,66040044,40–44 let,M,0,1
2022,11,CZ063,Kraj Vysočina,B18,Chronická virová hepatitida,66050054,50–54 let,Z,0,1
2022,11,CZ063,Kraj Vysočina,B18,Chronická virová hepatitida,66060064,60–64 let,M,0,1
2022,11,CZ063,Kraj Vysočina,B27,Infekční mononukleóza,66005009,5–9 let,M,0,2
2022,11,CZ063,Kraj Vysočina,B27,Infekční mononukleóza,66015019,15–19 let,M,0,1
2022,11,CZ063,Kraj Vysočina,B27,Infekční mononukleóza,66015019,15–19 let,Z,0,3
2022,11,CZ063,Kraj Vysočina,B58,Toxoplazmóza [toxoplasmosis],66035039,35–39 let,M,0,1
2022,11,CZ063,Kraj Vysočina,B80,Enterobióza [enterobiasis],66005009,5–9 let,M,0,3
2022,11,CZ063,Kraj Vysočina,B80,Enterobióza [enterobiasis],66005009,5–9 let,Z,0,2
2022,11,CZ063,Kraj Vysočina,B80,Enterobióza [enterobiasis],66045049,45–49 let,Z,0,1
2022,11,CZ063,Kraj Vysočina,B86,Svrab [scabies],66001004,1–4 roky,Z,0,2
2022,11,CZ063,Kraj Vysočina,B86,Svrab [scabies],66005009,5–9 let,Z,0,1
2022,11,CZ063,Kraj Vysočina,B86,Svrab [scabies],66010014,10–14 let,M,0,1
2022,11,CZ063,Kraj Vysočina,B86,Svrab [scabies],66010014,10–14 let,Z,0,1
2022,11,CZ063,Kraj Vysočina,B86,Svrab [scabies],66015019,15–19 let,M,0,1
2022,11,CZ063,Kraj Vysočina,B86,Svrab [scabies],66015019,15–19 let,Z,0,3
2022,11,CZ063,Kraj Vysočina,B86,Svrab [scabies],66020024,20–24 let,M,0,8
2022,11,CZ063,Kraj Vysočina,B86,Svrab [scabies],66025029,25–29 let,M,0,6
2022,11,CZ063,Kraj Vysočina,B86,Svrab [scabies],66030034,30–34 let,M,0,6
2022,11,CZ063,Kraj Vysočina,B86,Svrab [scabies],66035039,35–39 let,M,0,6
2022,11,CZ063,Kraj Vysočina,B86,Svrab [scabies],66035039,35–39 let,Z,0,2
2022,11,CZ063,Kraj Vysočina,B86,Svrab [scabies],66040044,40–44 let,M,0,3
2022,11,CZ063,Kraj Vysočina,B86,Svrab [scabies],66045049,45–49 let,M,0,5
2022,11,CZ063,Kraj Vysočina,B86,Svrab [scabies],66055059,55–59 let,M,0,1
2022,11,CZ063,Kraj Vysočina,B86,Svrab [scabies],66065069,65–69 let,M,0,3
2022,11,CZ063,Kraj Vysočina,B86,Svrab [scabies],66065069,65–69 let,Z,0,1
2022,11,CZ063,Kraj Vysočina,B86,Svrab [scabies],66075999,75+ let,Z,0,3
2022,11,CZ063,Kraj Vysočina,J15,Bakteriální zánět plic (pneumonie) nezařazený jinde,66075999,75+ let,M,0,1
2022,12,CZ063,Kraj Vysočina,A02,Jiné infekce způsobené salmonelami,66000000,0 let,Z,0,2
2022,12,CZ063,Kraj Vysočina,A02,Jiné infekce způsobené salmonelami,66001004,1–4 roky,Z,0,3
2022,12,CZ063,Kraj Vysočina,A02,Jiné infekce způsobené salmonelami,66005009,5–9 let,Z,0,1
2022,12,CZ063,Kraj Vysočina,A02,Jiné infekce způsobené salmonelami,66010014,10–14 let,M,0,1
2022,12,CZ063,Kraj Vysočina,A02,Jiné infekce způsobené salmonelami,66010014,10–14 let,Z,0,2
2022,12,CZ063,Kraj Vysočina,A02,Jiné infekce způsobené salmonelami,66015019,15–19 let,Z,0,1
2022,12,CZ063,Kraj Vysočina,A02,Jiné infekce způsobené salmonelami,66020024,20–24 let,M,0,2
2022,12,CZ063,Kraj Vysočina,A02,Jiné infekce způsobené salmonelami,66020024,20–24 let,Z,0,1
2022,12,CZ063,Kraj Vysočina,A02,Jiné infekce způsobené salmonelami,66030034,30–34 let,Z,0,1
2022,12,CZ063,Kraj Vysočina,A02,Jiné infekce způsobené salmonelami,66055059,55–59 let,M,0,1
2022,12,CZ063,Kraj Vysočina,A02,Jiné infekce způsobené salmonelami,66060064,60–64 let,Z,0,1
2022,12,CZ063,Kraj Vysočina,A02,Jiné infekce způsobené salmonelami,66075999,75+ let,M,0,1
2022,12,CZ063,Kraj Vysočina,A02,Jiné infekce způsobené salmonelami,66075999,75+ let,Z,0,1
2022,12,CZ063,Kraj Vysočina,A04,Jiné bakteriální střevní infekce,66000000,0 let,M,0,2
2022,12,CZ063,Kraj Vysočina,A04,Jiné bakteriální střevní infekce,66001004,1–4 roky,M,0,6
2022,12,CZ063,Kraj Vysočina,A04,Jiné bakteriální střevní infekce,66001004,1–4 roky,Z,0,8
2022,12,CZ063,Kraj Vysočina,A04,Jiné bakteriální střevní infekce,66005009,5–9 let,M,0,2
2022,12,CZ063,Kraj Vysočina,A04,Jiné bakteriální střevní infekce,66005009,5–9 let,Z,0,1
2022,12,CZ063,Kraj Vysočina,A04,Jiné bakteriální střevní infekce,66010014,10–14 let,M,0,1
2022,12,CZ063,Kraj Vysočina,A04,Jiné bakteriální střevní infekce,66010014,10–14 let,Z,0,1
2022,12,CZ063,Kraj Vysočina,A04,Jiné bakteriální střevní infekce,66015019,15–19 let,M,0,1
2022,12,CZ063,Kraj Vysočina,A04,Jiné bakteriální střevní infekce,66015019,15–19 let,Z,0,2
2022,12,CZ063,Kraj Vysočina,A04,Jiné bakteriální střevní infekce,66020024,20–24 let,M,0,1
2022,12,CZ063,Kraj Vysočina,A04,Jiné bakteriální střevní infekce,66020024,20–24 let,Z,0,1
2022,12,CZ063,Kraj Vysočina,A04,Jiné bakteriální střevní infekce,66025029,25–29 let,M,0,1
2022,12,CZ063,Kraj Vysočina,A04,Jiné bakteriální střevní infekce,66025029,25–29 let,Z,0,2
2022,12,CZ063,Kraj Vysočina,A04,Jiné bakteriální střevní infekce,66030034,30–34 let,M,0,3
2022,12,CZ063,Kraj Vysočina,A04,Jiné bakteriální střevní infekce,66030034,30–34 let,Z,0,1
2022,12,CZ063,Kraj Vysočina,A04,Jiné bakteriální střevní infekce,66035039,35–39 let,M,0,2
2022,12,CZ063,Kraj Vysočina,A04,Jiné bakteriální střevní infekce,66045049,45–49 let,M,0,1
2022,12,CZ063,Kraj Vysočina,A04,Jiné bakteriální střevní infekce,66045049,45–49 let,Z,0,1
2022,12,CZ063,Kraj Vysočina,A04,Jiné bakteriální střevní infekce,66050054,50–54 let,M,0,1
2022,12,CZ063,Kraj Vysočina,A04,Jiné bakteriální střevní infekce,66055059,55–59 let,M,0,3
2022,12,CZ063,Kraj Vysočina,A04,Jiné bakteriální střevní infekce,66055059,55–59 let,Z,0,2
2022,12,CZ063,Kraj Vysočina,A04,Jiné bakteriální střevní infekce,66060064,60–64 let,Z,0,3
2022,12,CZ063,Kraj Vysočina,A04,Jiné bakteriální střevní infekce,66065069,65–69 let,M,0,2
2022,12,CZ063,Kraj Vysočina,A04,Jiné bakteriální střevní infekce,66065069,65–69 let,Z,0,2
2022,12,CZ063,Kraj Vysočina,A04,Jiné bakteriální střevní infekce,66070074,70–74 let,M,0,3
2022,12,CZ063,Kraj Vysočina,A04,Jiné bakteriální střevní infekce,66070074,70–74 let,Z,0,1
2022,12,CZ063,Kraj Vysočina,A04,Jiné bakteriální střevní infekce,66075999,75+ let,M,0,7
2022,12,CZ063,Kraj Vysočina,A04,Jiné bakteriální střevní infekce,66075999,75+ let,Z,0,15
2022,12,CZ063,Kraj Vysočina,A08,Střevní infekce viry a jinými určenými mikroorganismy,66000000,0 let,M,0,4
2022,12,CZ063,Kraj Vysočina,A08,Střevní infekce viry a jinými určenými mikroorganismy,66000000,0 let,Z,0,3
2022,12,CZ063,Kraj Vysočina,A08,Střevní infekce viry a jinými určenými mikroorganismy,66001004,1–4 roky,M,0,3
2022,12,CZ063,Kraj Vysočina,A08,Střevní infekce viry a jinými určenými mikroorganismy,66001004,1–4 roky,Z,0,3
2022,12,CZ063,Kraj Vysočina,A08,Střevní infekce viry a jinými určenými mikroorganismy,66005009,5–9 let,M,0,1
2022,12,CZ063,Kraj Vysočina,A08,Střevní infekce viry a jinými určenými mikroorganismy,66005009,5–9 let,Z,0,2
2022,12,CZ063,Kraj Vysočina,A08,Střevní infekce viry a jinými určenými mikroorganismy,66010014,10–14 let,Z,0,1
2022,12,CZ063,Kraj Vysočina,A08,Střevní infekce viry a jinými určenými mikroorganismy,66035039,35–39 let,M,0,1
2022,12,CZ063,Kraj Vysočina,A08,Střevní infekce viry a jinými určenými mikroorganismy,66035039,35–39 let,Z,0,1
2022,12,CZ063,Kraj Vysočina,A08,Střevní infekce viry a jinými určenými mikroorganismy,66055059,55–59 let,M,0,1
2022,12,CZ063,Kraj Vysočina,A08,Střevní infekce viry a jinými určenými mikroorganismy,66075999,75+ let,Z,0,3
2022,12,CZ063,Kraj Vysočina,A21,Tularemie,66055059,55–59 let,Z,0,1
2022,12,CZ063,Kraj Vysočina,A27,Leptospiróza,66060064,60–64 let,M,0,1
2022,12,CZ063,Kraj Vysočina,A32,Listerióza [listeriosis],66075999,75+ let,Z,0,1
2022,12,CZ063,Kraj Vysočina,A38,Spála [scarlatina],66001004,1–4 roky,Z,0,2
2022,12,CZ063,Kraj Vysočina,A38,Spála [scarlatina],66005009,5–9 let,M,0,8
2022,12,CZ063,Kraj Vysočina,A38,Spála [scarlatina],66005009,5–9 let,Z,0,6
2022,12,CZ063,Kraj Vysočina,A38,Spála [scarlatina],66010014,10–14 let,Z,0,1
2022,12,CZ063,Kraj Vysočina,A38,Spála [scarlatina],66015019,15–19 let,M,0,1
2022,12,CZ063,Kraj Vysočina,A40,Streptokoková sepse,66045049,45–49 let,M,0,1
2022,12,CZ063,Kraj Vysočina,A40,Streptokoková sepse,66065069,65–69 let,M,0,2
2022,12,CZ063,Kraj Vysočina,A40,Streptokoková sepse,66065069,65–69 let,Z,0,1
2022,12,CZ063,Kraj Vysočina,A41,Jiná sepse,66000000,0 let,M,0,1
2022,12,CZ063,Kraj Vysočina,A41,Jiná sepse,66030034,30–34 let,Z,0,1
2022,12,CZ063,Kraj Vysočina,A41,Jiná sepse,66055059,55–59 let,M,0,1
2022,12,CZ063,Kraj Vysočina,A41,Jiná sepse,66055059,55–59 let,Z,0,1
2022,12,CZ063,Kraj Vysočina,A41,Jiná sepse,66060064,60–64 let,M,0,2
2022,12,CZ063,Kraj Vysočina,A41,Jiná sepse,66065069,65–69 let,Z,0,1
2022,12,CZ063,Kraj Vysočina,A41,Jiná sepse,66070074,70–74 let,M,0,4
2022,12,CZ063,Kraj Vysočina,A41,Jiná sepse,66075999,75+ let,M,0,9
2022,12,CZ063,Kraj Vysočina,A41,Jiná sepse,66075999,75+ let,Z,0,4
2022,12,CZ063,Kraj Vysočina,A46,Růže – erysipel,66055059,55–59 let,M,0,2
2022,12,CZ063,Kraj Vysočina,A46,Růže – erysipel,66055059,55–59 let,Z,0,1
2022,12,CZ063,Kraj Vysočina,A46,Růže – erysipel,66060064,60–64 let,M,0,1
2022,12,CZ063,Kraj Vysočina,A46,Růže – erysipel,66070074,70–74 let,M,0,1
2022,12,CZ063,Kraj Vysočina,A46,Růže – erysipel,66075999,75+ let,M,0,3
2022,12,CZ063,Kraj Vysočina,A46,Růže – erysipel,66075999,75+ let,Z,0,3
2022,12,CZ063,Kraj Vysočina,A48,Jiné bakteriální nemoci nezařazené jinde,66070074,70–74 let,Z,0,1
2022,12,CZ063,Kraj Vysočina,A56,Jiná chlamydiová onemocnění přenášená pohlavním stykem,66020024,20–24 let,Z,0,2
2022,12,CZ063,Kraj Vysočina,A56,Jiná chlamydiová onemocnění přenášená pohlavním stykem,66030034,30–34 let,M,0,1
2022,12,CZ063,Kraj Vysočina,A56,Jiná chlamydiová onemocnění přenášená pohlavním stykem,66050054,50–54 let,M,0,1
2022,12,CZ063,Kraj Vysočina,A69,Jiné spirochetové infekce,66005009,5–9 let,Z,0,2
2022,12,CZ063,Kraj Vysočina,A69,Jiné spirochetové infekce,66010014,10–14 let,M,0,1
2022,12,CZ063,Kraj Vysočina,A69,Jiné spirochetové infekce,66015019,15–19 let,Z,0,1
2022,12,CZ063,Kraj Vysočina,A69,Jiné spirochetové infekce,66020024,20–24 let,M,0,1
2022,12,CZ063,Kraj Vysočina,A69,Jiné spirochetové infekce,66020024,20–24 let,Z,0,2
2022,12,CZ063,Kraj Vysočina,A69,Jiné spirochetové infekce,66025029,25–29 let,M,0,1
2022,12,CZ063,Kraj Vysočina,A69,Jiné spirochetové infekce,66030034,30–34 let,M,0,1
2022,12,CZ063,Kraj Vysočina,A69,Jiné spirochetové infekce,66035039,35–39 let,Z,0,1
2022,12,CZ063,Kraj Vysočina,A69,Jiné spirochetové infekce,66040044,40–44 let,M,0,3
2022,12,CZ063,Kraj Vysočina,A69,Jiné spirochetové infekce,66040044,40–44 let,Z,0,1
2022,12,CZ063,Kraj Vysočina,A69,Jiné spirochetové infekce,66045049,45–49 let,M,0,2
2022,12,CZ063,Kraj Vysočina,A69,Jiné spirochetové infekce,66050054,50–54 let,M,0,1
2022,12,CZ063,Kraj Vysočina,A69,Jiné spirochetové infekce,66050054,50–54 let,Z,0,2
2022,12,CZ063,Kraj Vysočina,A69,Jiné spirochetové infekce,66055059,55–59 let,M,0,3
2022,12,CZ063,Kraj Vysočina,A69,Jiné spirochetové infekce,66055059,55–59 let,Z,0,4
2022,12,CZ063,Kraj Vysočina,A69,Jiné spirochetové infekce,66060064,60–64 let,M,0,1
2022,12,CZ063,Kraj Vysočina,A69,Jiné spirochetové infekce,66060064,60–64 let,Z,0,2
2022,12,CZ063,Kraj Vysočina,A69,Jiné spirochetové infekce,66065069,65–69 let,M,0,4
2022,12,CZ063,Kraj Vysočina,A69,Jiné spirochetové infekce,66065069,65–69 let,Z,0,1
2022,12,CZ063,Kraj Vysočina,A69,Jiné spirochetové infekce,66070074,70–74 let,Z,0,4
2022,12,CZ063,Kraj Vysočina,A69,Jiné spirochetové infekce,66075999,75+ let,Z,0,2
2022,12,CZ063,Kraj Vysočina,A84,Virová encefalitida přenášená klíšťaty,66020024,20–24 let,M,0,1
2022,12,CZ063,Kraj Vysočina,A84,Virová encefalitida přenášená klíšťaty,66035039,35–39 let,Z,0,1
2022,12,CZ063,Kraj Vysočina,A87,Virová meningitida,66040044,40–44 let,Z,0,1
2022,12,CZ063,Kraj Vysočina,A87,Virová meningitida,66055059,55–59 let,M,0,1
2022,12,CZ063,Kraj Vysočina,B01,Plané neštovice [varicella],66000000,0 let,M,0,3
2022,12,CZ063,Kraj Vysočina,B01,Plané neštovice [varicella],66000000,0 let,Z,0,1
2022,12,CZ063,Kraj Vysočina,B01,Plané neštovice [varicella],66001004,1–4 roky,M,0,57
2022,12,CZ063,Kraj Vysočina,B01,Plané neštovice [varicella],66001004,1–4 roky,Z,0,58
2022,12,CZ063,Kraj Vysočina,B01,Plané neštovice [varicella],66005009,5–9 let,M,0,62
2022,12,CZ063,Kraj Vysočina,B01,Plané neštovice [varicella],66005009,5–9 let,Z,0,57
2022,12,CZ063,Kraj Vysočina,B01,Plané neštovice [varicella],66010014,10–14 let,M,0,7
2022,12,CZ063,Kraj Vysočina,B01,Plané neštovice [varicella],66010014,10–14 let,Z,0,1
2022,12,CZ063,Kraj Vysočina,B01,Plané neštovice [varicella],66015019,15–19 let,M,0,1
2022,12,CZ063,Kraj Vysočina,B01,Plané neštovice [varicella],66015019,15–19 let,Z,0,1
2022,12,CZ063,Kraj Vysočina,B01,Plané neštovice [varicella],66020024,20–24 let,M,0,1
2022,12,CZ063,Kraj Vysočina,B01,Plané neštovice [varicella],66025029,25–29 let,M,0,1
2022,12,CZ063,Kraj Vysočina,B01,Plané neštovice [varicella],66030034,30–34 let,M,0,1
2022,12,CZ063,Kraj Vysočina,B02,Pásový opar [herpes zoster],66025029,25–29 let,M,0,1
2022,12,CZ063,Kraj Vysočina,B02,Pásový opar [herpes zoster],66040044,40–44 let,M,0,2
2022,12,CZ063,Kraj Vysočina,B02,Pásový opar [herpes zoster],66050054,50–54 let,M,0,2
2022,12,CZ063,Kraj Vysočina,B02,Pásový opar [herpes zoster],66050054,50–54 let,Z,0,2
2022,12,CZ063,Kraj Vysočina,B02,Pásový opar [herpes zoster],66060064,60–64 let,M,0,2
2022,12,CZ063,Kraj Vysočina,B02,Pásový opar [herpes zoster],66065069,65–69 let,M,0,1
2022,12,CZ063,Kraj Vysočina,B02,Pásový opar [herpes zoster],66065069,65–69 let,Z,0,2
2022,12,CZ063,Kraj Vysočina,B02,Pásový opar [herpes zoster],66070074,70–74 let,M,0,2
2022,12,CZ063,Kraj Vysočina,B02,Pásový opar [herpes zoster],66070074,70–74 let,Z,0,3
2022,12,CZ063,Kraj Vysočina,B02,Pásový opar [herpes zoster],66075999,75+ let,M,0,1
2022,12,CZ063,Kraj Vysočina,B02,Pásový opar [herpes zoster],66075999,75+ let,Z,0,4
2022,12,CZ063,Kraj Vysočina,B08,Jiné virové infekce charakterizované postižením kůže a sliznic NJ,66000000,0 let,Z,0,3
2022,12,CZ063,Kraj Vysočina,B08,Jiné virové infekce charakterizované postižením kůže a sliznic NJ,66001004,1–4 roky,M,0,4
2022,12,CZ063,Kraj Vysočina,B08,Jiné virové infekce charakterizované postižením kůže a sliznic NJ,66001004,1–4 roky,Z,0,3
2022,12,CZ063,Kraj Vysočina,B08,Jiné virové infekce charakterizované postižením kůže a sliznic NJ,66005009,5–9 let,M,0,4
2022,12,CZ063,Kraj Vysočina,B08,Jiné virové infekce charakterizované postižením kůže a sliznic NJ,66015019,15–19 let,Z,0,1
2022,12,CZ063,Kraj Vysočina,B15,Akutní hepatitida A,66025029,25–29 let,M,0,1
2022,12,CZ063,Kraj Vysočina,B17,Jiná akutní virová hepatitida,66075999,75+ let,Z,0,1
2022,12,CZ063,Kraj Vysočina,B18,Chronická virová hepatitida,66025029,25–29 let,Z,0,1
2022,12,CZ063,Kraj Vysočina,B18,Chronická virová hepatitida,66030034,30–34 let,M,0,1
2022,12,CZ063,Kraj Vysočina,B18,Chronická virová hepatitida,66040044,40–44 let,M,0,1
2022,12,CZ063,Kraj Vysočina,B18,Chronická virová hepatitida,66045049,45–49 let,Z,0,1
2022,12,CZ063,Kraj Vysočina,B18,Chronická virová hepatitida,66050054,50–54 let,M,0,2
2022,12,CZ063,Kraj Vysočina,B18,Chronická virová hepatitida,66050054,50–54 let,Z,0,1
2022,12,CZ063,Kraj Vysočina,B26,Příušnice [parotitis epidemica],66010014,10–14 let,Z,0,1
2022,12,CZ063,Kraj Vysočina,B27,Infekční mononukleóza,66015019,15–19 let,Z,0,2
2022,12,CZ063,Kraj Vysočina,B27,Infekční mononukleóza,66040044,40–44 let,M,0,1
2022,12,CZ063,Kraj Vysočina,B50,Malárie‚ původce: Plasmodium falciparum,66045049,45–49 let,M,0,1
2022,12,CZ063,Kraj Vysočina,B58,Toxoplazmóza [toxoplasmosis],66015019,15–19 let,M,0,1
2022,12,CZ063,Kraj Vysočina,B80,Enterobióza [enterobiasis],66001004,1–4 roky,Z,0,1
2022,12,CZ063,Kraj Vysočina,B80,Enterobióza [enterobiasis],66005009,5–9 let,Z,0,1
2022,12,CZ063,Kraj Vysočina,B86,Svrab [scabies],66001004,1–4 roky,M,0,1
2022,12,CZ063,Kraj Vysočina,B86,Svrab [scabies],66010014,10–14 let,M,0,1
2022,12,CZ063,Kraj Vysočina,B86,Svrab [scabies],66010014,10–14 let,Z,0,1
2022,12,CZ063,Kraj Vysočina,B86,Svrab [scabies],66015019,15–19 let,M,0,4
2022,12,CZ063,Kraj Vysočina,B86,Svrab [scabies],66015019,15–19 let,Z,0,1
2022,12,CZ063,Kraj Vysočina,B86,Svrab [scabies],66020024,20–24 let,M,0,4
2022,12,CZ063,Kraj Vysočina,B86,Svrab [scabies],66020024,20–24 let,Z,0,1
2022,12,CZ063,Kraj Vysočina,B86,Svrab [scabies],66025029,25–29 let,M,0,1
2022,12,CZ063,Kraj Vysočina,B86,Svrab [scabies],66025029,25–29 let,Z,0,1
2022,12,CZ063,Kraj Vysočina,B86,Svrab [scabies],66030034,30–34 let,Z,0,1
2022,12,CZ063,Kraj Vysočina,B86,Svrab [scabies],66035039,35–39 let,M,0,2
2022,12,CZ063,Kraj Vysočina,B86,Svrab [scabies],66040044,40–44 let,M,0,1
2022,12,CZ063,Kraj Vysočina,B86,Svrab [scabies],66040044,40–44 let,Z,0,1
2022,12,CZ063,Kraj Vysočina,B86,Svrab [scabies],66050054,50–54 let,Z,0,1
2022,12,CZ063,Kraj Vysočina,B86,Svrab [scabies],66060064,60–64 let,M,0,2
2022,12,CZ063,Kraj Vysočina,B86,Svrab [scabies],66075999,75+ let,Z,0,1
2022,12,CZ063,Kraj Vysočina,W54,Kousnutí nebo úder psem,66030034,30–34 let,Z,0,1
2022,1,CZ064,Jihomoravský kraj,A02,Jiné infekce způsobené salmonelami,66000000,0 let,M,0,1
2022,1,CZ064,Jihomoravský kraj,A02,Jiné infekce způsobené salmonelami,66001004,1–4 roky,M,0,5
2022,1,CZ064,Jihomoravský kraj,A02,Jiné infekce způsobené salmonelami,66001004,1–4 roky,Z,0,5
2022,1,CZ064,Jihomoravský kraj,A02,Jiné infekce způsobené salmonelami,66005009,5–9 let,M,0,4
2022,1,CZ064,Jihomoravský kraj,A02,Jiné infekce způsobené salmonelami,66005009,5–9 let,Z,0,7
2022,1,CZ064,Jihomoravský kraj,A02,Jiné infekce způsobené salmonelami,66010014,10–14 let,M,0,3
2022,1,CZ064,Jihomoravský kraj,A02,Jiné infekce způsobené salmonelami,66010014,10–14 let,Z,0,3
2022,1,CZ064,Jihomoravský kraj,A02,Jiné infekce způsobené salmonelami,66015019,15–19 let,M,0,2
2022,1,CZ064,Jihomoravský kraj,A02,Jiné infekce způsobené salmonelami,66020024,20–24 let,M,0,1
2022,1,CZ064,Jihomoravský kraj,A02,Jiné infekce způsobené salmonelami,66020024,20–24 let,Z,0,1
2022,1,CZ064,Jihomoravský kraj,A02,Jiné infekce způsobené salmonelami,66025029,25–29 let,Z,0,1
2022,1,CZ064,Jihomoravský kraj,A02,Jiné infekce způsobené salmonelami,66030034,30–34 let,M,0,1
2022,1,CZ064,Jihomoravský kraj,A02,Jiné infekce způsobené salmonelami,66030034,30–34 let,Z,0,1
2022,1,CZ064,Jihomoravský kraj,A02,Jiné infekce způsobené salmonelami,66035039,35–39 let,M,0,2
2022,1,CZ064,Jihomoravský kraj,A02,Jiné infekce způsobené salmonelami,66035039,35–39 let,Z,0,2
2022,1,CZ064,Jihomoravský kraj,A02,Jiné infekce způsobené salmonelami,66040044,40–44 let,M,0,1
2022,1,CZ064,Jihomoravský kraj,A02,Jiné infekce způsobené salmonelami,66045049,45–49 let,Z,0,1
2022,1,CZ064,Jihomoravský kraj,A02,Jiné infekce způsobené salmonelami,66050054,50–54 let,M,0,1
2022,1,CZ064,Jihomoravský kraj,A02,Jiné infekce způsobené salmonelami,66055059,55–59 let,M,0,2
2022,1,CZ064,Jihomoravský kraj,A02,Jiné infekce způsobené salmonelami,66060064,60–64 let,Z,0,1
2022,1,CZ064,Jihomoravský kraj,A02,Jiné infekce způsobené salmonelami,66065069,65–69 let,Z,0,1
2022,1,CZ064,Jihomoravský kraj,A02,Jiné infekce způsobené salmonelami,66070074,70–74 let,Z,0,1
2022,1,CZ064,Jihomoravský kraj,A02,Jiné infekce způsobené salmonelami,66075999,75+ let,M,0,3
2022,1,CZ064,Jihomoravský kraj,A02,Jiné infekce způsobené salmonelami,66075999,75+ let,Z,0,4
2022,1,CZ064,Jihomoravský kraj,A04,Jiné bakteriální střevní infekce,66000000,0 let,M,0,3
2022,1,CZ064,Jihomoravský kraj,A04,Jiné bakteriální střevní infekce,66000000,0 let,Z,0,4
2022,1,CZ064,Jihomoravský kraj,A04,Jiné bakteriální střevní infekce,66001004,1–4 roky,M,0,17
2022,1,CZ064,Jihomoravský kraj,A04,Jiné bakteriální střevní infekce,66001004,1–4 roky,Z,0,12
2022,1,CZ064,Jihomoravský kraj,A04,Jiné bakteriální střevní infekce,66005009,5–9 let,M,0,6
2022,1,CZ064,Jihomoravský kraj,A04,Jiné bakteriální střevní infekce,66005009,5–9 let,Z,0,8
2022,1,CZ064,Jihomoravský kraj,A04,Jiné bakteriální střevní infekce,66010014,10–14 let,M,0,3
2022,1,CZ064,Jihomoravský kraj,A04,Jiné bakteriální střevní infekce,66010014,10–14 let,Z,0,5
2022,1,CZ064,Jihomoravský kraj,A04,Jiné bakteriální střevní infekce,66015019,15–19 let,M,0,6
2022,1,CZ064,Jihomoravský kraj,A04,Jiné bakteriální střevní infekce,66015019,15–19 let,Z,0,2
2022,1,CZ064,Jihomoravský kraj,A04,Jiné bakteriální střevní infekce,66020024,20–24 let,M,0,8
2022,1,CZ064,Jihomoravský kraj,A04,Jiné bakteriální střevní infekce,66020024,20–24 let,Z,0,1
2022,1,CZ064,Jihomoravský kraj,A04,Jiné bakteriální střevní infekce,66025029,25–29 let,M,0,1
2022,1,CZ064,Jihomoravský kraj,A04,Jiné bakteriální střevní infekce,66025029,25–29 let,Z,0,1
2022,1,CZ064,Jihomoravský kraj,A04,Jiné bakteriální střevní infekce,66030034,30–34 let,M,0,5
2022,1,CZ064,Jihomoravský kraj,A04,Jiné bakteriální střevní infekce,66030034,30–34 let,Z,0,1
2022,1,CZ064,Jihomoravský kraj,A04,Jiné bakteriální střevní infekce,66035039,35–39 let,M,0,3
2022,1,CZ064,Jihomoravský kraj,A04,Jiné bakteriální střevní infekce,66035039,35–39 let,Z,0,6
2022,1,CZ064,Jihomoravský kraj,A04,Jiné bakteriální střevní infekce,66040044,40–44 let,M,0,1
2022,1,CZ064,Jihomoravský kraj,A04,Jiné bakteriální střevní infekce,66040044,40–44 let,Z,0,1
2022,1,CZ064,Jihomoravský kraj,A04,Jiné bakteriální střevní infekce,66045049,45–49 let,M,0,3
2022,1,CZ064,Jihomoravský kraj,A04,Jiné bakteriální střevní infekce,66045049,45–49 let,Z,0,5
2022,1,CZ064,Jihomoravský kraj,A04,Jiné bakteriální střevní infekce,66050054,50–54 let,M,0,1
2022,1,CZ064,Jihomoravský kraj,A04,Jiné bakteriální střevní infekce,66050054,50–54 let,Z,0,2
2022,1,CZ064,Jihomoravský kraj,A04,Jiné bakteriální střevní infekce,66055059,55–59 let,M,0,1
2022,1,CZ064,Jihomoravský kraj,A04,Jiné bakteriální střevní infekce,66055059,55–59 let,Z,0,3
2022,1,CZ064,Jihomoravský kraj,A04,Jiné bakteriální střevní infekce,66060064,60–64 let,M,0,3
2022,1,CZ064,Jihomoravský kraj,A04,Jiné bakteriální střevní infekce,66060064,60–64 let,Z,0,3
2022,1,CZ064,Jihomoravský kraj,A04,Jiné bakteriální střevní infekce,66065069,65–69 let,M,0,3
2022,1,CZ064,Jihomoravský kraj,A04,Jiné bakteriální střevní infekce,66065069,65–69 let,Z,0,2
2022,1,CZ064,Jihomoravský kraj,A04,Jiné bakteriální střevní infekce,66070074,70–74 let,M,0,2
2022,1,CZ064,Jihomoravský kraj,A04,Jiné bakteriální střevní infekce,66070074,70–74 let,Z,0,4
2022,1,CZ064,Jihomoravský kraj,A04,Jiné bakteriální střevní infekce,66075999,75+ let,M,0,9
2022,1,CZ064,Jihomoravský kraj,A04,Jiné bakteriální střevní infekce,66075999,75+ let,Z,0,20
2022,1,CZ064,Jihomoravský kraj,A07,Jiné protozoární střevní nemoci,66030034,30–34 let,M,0,1
2022,1,CZ064,Jihomoravský kraj,A07,Jiné protozoární střevní nemoci,66030034,30–34 let,Z,0,1
2022,1,CZ064,Jihomoravský kraj,A08,Střevní infekce viry a jinými určenými mikroorganismy,66000000,0 let,M,0,6
2022,1,CZ064,Jihomoravský kraj,A08,Střevní infekce viry a jinými určenými mikroorganismy,66000000,0 let,Z,0,6
2022,1,CZ064,Jihomoravský kraj,A08,Střevní infekce viry a jinými určenými mikroorganismy,66001004,1–4 roky,M,0,25
2022,1,CZ064,Jihomoravský kraj,A08,Střevní infekce viry a jinými určenými mikroorganismy,66001004,1–4 roky,Z,0,31
2022,1,CZ064,Jihomoravský kraj,A08,Střevní infekce viry a jinými určenými mikroorganismy,66005009,5–9 let,M,0,6
2022,1,CZ064,Jihomoravský kraj,A08,Střevní infekce viry a jinými určenými mikroorganismy,66005009,5–9 let,Z,0,4
2022,1,CZ064,Jihomoravský kraj,A08,Střevní infekce viry a jinými určenými mikroorganismy,66010014,10–14 let,M,0,1
2022,1,CZ064,Jihomoravský kraj,A08,Střevní infekce viry a jinými určenými mikroorganismy,66010014,10–14 let,Z,0,1
2022,1,CZ064,Jihomoravský kraj,A08,Střevní infekce viry a jinými určenými mikroorganismy,66015019,15–19 let,M,0,4
2022,1,CZ064,Jihomoravský kraj,A08,Střevní infekce viry a jinými určenými mikroorganismy,66025029,25–29 let,M,0,1
2022,1,CZ064,Jihomoravský kraj,A08,Střevní infekce viry a jinými určenými mikroorganismy,66025029,25–29 let,Z,0,1
2022,1,CZ064,Jihomoravský kraj,A08,Střevní infekce viry a jinými určenými mikroorganismy,66040044,40–44 let,Z,0,2
2022,1,CZ064,Jihomoravský kraj,A08,Střevní infekce viry a jinými určenými mikroorganismy,66045049,45–49 let,Z,0,1
2022,1,CZ064,Jihomoravský kraj,A08,Střevní infekce viry a jinými určenými mikroorganismy,66050054,50–54 let,Z,0,1
2022,1,CZ064,Jihomoravský kraj,A08,Střevní infekce viry a jinými určenými mikroorganismy,66055059,55–59 let,M,0,2
2022,1,CZ064,Jihomoravský kraj,A08,Střevní infekce viry a jinými určenými mikroorganismy,66055059,55–59 let,Z,0,2
2022,1,CZ064,Jihomoravský kraj,A08,Střevní infekce viry a jinými určenými mikroorganismy,66065069,65–69 let,M,0,3
2022,1,CZ064,Jihomoravský kraj,A08,Střevní infekce viry a jinými určenými mikroorganismy,66070074,70–74 let,M,0,2
2022,1,CZ064,Jihomoravský kraj,A08,Střevní infekce viry a jinými určenými mikroorganismy,66075999,75+ let,M,0,4
2022,1,CZ064,Jihomoravský kraj,A08,Střevní infekce viry a jinými určenými mikroorganismy,66075999,75+ let,Z,0,5
2022,1,CZ064,Jihomoravský kraj,A09,Jiná gastroenteritida a kolitida infekčního a NS původu,66005009,5–9 let,M,0,2
2022,1,CZ064,Jihomoravský kraj,A09,Jiná gastroenteritida a kolitida infekčního a NS původu,66015019,15–19 let,Z,0,2
2022,1,CZ064,Jihomoravský kraj,A09,Jiná gastroenteritida a kolitida infekčního a NS původu,66020024,20–24 let,M,0,2
2022,1,CZ064,Jihomoravský kraj,A09,Jiná gastroenteritida a kolitida infekčního a NS původu,66020024,20–24 let,Z,0,4
2022,1,CZ064,Jihomoravský kraj,A09,Jiná gastroenteritida a kolitida infekčního a NS původu,66025029,25–29 let,M,0,2
2022,1,CZ064,Jihomoravský kraj,A09,Jiná gastroenteritida a kolitida infekčního a NS původu,66030034,30–34 let,Z,0,4
2022,1,CZ064,Jihomoravský kraj,A09,Jiná gastroenteritida a kolitida infekčního a NS původu,66035039,35–39 let,M,0,2
2022,1,CZ064,Jihomoravský kraj,A09,Jiná gastroenteritida a kolitida infekčního a NS původu,66035039,35–39 let,Z,0,2
2022,1,CZ064,Jihomoravský kraj,A09,Jiná gastroenteritida a kolitida infekčního a NS původu,66040044,40–44 let,M,0,4
2022,1,CZ064,Jihomoravský kraj,A09,Jiná gastroenteritida a kolitida infekčního a NS původu,66040044,40–44 let,Z,0,4
2022,1,CZ064,Jihomoravský kraj,A09,Jiná gastroenteritida a kolitida infekčního a NS původu,66045049,45–49 let,M,0,4
2022,1,CZ064,Jihomoravský kraj,A09,Jiná gastroenteritida a kolitida infekčního a NS původu,66045049,45–49 let,Z,0,8
2022,1,CZ064,Jihomoravský kraj,A09,Jiná gastroenteritida a kolitida infekčního a NS původu,66050054,50–54 let,M,0,4
2022,1,CZ064,Jihomoravský kraj,A09,Jiná gastroenteritida a kolitida infekčního a NS původu,66050054,50–54 let,Z,0,4
2022,1,CZ064,Jihomoravský kraj,A09,Jiná gastroenteritida a kolitida infekčního a NS původu,66055059,55–59 let,M,0,4
2022,1,CZ064,Jihomoravský kraj,A09,Jiná gastroenteritida a kolitida infekčního a NS původu,66055059,55–59 let,Z,0,4
2022,1,CZ064,Jihomoravský kraj,A09,Jiná gastroenteritida a kolitida infekčního a NS původu,66060064,60–64 let,M,0,4
2022,1,CZ064,Jihomoravský kraj,A09,Jiná gastroenteritida a kolitida infekčního a NS původu,66060064,60–64 let,Z,0,6
2022,1,CZ064,Jihomoravský kraj,A09,Jiná gastroenteritida a kolitida infekčního a NS původu,66065069,65–69 let,M,0,6
2022,1,CZ064,Jihomoravský kraj,A09,Jiná gastroenteritida a kolitida infekčního a NS původu,66065069,65–69 let,Z,0,2
2022,1,CZ064,Jihomoravský kraj,A09,Jiná gastroenteritida a kolitida infekčního a NS původu,66070074,70–74 let,M,0,6
2022,1,CZ064,Jihomoravský kraj,A09,Jiná gastroenteritida a kolitida infekčního a NS původu,66070074,70–74 let,Z,0,4
2022,1,CZ064,Jihomoravský kraj,A09,Jiná gastroenteritida a kolitida infekčního a NS původu,66075999,75+ let,M,0,4
2022,1,CZ064,Jihomoravský kraj,A09,Jiná gastroenteritida a kolitida infekčního a NS původu,66075999,75+ let,Z,0,22
2022,1,CZ064,Jihomoravský kraj,A38,Spála [scarlatina],66001004,1–4 roky,Z,0,1
2022,1,CZ064,Jihomoravský kraj,A38,Spála [scarlatina],66005009,5–9 let,M,0,2
2022,1,CZ064,Jihomoravský kraj,A38,Spála [scarlatina],66005009,5–9 let,Z,0,2
2022,1,CZ064,Jihomoravský kraj,A38,Spála [scarlatina],66010014,10–14 let,M,0,1
2022,1,CZ064,Jihomoravský kraj,A46,Růže – erysipel,66040044,40–44 let,M,0,1
2022,1,CZ064,Jihomoravský kraj,A46,Růže – erysipel,66040044,40–44 let,Z,0,1
2022,1,CZ064,Jihomoravský kraj,A46,Růže – erysipel,66045049,45–49 let,M,0,2
2022,1,CZ064,Jihomoravský kraj,A46,Růže – erysipel,66065069,65–69 let,M,0,1
2022,1,CZ064,Jihomoravský kraj,A46,Růže – erysipel,66070074,70–74 let,Z,0,2
2022,1,CZ064,Jihomoravský kraj,A46,Růže – erysipel,66075999,75+ let,M,0,1
2022,1,CZ064,Jihomoravský kraj,A46,Růže – erysipel,66075999,75+ let,Z,0,2
2022,1,CZ064,Jihomoravský kraj,A48,Jiné bakteriální nemoci nezařazené jinde,66075999,75+ let,M,0,1
2022,1,CZ064,Jihomoravský kraj,A56,Jiná chlamydiová onemocnění přenášená pohlavním stykem,66020024,20–24 let,M,0,2
2022,1,CZ064,Jihomoravský kraj,A56,Jiná chlamydiová onemocnění přenášená pohlavním stykem,66020024,20–24 let,Z,0,3
2022,1,CZ064,Jihomoravský kraj,A56,Jiná chlamydiová onemocnění přenášená pohlavním stykem,66025029,25–29 let,M,0,1
2022,1,CZ064,Jihomoravský kraj,A56,Jiná chlamydiová onemocnění přenášená pohlavním stykem,66025029,25–29 let,Z,0,1
2022,1,CZ064,Jihomoravský kraj,A56,Jiná chlamydiová onemocnění přenášená pohlavním stykem,66030034,30–34 let,M,0,1
2022,1,CZ064,Jihomoravský kraj,A56,Jiná chlamydiová onemocnění přenášená pohlavním stykem,66030034,30–34 let,Z,0,2
2022,1,CZ064,Jihomoravský kraj,A69,Jiné spirochetové infekce,66015019,15–19 let,Z,0,1
2022,1,CZ064,Jihomoravský kraj,A69,Jiné spirochetové infekce,66020024,20–24 let,M,0,1
2022,1,CZ064,Jihomoravský kraj,A69,Jiné spirochetové infekce,66045049,45–49 let,M,0,1
2022,1,CZ064,Jihomoravský kraj,A69,Jiné spirochetové infekce,66050054,50–54 let,M,0,1
2022,1,CZ064,Jihomoravský kraj,A69,Jiné spirochetové infekce,66070074,70–74 let,Z,0,1
2022,1,CZ064,Jihomoravský kraj,B01,Plané neštovice [varicella],66000000,0 let,M,0,2
2022,1,CZ064,Jihomoravský kraj,B01,Plané neštovice [varicella],66000000,0 let,Z,0,4
2022,1,CZ064,Jihomoravský kraj,B01,Plané neštovice [varicella],66001004,1–4 roky,M,0,76
2022,1,CZ064,Jihomoravský kraj,B01,Plané neštovice [varicella],66001004,1–4 roky,Z,0,74
2022,1,CZ064,Jihomoravský kraj,B01,Plané neštovice [varicella],66005009,5–9 let,M,0,98
2022,1,CZ064,Jihomoravský kraj,B01,Plané neštovice [varicella],66005009,5–9 let,Z,0,103
2022,1,CZ064,Jihomoravský kraj,B01,Plané neštovice [varicella],66010014,10–14 let,M,0,22
2022,1,CZ064,Jihomoravský kraj,B01,Plané neštovice [varicella],66010014,10–14 let,Z,0,9
2022,1,CZ064,Jihomoravský kraj,B01,Plané neštovice [varicella],66015019,15–19 let,M,0,1
2022,1,CZ064,Jihomoravský kraj,B01,Plané neštovice [varicella],66015019,15–19 let,Z,0,1
2022,1,CZ064,Jihomoravský kraj,B01,Plané neštovice [varicella],66075999,75+ let,Z,0,1
2022,1,CZ064,Jihomoravský kraj,B02,Pásový opar [herpes zoster],66010014,10–14 let,Z,0,1
2022,1,CZ064,Jihomoravský kraj,B02,Pásový opar [herpes zoster],66020024,20–24 let,M,0,1
2022,1,CZ064,Jihomoravský kraj,B02,Pásový opar [herpes zoster],66025029,25–29 let,M,0,1
2022,1,CZ064,Jihomoravský kraj,B02,Pásový opar [herpes zoster],66025029,25–29 let,Z,0,2
2022,1,CZ064,Jihomoravský kraj,B02,Pásový opar [herpes zoster],66050054,50–54 let,Z,0,1
2022,1,CZ064,Jihomoravský kraj,B02,Pásový opar [herpes zoster],66055059,55–59 let,M,0,1
2022,1,CZ064,Jihomoravský kraj,B02,Pásový opar [herpes zoster],66055059,55–59 let,Z,0,1
2022,1,CZ064,Jihomoravský kraj,B02,Pásový opar [herpes zoster],66065069,65–69 let,M,0,2
2022,1,CZ064,Jihomoravský kraj,B02,Pásový opar [herpes zoster],66065069,65–69 let,Z,0,2
2022,1,CZ064,Jihomoravský kraj,B02,Pásový opar [herpes zoster],66070074,70–74 let,M,0,2
2022,1,CZ064,Jihomoravský kraj,B02,Pásový opar [herpes zoster],66075999,75+ let,M,0,1
2022,1,CZ064,Jihomoravský kraj,B02,Pásový opar [herpes zoster],66075999,75+ let,Z,0,4
2022,1,CZ064,Jihomoravský kraj,B08,Jiné virové infekce charakterizované postižením kůže a sliznic NJ,66000000,0 let,Z,0,2
2022,1,CZ064,Jihomoravský kraj,B08,Jiné virové infekce charakterizované postižením kůže a sliznic NJ,66001004,1–4 roky,M,0,1
2022,1,CZ064,Jihomoravský kraj,B17,Jiná akutní virová hepatitida,66025029,25–29 let,M,0,1
2022,1,CZ064,Jihomoravský kraj,B17,Jiná akutní virová hepatitida,66055059,55–59 let,Z,0,1
2022,1,CZ064,Jihomoravský kraj,B27,Infekční mononukleóza,66001004,1–4 roky,Z,0,1
2022,1,CZ064,Jihomoravský kraj,B27,Infekční mononukleóza,66005009,5–9 let,M,0,1
2022,1,CZ064,Jihomoravský kraj,B27,Infekční mononukleóza,66005009,5–9 let,Z,0,1
2022,1,CZ064,Jihomoravský kraj,B27,Infekční mononukleóza,66010014,10–14 let,Z,0,1
2022,1,CZ064,Jihomoravský kraj,B27,Infekční mononukleóza,66015019,15–19 let,M,0,1
2022,1,CZ064,Jihomoravský kraj,B27,Infekční mononukleóza,66015019,15–19 let,Z,0,3
2022,1,CZ064,Jihomoravský kraj,B35,Dermatofytóza,66075999,75+ let,M,0,1
2022,1,CZ064,Jihomoravský kraj,B58,Toxoplazmóza [toxoplasmosis],66035039,35–39 let,M,0,1
2022,1,CZ064,Jihomoravský kraj,B80,Enterobióza [enterobiasis],66001004,1–4 roky,M,0,2
2022,1,CZ064,Jihomoravský kraj,B80,Enterobióza [enterobiasis],66001004,1–4 roky,Z,0,3
2022,1,CZ064,Jihomoravský kraj,B80,Enterobióza [enterobiasis],66005009,5–9 let,M,0,7
2022,1,CZ064,Jihomoravský kraj,B80,Enterobióza [enterobiasis],66005009,5–9 let,Z,0,5
2022,1,CZ064,Jihomoravský kraj,B80,Enterobióza [enterobiasis],66010014,10–14 let,Z,0,5
2022,1,CZ064,Jihomoravský kraj,B86,Svrab [scabies],66010014,10–14 let,M,0,1
2022,1,CZ064,Jihomoravský kraj,B86,Svrab [scabies],66015019,15–19 let,M,0,3
2022,1,CZ064,Jihomoravský kraj,B86,Svrab [scabies],66015019,15–19 let,Z,0,4
2022,1,CZ064,Jihomoravský kraj,B86,Svrab [scabies],66020024,20–24 let,M,0,1
2022,1,CZ064,Jihomoravský kraj,B86,Svrab [scabies],66020024,20–24 let,Z,0,1
2022,1,CZ064,Jihomoravský kraj,B86,Svrab [scabies],66025029,25–29 let,M,0,2
2022,1,CZ064,Jihomoravský kraj,B86,Svrab [scabies],66025029,25–29 let,Z,0,3
2022,1,CZ064,Jihomoravský kraj,B86,Svrab [scabies],66035039,35–39 let,M,0,1
2022,1,CZ064,Jihomoravský kraj,B86,Svrab [scabies],66040044,40–44 let,M,0,1
2022,1,CZ064,Jihomoravský kraj,B86,Svrab [scabies],66040044,40–44 let,Z,0,4
2022,1,CZ064,Jihomoravský kraj,B86,Svrab [scabies],66045049,45–49 let,M,0,1
2022,1,CZ064,Jihomoravský kraj,B86,Svrab [scabies],66045049,45–49 let,Z,0,2
2022,1,CZ064,Jihomoravský kraj,B86,Svrab [scabies],66055059,55–59 let,M,0,2
2022,1,CZ064,Jihomoravský kraj,B86,Svrab [scabies],66060064,60–64 let,M,0,1
2022,1,CZ064,Jihomoravský kraj,B86,Svrab [scabies],66065069,65–69 let,M,0,1
2022,1,CZ064,Jihomoravský kraj,B86,Svrab [scabies],66075999,75+ let,M,0,2
2022,1,CZ064,Jihomoravský kraj,B86,Svrab [scabies],66075999,75+ let,Z,0,5
2022,1,CZ064,Jihomoravský kraj,B95,Streptokok a stafylokok jako příčina nemoci zařazené do jiných kapitol,66055059,55–59 let,M,0,1
2022,1,CZ064,Jihomoravský kraj,B95,Streptokok a stafylokok jako příčina nemoci zařazené do jiných kapitol,66065069,65–69 let,Z,0,1
2022,1,CZ064,Jihomoravský kraj,B95,Streptokok a stafylokok jako příčina nemoci zařazené do jiných kapitol,66075999,75+ let,M,0,1
2022,1,CZ064,Jihomoravský kraj,B95,Streptokok a stafylokok jako příčina nemoci zařazené do jiných kapitol,66075999,75+ let,Z,0,1
2022,1,CZ064,Jihomoravský kraj,G00,Bakteriální zánět mozkových a míšních plen (bakter. meningitida) NJ,66075999,75+ let,M,0,1
2022,1,CZ064,Jihomoravský kraj,J10,Chřipka způsobená identifikovaným sezónním chřipkovým virem,66010014,10–14 let,M,0,1
2022,1,CZ064,Jihomoravský kraj,J13,Zánět plic‚ původce: Streptococcus pneumoniae,66075999,75+ let,M,0,2
2022,1,CZ064,Jihomoravský kraj,W54,Kousnutí nebo úder psem,66060064,60–64 let,M,0,1
2022,2,CZ064,Jihomoravský kraj,A02,Jiné infekce způsobené salmonelami,66000000,0 let,M,0,1
2022,2,CZ064,Jihomoravský kraj,A02,Jiné infekce způsobené salmonelami,66001004,1–4 roky,M,0,4
2022,2,CZ064,Jihomoravský kraj,A02,Jiné infekce způsobené salmonelami,66001004,1–4 roky,Z,0,5
2022,2,CZ064,Jihomoravský kraj,A02,Jiné infekce způsobené salmonelami,66005009,5–9 let,M,0,1
2022,2,CZ064,Jihomoravský kraj,A02,Jiné infekce způsobené salmonelami,66005009,5–9 let,Z,0,2
2022,2,CZ064,Jihomoravský kraj,A02,Jiné infekce způsobené salmonelami,66010014,10–14 let,Z,0,2
2022,2,CZ064,Jihomoravský kraj,A02,Jiné infekce způsobené salmonelami,66025029,25–29 let,Z,0,1
2022,2,CZ064,Jihomoravský kraj,A02,Jiné infekce způsobené salmonelami,66030034,30–34 let,Z,0,1
2022,2,CZ064,Jihomoravský kraj,A02,Jiné infekce způsobené salmonelami,66035039,35–39 let,Z,0,1
2022,2,CZ064,Jihomoravský kraj,A02,Jiné infekce způsobené salmonelami,66040044,40–44 let,Z,0,1
2022,2,CZ064,Jihomoravský kraj,A02,Jiné infekce způsobené salmonelami,66045049,45–49 let,M,0,2
2022,2,CZ064,Jihomoravský kraj,A02,Jiné infekce způsobené salmonelami,66045049,45–49 let,Z,0,1
2022,2,CZ064,Jihomoravský kraj,A02,Jiné infekce způsobené salmonelami,66050054,50–54 let,M,0,1
2022,2,CZ064,Jihomoravský kraj,A02,Jiné infekce způsobené salmonelami,66050054,50–54 let,Z,0,1
2022,2,CZ064,Jihomoravský kraj,A02,Jiné infekce způsobené salmonelami,66070074,70–74 let,M,0,1
2022,2,CZ064,Jihomoravský kraj,A02,Jiné infekce způsobené salmonelami,66070074,70–74 let,Z,0,1
2022,2,CZ064,Jihomoravský kraj,A02,Jiné infekce způsobené salmonelami,66075999,75+ let,M,0,1
2022,2,CZ064,Jihomoravský kraj,A02,Jiné infekce způsobené salmonelami,66075999,75+ let,Z,0,1
2022,2,CZ064,Jihomoravský kraj,A03,Shigelóza,66035039,35–39 let,M,0,1
2022,2,CZ064,Jihomoravský kraj,A04,Jiné bakteriální střevní infekce,66000000,0 let,M,0,9
2022,2,CZ064,Jihomoravský kraj,A04,Jiné bakteriální střevní infekce,66000000,0 let,Z,0,1
2022,2,CZ064,Jihomoravský kraj,A04,Jiné bakteriální střevní infekce,66001004,1–4 roky,M,0,15
2022,2,CZ064,Jihomoravský kraj,A04,Jiné bakteriální střevní infekce,66001004,1–4 roky,Z,0,12
2022,2,CZ064,Jihomoravský kraj,A04,Jiné bakteriální střevní infekce,66005009,5–9 let,M,0,2
2022,2,CZ064,Jihomoravský kraj,A04,Jiné bakteriální střevní infekce,66005009,5–9 let,Z,0,3
2022,2,CZ064,Jihomoravský kraj,A04,Jiné bakteriální střevní infekce,66010014,10–14 let,M,0,5
2022,2,CZ064,Jihomoravský kraj,A04,Jiné bakteriální střevní infekce,66010014,10–14 let,Z,0,1
2022,2,CZ064,Jihomoravský kraj,A04,Jiné bakteriální střevní infekce,66015019,15–19 let,M,0,1
2022,2,CZ064,Jihomoravský kraj,A04,Jiné bakteriální střevní infekce,66015019,15–19 let,Z,0,6
2022,2,CZ064,Jihomoravský kraj,A04,Jiné bakteriální střevní infekce,66020024,20–24 let,M,0,2
2022,2,CZ064,Jihomoravský kraj,A04,Jiné bakteriální střevní infekce,66020024,20–24 let,Z,0,4
2022,2,CZ064,Jihomoravský kraj,A04,Jiné bakteriální střevní infekce,66025029,25–29 let,M,0,1
2022,2,CZ064,Jihomoravský kraj,A04,Jiné bakteriální střevní infekce,66025029,25–29 let,Z,0,2
2022,2,CZ064,Jihomoravský kraj,A04,Jiné bakteriální střevní infekce,66030034,30–34 let,M,0,2
2022,2,CZ064,Jihomoravský kraj,A04,Jiné bakteriální střevní infekce,66030034,30–34 let,Z,0,2
2022,2,CZ064,Jihomoravský kraj,A04,Jiné bakteriální střevní infekce,66035039,35–39 let,M,0,3
